hit_id,smiles,vina_PD-L1,vina_CD73,dual_score
HIT_0001,N#Cc1cc(N2C[C@H]3C[C@H](N4CC[C@@]45CCOc4cc(F)ccc45)C[C@H]3C2)c(F)cc1O,-8.702,-7.213,-15.915
HIT_0002,C[C@@H]1CC2(CCCC2)CN1c1cccc2[nH]c3c(=O)n(C(=O)[C@]4(C)CCCCO4)c(=O)[nH]c3c12,-8.879,-6.791,-15.67
HIT_0003,O=C1c2c(cccc2N2CCc3ccc(F)cc32)CN1[C@@]1(C(=O)O)CCCc2c(O)cccc21,-8.313,-7.303,-15.616
HIT_0004,O=C([C@H]1NCCc2cc(F)ccc21)N1CCc2cc(N3CCCc4cccnc43)ccc21,-7.887,-7.52,-15.407
HIT_0005,C[C@]1(C(=O)N2CCC[C@@]23CCc2cc(F)ccc23)CCN(c2cccc3c2C2(CC2)C(=O)N3)C1,-8.719,-6.564,-15.283
HIT_0006,C[C@H]1CNC(=O)CCN1c1ccc2c(c1)OCCN2c1ccc(C#N)c(F)c1,-8.443,-6.834,-15.277
HIT_0007,Cc1ccc(C#N)cc1-c1ccc2c(n1)N(c1cccc(F)c1O)CC2,-8.736,-6.527,-15.263000000000002
HIT_0008,CC1=C[C@@]2(Nc3ncc(F)cc3C(=O)N2c2ccc3c(c2)CNCC3)[C@H]2CCC[C@H]12,-8.905,-6.327,-15.232
HIT_0009,Cc1nn(C)c(C(=O)O)c1N1CCN(C)c2ccc(N3CCCc4c(C#N)cccc43)cc2C1,-7.925,-7.255,-15.18
HIT_0010,Cc1cc(C(=O)N2CCC(=O)NC[C@@H]2C)c(N2Cc3ccccc3[C@H](C)C2)cc1F,-8.822,-6.304,-15.126
HIT_0011,O=C(N[C@@H]1CCCc2c(F)cccc21)C1(O)CCN([C@@H]2COCc3ccc(Cl)cc32)CC1,-8.354,-6.767,-15.120999999999999
HIT_0012,O=C1CN(C(=O)c2cc(N3CCCC(=O)c4ccccc43)cc3c2NCCC3)CCCN1,-8.305,-6.786,-15.091
HIT_0013,c1ccc2c(c1)CCN2[C@H]1CCCCN(c2cccc3c2CCN2CCNC[C@H]32)C1,-8.514,-6.545,-15.059
HIT_0014,C[C@@H]1CN(c2cnc(C=O)c(-c3nc4c5c(c(C6CC6)nc4o3)CCCC5)c2)CC[C@]1(C)O,-7.43,-7.606,-15.036
HIT_0015,N[C@@H]1COc2c1ccc(N1CCc3cccc(F)c3C1)c2-c1ccc2c(c1)CCO2,-8.583,-6.425,-15.008
HIT_0016,O=C1CCc2cc(N3CCC[C@@H](c4nc(C(=O)N5CCc6ccc(F)cc6C5)co4)C3)ccc21,-7.873,-7.12,-14.993
HIT_0017,Fc1cccc2c1CCN([C@@H]1CCNc3ccc(N4CC[C@]5(CCOC5)C4)cc31)C2,-8.153,-6.835,-14.988
HIT_0018,Cc1cc2c(c(N3C=CN4CCN(C(=O)[C@@H](C)c5cccc(N)c5)C[C@@H]43)c1)CCNC2=O,-8.165,-6.813,-14.977999999999998
HIT_0019,C[C@H]([C@H]1CCCN(c2cncc3c2CC(=O)N3)C1)N1CCc2c(F)cccc2C1,-8.353,-6.619,-14.972
HIT_0020,CC1(C)CN(c2ccc3c(c2)CN(c2ccc(F)c4c2CC(=O)N4)CC3)CCCN1,-8.396,-6.514,-14.91
HIT_0021,CC[C@H]1CN(c2ccc3c(c2)N(c2ccc4c(c2)CCNC4=O)CC(=O)N3C)CCC1=O,-8.236,-6.652,-14.888000000000002
HIT_0022,Cc1cc(F)cnc1N1CC[C@@]2(C(=O)N3CC[C@H](O)c4ccc(F)cc43)CCC[C@H]12,-8.272,-6.6,-14.872
HIT_0023,Nc1ncc(Br)cc1N1C[C@@H](C(=O)N2CCc3cc(F)c(F)cc3C2)C2(CCCC2)C1,-8.626,-6.241,-14.866999999999999
HIT_0024,CC1(C)CCN(C(=O)N2CCOc3ccc(N4CCCc5cc(O)c(O)cc5C4)cc32)C1,-8.881,-5.971,-14.852
HIT_0025,Oc1ncccc1N1CCNCc2cccc(n2)CN(c2ccc3c(c2)OC[C@H]3O)CC1,-8.281,-6.571,-14.852
HIT_0026,Cc1ccc(C#N)c(C2=CCCN(c3ccc4c(n3)N([C@H]3C[C@](C)(C(=O)O)C3)CCC4)C2)n1,-8.6,-6.246,-14.846
HIT_0027,C[C@H]1NC[C@@H]1C(=O)N1CCCc2ccc(N3CCc4ccc(F)cc4C3)nc21,-8.576,-6.265,-14.841000000000001
HIT_0028,CN(c1cccc(F)c1)[C@@H]1COCc2cc(N3CC4(C3)OCC4(C)C)ccc21,-8.295,-6.515,-14.809999999999999
HIT_0029,c1cc2c3c(c1)CN(c1ccc4c(c1)CCC[C@]41COCCN1)C[C@@H]3CCC2,-8.328,-6.476,-14.803999999999998
HIT_0030,N#Cc1cc(N2CCc3ccc(N4CC[C@H](O)[C@H]5CCC[C@@H]54)cc32)[nH]c1C#N,-8.554,-6.248,-14.802
HIT_0031,C[C@H]1C(=O)CCC[C@]1(C)NC1(c2nc(-c3cccc4c3CCC4=O)no2)CC2(CNC2)C1,-7.604,-7.165,-14.769
HIT_0032,N#Cc1ccc(-c2cccc3c2CCN(C2CC4(CNC4)C2)C3)c(F)c1,-8.517,-6.252,-14.768999999999998
HIT_0033,Cc1cccc(C(=O)N2CCCNCCNCCN(C(=O)c3oc4c(c3C)[C@@H](N)CCC4)CCC2)c1,-8.307,-6.447,-14.754000000000001
HIT_0034,O=C(c1nc[nH]c1F)N1CCc2cc(N3CCCc4ccc(F)cc4C3)ccc21,-7.879,-6.868,-14.747
HIT_0035,Cc1c(F)ccc(-c2cccc3c2C[C@@H](N2CCC(C)(C)C[C@H]2C(=O)O)CC3)c1C,-9.109,-5.629,-14.738
HIT_0036,C[C@H]1Cc2cc(F)ccc2CN1[C@@H]1CCC[C@@](O)(N2CCn3cc(O)c(=O)cc3C2)[C@@H]1F,-8.54,-6.186,-14.725999999999999
HIT_0037,C[C@H]1c2ccccc2CN1c1cccc2c1CN([C@H]1CCCCNC1)C2,-8.053,-6.671,-14.724
HIT_0038,Fc1ccc2c(c1)CC[C@@H]2Oc1ccc(F)c2c1C[C@H](N1CCC[C@@]13CCO3)C2,-8.533,-6.186,-14.719
HIT_0039,Cc1ccc(N2CCc3ccc(C(=O)N4CCCCC(F)(F)C4)cc32)c(O)n1,-8.096,-6.622,-14.718
HIT_0040,Cc1cccc2c1CN(C(=O)[C@@H]1NCCc3cc(N4CCN(C)C(C)(C)CC4)ccc31)CC2,-7.825,-6.89,-14.715
HIT_0041,N#Cc1cccc2c1[C@@](C(=O)N1CCC(=O)c3cccc(F)c31)(N1CCCNCCNCCNCC1)CC2,-9.081,-5.616,-14.697
HIT_0042,CC1(C)[C@H](C#N)CCCN1c1ccc2c(c1)N(c1ccc3c(c1)CCN3)CC2,-8.599,-6.081,-14.68
HIT_0043,O=C([C@@H]1CN(c2cccc3c2CNCC3)CCC1(F)F)N1CCn2ccc(=O)cc2C1,-7.844,-6.836,-14.68
HIT_0044,CC(C)c1c2c(nc3ncccc13)-c1ccccc1N(C(=O)[C@@H]1CC(C)(C)CCN1)C2,-7.944,-6.716,-14.66
HIT_0045,N#Cc1cccc(C(=O)N2CCNCCNCCN(C3Cc4ccccc4C3)CC2)c1,-8.075,-6.581,-14.655999999999999
HIT_0046,C[C@H]1CNC(=O)CCN1[C@]1(c2nc(-c3ccc(F)c4c3CCCC4=O)no2)CC[C@@H](F)CC1,-7.684,-6.971,-14.655000000000001
HIT_0047,C[C@@H]1NCC[C@@H]1C(=O)N1CCc2ccc(N3CCCc4cccc(F)c4C3)cc21,-8.643,-6.003,-14.646
HIT_0048,C[C@H]1C[C@H](O)CN(c2cccc(N3CCC(=O)c4ccccc4C3)n2)C1,-8.217,-6.421,-14.638000000000002
HIT_0049,O=C1CCNc2cc(N3CCCC[C@H](N4CCCc5c(Cl)cccc5C4)C3)ccc21,-7.946,-6.692,-14.638
HIT_0050,O=C([C@@H]1CNCCCO1)N1CCOc2ccc(N3CCc4c(F)cccc4C3)cc21,-8.37,-6.262,-14.631999999999998
HIT_0051,c1ccc(-c2cc(-c3ccc4c(c3)COC4)nc3cnccc23)cc1,-8.427,-6.202,-14.629
HIT_0052,Fc1cc(-c2nc3cc(Cl)c4cccnc4c3o2)c2oc(C3CCOCC3)nc2c1,-8.039,-6.583,-14.622
HIT_0053,Cc1ccc2c(c1O)[C@H](N[C@@H]1Cc3cc(N4C[C@@H]5CCN(C)[C@@H]5C4)cnc3C1)CC2,-7.993,-6.625,-14.618
HIT_0054,O=C1NCCCc2c1cccc2N1CCc2cc(F)c(F)cc2C1,-8.459,-6.146,-14.605
HIT_0055,Cc1cncc(F)c1C(=O)N1CCCNC[C@H](N2CCc3ccc(O)cc3C2)C1,-7.653,-6.946,-14.599
HIT_0056,N#C[C@@]12CCCC[C@@H]1CN(c1ccc3c(c1)[C@H](Oc1ccc(O)cc1F)CCO3)C2,-8.171,-6.426,-14.597
HIT_0057,Cc1cc(C)c(-c2ccc3c(c2)[C@@H](N2CCC[C@@](C)(O)[C@@H](C)C2)COC3)c(C)c1,-8.042,-6.547,-14.588999999999999
HIT_0058,CO[C@H]1CCN(c2ccc3c(c2)N(c2ccc4c(c2)[C@@]2(CCC4)COCCN2)CC3)[C@H]1C,-7.965,-6.622,-14.587
HIT_0059,N#C[C@@H]1CCN(c2cccc3c2CCN(c2ccc4c(c2)OCC[C@H]4O)C3)CC1=O,-7.565,-7.021,-14.586
HIT_0060,N#Cc1ccc(N2CCOc3cc(N4C[C@H](O)CC5(CCC5)C4)ccc32)cc1F,-7.785,-6.799,-14.584
HIT_0061,Fc1ccc(N2CCCC3(CCCC3)C2)c2c1CCN(c1ccnc([C@H]3CCCN3)c1)C2,-7.861,-6.72,-14.581
HIT_0062,N#Cc1ccc(N2CC[C@@H](N3CCc4c3ccc(F)c4F)C(F)(F)CC2)cc1O,-7.957,-6.62,-14.577
HIT_0063,Fc1cccc2c1CN([C@@H]1CCNc3cc(N4CCC[C@]45CCOC5)ccc31)CCC2,-8.076,-6.495,-14.571000000000002
HIT_0064,Cc1cc(N2CCN3CCc4ccc(-c5cc(O)ccc5F)cc4[C@@H]3C2)cnc1C,-8.39,-6.18,-14.57
HIT_0065,C[C@@]1(C#N)CCN(c2ccc3c(c2)CN(c2cccc(C#N)c2)CCC3)C1,-7.224,-7.327,-14.551
HIT_0066,C[C@@H]1Cc2cccc(O)c2N(c2ccc3c(c2)[C@@]2(CC3)COCCN2)C1,-8.627,-5.917,-14.544
HIT_0067,Oc1cnccc1N1CC[C@@H](N2CCc3c(F)cccc3C2)c2ccccc2C1,-8.116,-6.426,-14.542
HIT_0068,Cc1cccc2c1OC[C@H]2N1C[C@H](C(=O)N2CCC(O)(c3ccccc3O)CC2)[C@H]1C,-6.692,-7.841,-14.533000000000001
HIT_0069,c1cc2c(cc1-c1ccc3c(n1)N(c1ccc4c(c1)CNCCC4)CC3)CC2,-8.027,-6.506,-14.533
HIT_0070,Cc1cc(F)cc(-c2ccc3c(c2)CN(c2cc(O)cc(C#N)c2)CCO3)c1Cl,-7.677,-6.855,-14.532
HIT_0071,O=C([C@@H]1CC[C@H]1c1nc2ccnc(-c3cc4cccnc4[nH]3)c2o1)N1CCC(F)(F)C1,-8.006,-6.525,-14.531
HIT_0072,Cn1c(N2CCNc3ccc(N4CC[C@@]5(CCCS5(=O)=O)C4)cc3C2)cccc1=O,-7.723,-6.806,-14.529
HIT_0073,Nc1cnccc1N1CCC[C@@]12CCN([C@]1(C(=O)O)COc3ccc(F)cc3C1)C2,-8.027,-6.49,-14.517
HIT_0074,Cc1cc(=O)c(N2CC[C@]23CCOC3)cn1[C@]1(C(=O)O)COc2c(F)cccc21,-8.32,-6.192,-14.512
HIT_0075,Cc1cc2c(cc1N1CCN(C)c3ncccc3C1)CN(C(=O)c1csc(Cl)c1)CC2,-7.59,-6.922,-14.512
HIT_0076,Cc1ccc(F)c(O)c1N1CCC[C@](O)(CC(=O)N2CCc3c(F)ccc(F)c32)C1,-8.201,-6.311,-14.512
HIT_0077,O=C1CCOc2ccc(N3CC[C@@](O)(c4nc5cccc6c5n4CCC6)C3)cc21,-7.377,-7.133,-14.51
HIT_0078,C[C@@H]([C@@H]1CCCN1)N1CCc2ccc(N3Cc4ccc(F)cc4C3)cc21,-8.165,-6.32,-14.485
HIT_0079,O[C@@H]1c2cc(Cl)ccc2OCC[C@@H]1N[C@H]1COc2cc(F)c(N3CC[C@]4(C3)CC4(F)F)cc21,-7.581,-6.902,-14.483
HIT_0080,Fc1ccc(Nc2ccc3c(c2)OC[C@@]32COCCN2)cc1N1Cc2ccccc2C1,-7.837,-6.645,-14.482
HIT_0081,Cc1ccc(O)c2c1CC[C@@H]2N1CCN(C)CCN(c2cccc3c2CCCNC3=O)CC1,-7.526,-6.955,-14.481
HIT_0082,Oc1cccc(N2CCC[C@H]3CN(c4ccc5c(c4)NCC5)C[C@@H]32)c1,-8.466,-6.012,-14.477999999999998
HIT_0083,C[C@@H]1Cc2cc(F)ccc2CN1[C@@H]1CNCCCN(c2ccc3c(c2)OCO3)C1,-7.54,-6.926,-14.466000000000001
HIT_0084,O[C@@H]1CCN(c2cnc(N[C@@H]3CCCc4c(F)cccc43)c(F)c2)C[C@H]1F,-8.308,-6.157,-14.465
HIT_0085,Cc1cccc2c1CCN([C@@H]1CCOc3ccc(Nc4ccc5c(c4)NCC5)cc31)C2,-7.988,-6.475,-14.463000000000001
HIT_0086,O=C(Nc1cc(F)ccc1O)[C@H]1CCCN1[C@H]1COCc2cc(-c3c(F)cccc3Cl)ccc21,-7.907,-6.554,-14.461
HIT_0087,Cc1cc(F)c(F)cc1-c1cc2c(cc1F)CCN2C(=O)[C@H]1CNCCCO1,-8.645,-5.816,-14.460999999999999
HIT_0088,C[C@H]1C(=O)CC[C@]1(O)N1CCOc2nc(N3CCCc4ccc(O)cc43)ccc21,-7.949,-6.502,-14.451
HIT_0089,C[C@@H]1C[C@@H](C)CN(c2cc3c(cn2)N(c2cc4c(cn2)CCN4)CCO3)C1,-7.896,-6.555,-14.451
HIT_0090,O=C1c2cccc(N3CCC4(CC3)CC4)c2CCCN1[C@]1(C(=O)O)CCc2ccc3c(c21)CCC3,-7.248,-7.201,-14.449
HIT_0091,CC1(C)CCCCN1[C@@H]1CCc2ccc(N3CCc4c(O)ccc(O)c4C3)cc21,-8.19,-6.255,-14.445
HIT_0092,C[C@H]1Cn2ncc3nc(-c4cc(Cl)cc5c4CCCN5[C@H]4CC(=O)CCC4(C)C)n(c32)C1,-8.182,-6.262,-14.443999999999999
HIT_0093,O=C(c1ccc(F)cn1)N1CCCc2ccc(N3CCC[C@@]34CCOC4=O)cc2C1,-7.533,-6.907,-14.440000000000001
HIT_0094,Cc1nc(C(=O)n2c(=O)[nH]c3ccccc3c2=O)c(-c2cccc(C(F)(F)F)c2C)s1,-7.703,-6.735,-14.438
HIT_0095,C[C@]1(C#N)CCN(c2cc3c(cn2)N(c2ccc4c(c2)CCCNC4)CCO3)C1,-7.865,-6.57,-14.435
HIT_0096,Cc1cccc(N2CC3(CC(N4Cc5cccc(F)c5C4)C3)C2)c1C(N)=O,-8.165,-6.269,-14.434
HIT_0097,C[C@H]1[C@H](O)CCN(c2ccc3c(c2)N(c2ccc4c(c2)C(=O)CNC4)CC3)[C@H]1C,-8.134,-6.299,-14.433
HIT_0098,Cc1cc2c(c(N3CC4(CC(N5CCc6ccc(F)cc65)C4)C3)c1)OC[C@H]2O,-7.793,-6.637,-14.43
HIT_0099,C[C@@H]1CCCN(c2ccc3c(c2)CN(c2nc(C#N)c(C#N)[nH]2)CCN3)C[C@@H]1C,-7.327,-7.1,-14.427
HIT_0100,O=C([C@@H]1CCOC1)N1Cc2ccc(N3CCCc4ccc(O)cc4C3)cc2C1,-7.599,-6.828,-14.427
HIT_0101,O=C1NCc2ccc(N(Cc3ccc(F)c(F)c3F)[C@H]3COCc4cc(F)ccc43)cc21,-8.526,-5.891,-14.417
HIT_0102,O=C(c1cccc2c1CN(c1cccc3c1CCN3)CC2)N1CCCCCCC1,-8.063,-6.336,-14.399000000000001
HIT_0103,C[C@@H]1Cc2cc(F)ccc2CN1C(=O)[C@]1(Nc2cn(C)c(=O)cn2)CCC(C)(C)C1,-8.124,-6.275,-14.399000000000001
HIT_0104,CC[C@@H](C)n1c(Cc2c(Cl)cncc2N[C@H]2CCCOc3ccc(F)cc32)nc2cc(C#N)ccc21,-7.799,-6.596,-14.395
HIT_0105,O=C(O)[C@@]1(n2ccc(=O)c3c2CCCC3)C=C(c2nc3cccc4c3n2CCO4)CCC1,-7.491,-6.901,-14.392
HIT_0106,C[C@H]1COc2cc(F)ccc2N1[C@H]1CCCCN(c2ccc3c(n2)NCCN3)C1,-7.517,-6.872,-14.389
HIT_0107,N#Cc1cnccc1N1CCc2c(ncnc2Oc2ccc3c(c2)[C@]2(CCN2)CCO3)C1,-7.433,-6.956,-14.389
HIT_0108,CC1(C)COC(c2cccc(N(c3ccc4c(n3)CNC4)c3nc(C#N)c(C#N)[nH]3)c2)OC1,-8.392,-5.992,-14.384
HIT_0109,N#CC(=Cc1ccc(C#N)s1)c1noc([C@H]2C[C@H](N(c3cnc4c(c3)CCC4)[C@@H]3CC[C@@H](C#N)C3)C2)n1,-6.879,-7.5,-14.379
HIT_0110,C[C@H]1C[C@@H](N[C@@H]2COCc3cc(F)ccc32)CN(c2ccc3c(c2)[C@H](O)CC3)C1,-7.669,-6.709,-14.378
HIT_0111,C[C@@H]1[C@@H](C)C[C@@H](c2nc3c(Br)ccc(F)c3o2)N1C(=O)c1nnc2n1CCCC2,-7.736,-6.638,-14.373999999999999
HIT_0112,Fc1cc2c(cc1N1CCCC3(COC3)C1)N([C@@H]1CNc3ccccc31)CC2,-8.18,-6.194,-14.373999999999999
HIT_0113,Cc1cc(C)c(-c2noc([C@H]3CN([C@@H]4OC(=O)c5c(F)cccc54)CC34CC4)n2)cn1,-7.997,-6.37,-14.367
HIT_0114,O=C(C1=CCCCN1)N1CCCc2ccc(N3CCCCc4ccccc43)cc2C1,-7.957,-6.41,-14.367
HIT_0115,O=C([C@@H]1CNCCO1)N1CCc2cccc(N3CCc4ccc(O)cc4C3)c2C1,-8.431,-5.929,-14.36
HIT_0116,C[C@@H]1[C@H](C)CN(c2ccc3c(n2)N(c2cnc4c(c2)CCC4)CCC3)[C@@H]1C,-8.094,-6.266,-14.36
HIT_0117,Cc1cc(F)c(NC(=O)[C@@H]2CCCC[C@@]2(C)N)cc1N1CCc2c(F)ccc(C(=O)O)c2C1,-7.613,-6.746,-14.359000000000002
HIT_0118,Cc1ccc(F)c2c1N([C@@H]1CCCN(c3nc4c(cc3C#N)CNCC4)CC1)CCC2,-8.169,-6.186,-14.355
HIT_0119,O=C1NCCCc2c1cccc2N1CCC[C@@H](N2CCc3ncccc3C2)C1,-8.048,-6.3,-14.347999999999999
HIT_0120,C[C@H]1Cc2ccccc2N(c2ccc(F)c(NC(=O)N3CC[C@H]4CC[C@@H]3CC4)c2)C1,-8.263,-6.08,-14.343
HIT_0121,Cc1ccc2c(c1)N(C1[C@H](C)CN(c3cccc4c3C(=O)CCN4)C[C@H]1C)CCO2,-8.046,-6.296,-14.341999999999999
HIT_0122,Oc1ccc(Br)c(N2CCCNC[C@@H](N3CCCc4cc(F)ccc4C3)C2)n1,-7.703,-6.632,-14.335
HIT_0123,C[C@@H]1CN(c2ccc3c(c2)[C@H](O)CO3)Cc2cc(N3CC4(CC(F)C4)C3)cnc21,-7.131,-7.202,-14.333
HIT_0124,c1cc2c(cc1-c1ccc3c(c1)N([C@H]1C[C@@]4(CCCNC4)C1)CC3)CCO2,-7.734,-6.596,-14.33
HIT_0125,CC[C@@H]1CN(c2ccc3c(c2)N(c2cc(F)cc4c2COC4=O)CC3)CC[C@H]1O,-7.952,-6.377,-14.329
HIT_0126,CN1C(=O)Cc2cc(N3CCCC[C@H](N4CCC(=O)c5cc(F)ccc54)C3)ccc21,-8.281,-6.038,-14.319
HIT_0127,N#Cc1ccc(N2CCOc3ccc(N4CCOCOCC4)cc32)o1,-7.942,-6.376,-14.318000000000001
HIT_0128,O=C1CCOc2cc(F)c(N3C[C@@H](C(=O)N4CCc5cc(F)c(F)cc54)C(F)(F)C3)cc21,-7.559,-6.759,-14.318000000000001
HIT_0129,O=C(N1C[C@@H]2CC(F)(F)C[C@H]2C1)[C@]1(Nc2nnc3n2CCCC3)Cc2ccc(O)cc2C1,-8.123,-6.193,-14.315999999999999
HIT_0130,Cc1c(N2CCc3ccc(F)c(N4CC[C@@](C)(C#N)C4)c3CC2)cnc(O)c1C#N,-7.903,-6.402,-14.305
HIT_0131,C[C@]1(Oc2ccc3c(n2)N([C@@H]2COc4ccc(F)cc4C2)CCC3)[C@@H](O)[C@H](O)[C@]1(O)CO,-8.316,-5.988,-14.304000000000002
HIT_0132,Cc1c(NC(=O)[C@@]2(N3CCNC4(CC4)C3)Cc3cccc(C#N)c32)ccc2c1OCCO2,-8.255,-6.046,-14.301000000000002
HIT_0133,Fc1cc(Cl)ccc1-c1ccc2c(c1)CN(c1ccc3c(c1)CCNC3)CC2,-7.589,-6.71,-14.299
HIT_0134,C[C@@H]1[C@H](c2nc3cc(F)cc4c3n2C(=O)CC4)CCN1c1c[nH]ccc1=O,-7.678,-6.62,-14.298
HIT_0135,Cc1nc2c([nH]1)CN(c1cc(-c3nc4cc(C)c(C)nc4o3)c(C)cc1O)CC2,-7.774,-6.518,-14.292
HIT_0136,N[C@H]1CCc2c1ccc(F)c2N1CCCNC[C@@H](N2CCc3ccc(F)cc3C2)C1,-7.799,-6.492,-14.291
HIT_0137,Cc1cccc(C(=O)N2CC[C@@H](C)NCCNCC[C@@H](C)N(c3ccc(C)c(C#N)c3)CC2)c1,-8.376,-5.914,-14.29
HIT_0138,C[C@H]1COc2cc(F)ccc2N1[C@H]1CCCCN(c2cccc3c2CC[C@H]3O)C1,-8.834,-5.45,-14.283999999999999
HIT_0139,CC1(C)CCN[C@H]1c1nc(-c2cc(N3CCCc4c(F)cc(F)cc43)ccc2O)no1,-7.782,-6.501,-14.283000000000001
HIT_0140,O=C1COc2c1ccc(N1CC[C@H](C(=O)N3CCc4cc(F)ccc4C3)[C@H](F)C1)c2F,-7.624,-6.659,-14.283
HIT_0141,Oc1ncc(N2CCOc3cc(N4CCc5c(F)ccc(F)c5C4)ccc32)cc1Cl,-7.713,-6.564,-14.277000000000001
HIT_0142,Cc1ccc2c(c1)C[C@H]2N1CCCN(c2ccc(O)c(C)n2)CCCNCCNCC1,-7.969,-6.304,-14.273
HIT_0143,Cc1c(N2CCc3ccc(N4CCN(C)[C@H](C#N)C4)cc3C2)ccnc1O,-7.851,-6.418,-14.269
HIT_0144,Cc1ccc(C2=NC(=Cc3cncc(N4CCCc5ccc(Cl)nc54)n3)C(=O)O2)c(Cl)c1,-7.831,-6.419,-14.25
HIT_0145,O=C(N1CCc2cc(CN3CCc4c(ccc(F)c4F)C3)ccc21)[C@@]12CCC[C@@H]1CNC2,-7.553,-6.692,-14.245000000000001
HIT_0146,N[C@]12CC[C@](C(=O)N3CCc4ccc(N5CCc6c(F)cc(F)cc6C5)cc43)(C1)C2,-7.986,-6.257,-14.242999999999999
HIT_0147,C1=C(c2ccc3c(c2)CN(c2ccc4c(c2)CCN4)CC3)CCOC1,-7.7,-6.541,-14.241
HIT_0148,Cc1cncc(NC(=O)[C@H]2CCN2[C@@H]2CCc3cc(F)cc(F)c32)c1,-7.287,-6.952,-14.239
HIT_0149,C[C@]1(C(=O)N2Cc3ccc(N4CCc5cc(F)ccc5C4)cc3C2)CCN1,-7.881,-6.358,-14.239
HIT_0150,N#Cc1cccc(N[C@@H]2COc3ccc(N4CC[C@@H](O)C5(CCC5)C4)cc3C2=O)c1,-7.496,-6.742,-14.238
HIT_0151,O[C@@H]1COc2ccc(N3CCOc4ccc(F)cc4C3)cc21,-7.742,-6.492,-14.234
HIT_0152,C[C@@H]1CN(c2cccc3c2CCCN(c2ccc4c(c2)C(=O)CCN4)C3)CCC1=O,-7.789,-6.444,-14.233
HIT_0153,Cc1cccc(N2CCC3(CC2)CC(N2CCOc4ccc(F)cc4C2)C3)c1O,-7.351,-6.88,-14.231
HIT_0154,N#C[C@]1(F)CCN(c2ccc3c(c2)CN([C@H]2CCc4c(F)cccc4[C@@H]2O)CC3)C1,-7.56,-6.67,-14.23
HIT_0155,C[C@@H]1CC[C@H](N2c3ccc(F)cc3OC[C@@H]2C)CN1c1cncc2c1CCCN2,-8.63,-5.597,-14.227
HIT_0156,CN1CC[C@@H](N[C@H]2CCc3ccc(N4CCCc5cc(F)ccc54)cc32)C1=O,-7.676,-6.551,-14.227
HIT_0157,Fc1cccc2c1CCN(c1ccc3c(c1)N([C@@H]1CCCNCC1)CCO3)C2,-7.943,-6.283,-14.225999999999999
HIT_0158,Cc1ccc(C2(O)CCN([C@@H]3Cc4cccc(-c5c(F)ccc(F)c5C)c4C3)CC2)cc1C,-7.352,-6.874,-14.225999999999999
HIT_0159,Nc1nnccc1C(=O)N1CCC2(CC1)OCCc1ccc(F)cc12,-7.361,-6.865,-14.225999999999999
HIT_0160,O=C(N[C@H]1CC[C@H]1c1nc(-c2cc3cccc4c3n(c2=O)CCC4)no1)[C@H]1CCCCO1,-7.959,-6.265,-14.224
HIT_0161,C[C@H]1CC(F)(F)CN1C(=O)[C@@H]1c2ccc(Cl)cc2CCN1c1ccc2c(c1)C(=O)CCN2,-7.888,-6.334,-14.222
HIT_0162,CC1(C)CN(c2occc2C#N)[C@H]1C(=O)Nc1cc(N2CCC(=O)c3c(F)cccc32)ccn1,-7.053,-7.161,-14.213999999999999
HIT_0163,Cc1ccnc(O)c1C(=O)N1CCc2ccc(N3C[C@@H](C)OC4(CCCC4)C3)cc2C1,-7.967,-6.245,-14.212
HIT_0164,CC1(C)NCC[C@@H]1N1CC(=O)c2cc(N3CCOc4cccc(Br)c4C3)ccc21,-7.973,-6.238,-14.211
HIT_0165,O=C([C@H]1C[C@@H](O)CN1c1ccc(F)cn1)N1Cc2cccc(F)c2C2(CC2)C1,-7.848,-6.358,-14.206
HIT_0166,Cc1cc2c(c(N3CCc4c(cccc4N4CCN5CCC[C@]5(C)C4)C3)c1)CCNC2=O,-7.826,-6.38,-14.206
HIT_0167,N#Cc1cccc(N2CCCN[C@@H](C(=O)N3CCc4ccc(F)cc4C3)C2)c1,-7.91,-6.289,-14.199
HIT_0168,CC(=O)[C@H]1CCN(c2cccc3c2CCN(c2ccc4c(c2)[C@]2(CCN2)CCO4)C3)C1,-8.064,-6.134,-14.198
HIT_0169,CC1(C)CC[C@@H](C(=O)NC2(c3nc(-c4nc(N5CCCc6ccc(O)cc65)[nH]c4C#N)no3)CC2)C1,-7.238,-6.956,-14.194
HIT_0170,C[C@]1(O)CN(C(=O)c2ccc3c(c2)CN(c2ccc4c(c2)C(=O)CO4)CC3)CC[C@H]1O,-7.481,-6.712,-14.193
HIT_0171,O=C(Nc1ccc2c(c1)C(F)(F)CC2)N1CC[C@@]12CCCc1ccc(F)cc12,-7.791,-6.396,-14.187000000000001
HIT_0172,C[C@H]1CCCN(c2ccc3c(c2)CCN3)[C@H]1C(=O)N1CCCc2ccc(F)cc2C1,-7.63,-6.553,-14.183
HIT_0173,O=C(N1CCCCN(c2cc(O)ncc2F)CCCNCCC1)C(F)(F)c1ccccn1,-8.006,-6.167,-14.173
HIT_0174,N#Cc1ccc(N2CCc3ccc(F)c(F)c3C2)nc1NC(=O)[C@@H]1CCNC1,-8.158,-6.013,-14.171
HIT_0175,C[C@H]1CCN[C@H](C(=O)N2CCc3nc(N4CCC(=O)c5c(F)cccc54)ccc3C2)C1,-8.136,-6.033,-14.169
HIT_0176,Cc1cc(-c2cc(N3CC[C@]34CCOC4)c(C)nc2O)ccc1C#N,-7.981,-6.188,-14.169
HIT_0177,Cc1cc(-c2ccc3c(c2)CCC[C@@]32COCCN2[C@@H]2CC[C@H](C(=O)N3CC4(CCN4C)C3)C2)ccc1C#N,-7.585,-6.577,-14.161999999999999
HIT_0178,C[C@H]1[C@H](O)CCN(c2cc(F)c3c(c2)N(c2ccc4c(c2)CCNC4)CCO3)[C@H]1C,-7.985,-6.176,-14.161000000000001
HIT_0179,Cc1cc2c(c(N3CCC=C(C(=O)N4c5ccc(F)cc5OC[C@@H]4C)C3)c1)CCNC2=O,-7.827,-6.333,-14.16
HIT_0180,CC1(C)CN(c2ccc3c(c2)C(=O)COC3)CCNCCNCCN(c2ccnc3c2CC(=O)N3)C1,-7.911,-6.249,-14.16
HIT_0181,Cc1cnc(C)c(N2C=C([C@H](C)N3CCc4ccc(F)cc4C3)CCC2)n1,-7.817,-6.342,-14.158999999999999
HIT_0182,Cc1cnc(N2Cc3cccc(-c4noc([C@H]5CC(C)(C)CN5)n4)c3C2)c(C)c1,-7.792,-6.362,-14.154
HIT_0183,CC1(C)CN(c2c(F)ccc(C#N)c2O)C[C@H]1C(=O)N1CCOc2cc(F)ccc2C1,-7.78,-6.369,-14.149000000000001
HIT_0184,N#Cc1cc(N2CCC[C@H](N3CCCCc4cccnc43)CC2)cc(C#N)n1,-7.429,-6.717,-14.146
HIT_0185,C[C@H]1[C@H](C(=O)N[C@]2(C)CCOc3ccccc32)CN1c1cc2n(c1)CCNC2=O,-7.912,-6.234,-14.146
HIT_0186,C[C@H]1c2c(F)cccc2CCN1C(=O)[C@@H]1CN(c2c(F)ccc(C(=O)O)c2F)C[C@]12CCOC2,-7.761,-6.383,-14.144
HIT_0187,Cn1ncc(F)c1N1CCNC(=O)c2cc(N3CCC[C@]4(C)CCC[C@@H]34)ccc21,-8.065,-6.078,-14.143
HIT_0188,Cc1cc(N2CCC[C@@H]([C@H](O)C(=O)N3CCCc4ccccc4C3)C2)cnc1O,-8.044,-6.098,-14.142
HIT_0189,Fc1ccc(-c2ccc3c(n2)N(c2ccc4c(c2)NCC4)CC3)c(Cl)c1,-7.578,-6.559,-14.137
HIT_0190,CC1(c2ccc(N3CCCc4ccc(Oc5ccccc5CO)cc4C3)cc2)CC(=O)NC(=O)C1,-7.114,-7.022,-14.136
HIT_0191,O=C([C@H]1CCN1[C@@H]1CCc2cc(F)cc(F)c21)N1c2nonc2Nc2nonc21,-7.916,-6.216,-14.132000000000001
HIT_0192,Cc1[nH]c(C#N)cc1N1c2ccccc2[C@@]2(C)CCN(c3cc4c([nH]3)CCNC4)[C@]12C,-7.939,-6.193,-14.132
HIT_0193,Cc1ccc2c(c1F)CN(C(=O)[C@H]1C[C@H](C)N1c1ccc3c(c1)CNCCO3)CC2,-7.706,-6.425,-14.131
HIT_0194,C[C@H]1CN([C@@H]2CCCc3occ(C(=O)N4CCN(C)c5ccc(F)cc54)c32)CC[C@]1(C)O,-8.443,-5.688,-14.131
HIT_0195,Cc1cccc2c1CCN2[C@H]1CC[C@@H](C)N(c2ccc3c(c2)CC[C@@H](O)C3=O)C1,-7.18,-6.949,-14.129
HIT_0196,Cn1nnnc1-c1cccc(N2CCC3(CC2)C(=O)Nc2cc(N4CC[C@@]45CCOc4ccc(Cl)cc45)ccc23)n1,-6.845,-7.284,-14.129
HIT_0197,C[C@@]1(C#N)CCN(C(=O)c2ccc3c(c2)CN(c2cccc4c2CCNC4)C3)C1,-7.727,-6.4,-14.127
HIT_0198,O=C1[C@H](NC2=C[C@H](N3CCc4cc(F)cc(F)c43)CCC2)CCN1c1cccc(Cl)c1,-7.786,-6.337,-14.123
HIT_0199,Cc1c(F)ccnc1N1CC[C@@H](C)[C@H](N(c2ccc(C#N)c(F)c2)[C@@H]2CCCNC2)C1,-8.337,-5.786,-14.123
HIT_0200,O=C1CCc2cccc(N3CCC[C@@H](O)[C@H]3C(=O)N3CCCc4c(F)cc(F)cc43)c21,-8.382,-5.74,-14.122
HIT_0201,Cc1ccc(Oc2ccc3c(c2)C(=O)CNC3)c(N2CCc3c(O)noc3C2)c1,-7.588,-6.533,-14.121
HIT_0202,Cc1c(C(=O)N2C[C@@H](C)CN(C)c3ccccc32)ccnc1Nc1ccc2c(c1)COC2,-8.205,-5.915,-14.120000000000001
HIT_0203,c1ccc2c(c1)CN([C@@H]1CCN(C3CNCCCNC3)c3ncccc31)C2,-8.102,-6.015,-14.117
HIT_0204,Cn1cnc(Nc2cnc3c(c2)NCC3)c1C(=O)N1CCCc2cccc(F)c2C1,-7.748,-6.368,-14.116
HIT_0205,Cc1cc(C)c(C(=O)N2CCOc3c(O)cc(N4CCn5ccc(=O)cc5C4)cc3C2)c(C)n1,-8.102,-6.01,-14.112
HIT_0206,CC[C@H]1CN(c2ccc(C#N)c(N3CCC4=C(C3)[C@@H](O)[C@@H](C)CS4)n2)CCC1=O,-7.739,-6.369,-14.108
HIT_0207,C[C@H]1CN(c2ccc3c(c2)N(c2ccc4c(c2)CCCNC4)CC3)CC[C@@]1(C)O,-7.609,-6.497,-14.106
HIT_0208,C[C@H]1CN(c2cnc3c(c2)N(c2cc(F)c(F)cc2C#N)CCN3)CC[C@@]1(C)O,-8.438,-5.667,-14.105
HIT_0209,CC(C)(N)C(=O)N1CCc2ccc(N3CCc4cc(O)ccc4C3(C)C)cc21,-8.004,-6.097,-14.100999999999999
HIT_0210,Cc1cccc2c1N(c1ccc3c(c1)C[C@@H](C)N(C(=O)[C@]1(C)CCCN1)C3)CCNC2,-8.062,-6.038,-14.1
HIT_0211,COc1nccc(N2C[C@@H](C(=O)N3CCCc4cc(O)ccc4C3)[C@@H]2C)c1F,-7.978,-6.122,-14.1
HIT_0212,N#Cc1ccc(N2CCCC[C@@H](N3CCOc4cccc(F)c4C3)C2)cc1F,-7.721,-6.377,-14.097999999999999
HIT_0213,C[C@]1(C(=O)N2CCOc3ccc(N4CCc5cc(O)ccc5C4)cc32)CCCN1,-8.164,-5.934,-14.097999999999999
HIT_0214,O=S1(=O)CC[C@]12CCN(c1ccc(F)c3c1CN(c1c(F)ccc4c1CNCC4)CC3)C2,-7.923,-6.172,-14.094999999999999
HIT_0215,N#Cc1ccc(N2CCc3cccc(F)c32)cc1N1CC[C@@H](Oc2c[nH]c(=O)cn2)C1,-7.265,-6.83,-14.094999999999999
HIT_0216,CC1(F)CCN(c2ccc3c(c2)N(c2cnc4c(c2)CNCC4)CCO3)CC1,-7.335,-6.758,-14.093
HIT_0217,O=C(Cc1ccc(O)cc1N1CCC2(CC1)COc1ncccc12)N1CCn2c(Br)cnc2C1,-8.019,-6.073,-14.092
HIT_0218,Cc1nc(O)c2cc(N3C[C@@H](O)c4cc(F)cc(N5CCC(=O)C[C@H]5C)c43)ccc2n1,-7.875,-6.217,-14.091999999999999
HIT_0219,Cc1c(F)ccc2c1CCN2C(=O)[C@@H]1[C@H](O)CCCN1c1ccc(Cl)c2c1CCNC2=O,-8.026,-6.066,-14.091999999999999
HIT_0220,Cc1cc(F)ccc1-c1ccc2c(c1)[C@H](N1CC(C#N)(C#N)C1)CNC2,-7.445,-6.641,-14.086
HIT_0221,O=C([C@H]1c2ccc(O)nc2CCN1[C@@H]1CCc2cccc(F)c21)N1CCCNCCC1,-7.591,-6.495,-14.086
HIT_0222,CC(=O)N1CC[C@]2(O)CCN(c3ccc(C#N)cc3Nc3cc(C#N)c(O)cc3F)C[C@H]2C1,-7.951,-6.135,-14.085999999999999
HIT_0223,C[C@@H]1CN(c2cc(N3Cc4cccc5c4[C@@H](CCC5)C3)nc(O)n2)CCN1,-7.679,-6.406,-14.085
HIT_0224,C[C@@H]1CCN(C(=O)c2ccnnc2O)C[C@H]1N1CCc2ccc(F)c(F)c2C1,-7.332,-6.752,-14.084
HIT_0225,O=C(N[C@@H]1CNC[C@H]1O)N1CCc2ccc(N3c4ccccc4O[C@H]4CCC[C@H]43)cc21,-8.128,-5.952,-14.08
HIT_0226,C[C@H]1CC[C@@H]1NC(=O)N1CC[C@]12CCOc1ccc(N3CCc4ccc(C#N)cc43)cc12,-8.251,-5.829,-14.079999999999998
HIT_0227,Cc1ccc(-c2cccc3c2CCCNC3=O)cc1N1CC2(CC(O)C2)C1,-7.851,-6.225,-14.076
HIT_0228,O=C(c1ccn([C@@]2(C(=O)O)CNCc3ccccc32)c1)N1CC2(CCCCC2)C1,-7.883,-6.192,-14.075
HIT_0229,Cc1cncc(N2CCOc3cc(C(=O)N4CCN(C)[C@H](C#N)C4)ccc32)c1,-8.101,-5.973,-14.074000000000002
HIT_0230,C[C@@H]1Cc2cc(F)ccc2CN1C(=O)[C@]1(C)CCN(c2ccc3c(c2)[C@]2(CCN2)CCO3)C1,-8.128,-5.946,-14.074
HIT_0231,N#Cc1ccc(F)c(Oc2ccc3c(c2)N(C(=O)[C@H]2C[C@H]4C(=O)OC(=O)[C@H]4C[C@@H]2C(=O)O)CC3)c1,-7.227,-6.843,-14.07
HIT_0232,CN1CC2(CCN(c3ccc(F)c4c3CN(c3c(O)cccc3C#N)CC4)CC2)C1=O,-8.272,-5.798,-14.07
HIT_0233,Cc1ccc2c(c1N1Cc3cccc(C#N)c3C1)CN(C(=O)c1nnnn1C)C2,-7.562,-6.505,-14.067
HIT_0234,Cc1c(NC(=O)[C@H]2CCNc3cc(F)ccc32)cccc1C(=O)N1CC[C@H](C)[C@@H]1C(C)(C)O,-7.981,-6.086,-14.067
HIT_0235,Cc1ccc2c(c1)CN([C@@H]1CCc3c(O)ccc(C)c31)CCN2C(=O)[C@@H]1Cc2ccccc21,-7.931,-6.136,-14.067
HIT_0236,C[C@H]1CN(c2ccc3c(c2)CCN3c2cccc3c2OCC[C@H]3N)CC[C@@]1(C)O,-7.431,-6.635,-14.065999999999999
HIT_0237,C[C@H]1CN(C(=O)c2ccc(Cl)nc2N[C@@H]2CCc3ccc(F)cc32)CC[C@@]1(C)O,-8.108,-5.957,-14.065000000000001
HIT_0238,Cc1ccc(C(=O)N2CCC(=O)Nc3ccccc32)cc1Oc1nc(C(=O)O)ccc1F,-7.549,-6.511,-14.06
HIT_0239,CC1(C)CN(c2ccc(F)cc2C#N)[C@H]1C(=O)N1CCc2cccc(C#N)c2C1,-7.327,-6.732,-14.059000000000001
HIT_0240,Cc1ccc(Oc2ccc(N3CCC4(CCO4)CC3)nc2)cc1N1CCCC2(COC2)C1,-7.353,-6.706,-14.059000000000001
HIT_0241,N#Cc1cccc(-c2cccc3c2C[C@H](N2CC(Oc4ccc(CO)cc4C#N)C2)CC3)c1,-8.043,-6.016,-14.059
HIT_0242,Cc1cc(-c2cc(C)c3c(c2)CCN([C@H]2C[C@H](C)NC[C@@H]2C)C3)cnc1F,-7.9,-6.157,-14.057
HIT_0243,N#CCC(=O)Nc1ncccc1N(c1ccc2c(c1)CCC[C@]21COCCN1)[C@H]1COC2(CCC2)C1,-8.22,-5.837,-14.057
HIT_0244,O=C1NCCOc2ccc(Nc3cc4c(cc3N3CC(F)(F)C35CCCC5)OCC4)cc21,-7.63,-6.425,-14.055
HIT_0245,C[C@@H]1C[C@H](C)CN(c2cccc3c2CC[C@@H]3Oc2ccc3c(n2)CCNC3)C1,-7.931,-6.124,-14.055
HIT_0246,C[C@@H]1CN(c2ccc3c(c2)CN(c2ccc4c(c2)C(=O)NCC4)CCC3)[C@@H](C)CC1=O,-7.334,-6.718,-14.052
HIT_0247,Cc1cc(F)c2c(c1)CCN([C@H]1C=C(Nc3ccc4c(c3)CNCC4)C[C@@H](C)C1)C2,-7.588,-6.463,-14.051
HIT_0248,Cc1ccc(C(=O)O)cc1-c1ccc2c(n1)N(c1ccc(C#N)cc1O)CCC2,-8.108,-5.942,-14.05
HIT_0249,Cc1ccc(N2Cc3cccc(C)c3C2)c(-c2noc(-c3ncccc3O)n2)n1,-8.026,-6.024,-14.05
HIT_0250,Cc1ccc(-c2ccc3c(c2)[C@@]2(COCCN2C(=O)[C@H]2NCC[C@@H]2C)CO3)cc1C#N,-7.527,-6.518,-14.045
HIT_0251,Cc1cc2c(c(N3CCC[C@@]34CCOC4)c1)CCN(C(=O)c1ccc3c(c1)CNCCC3)C2,-7.389,-6.654,-14.043
HIT_0252,Fc1ccc(-c2nccc3c2CCN(c2cnc4n2CCNC4)C3)cc1,-8.403,-5.639,-14.042000000000002
HIT_0253,N#C[C@]1(F)CCCN(c2cc3c(cc2F)[C@H](N2CCc4ccc(F)c(F)c42)CO3)C1,-7.633,-6.409,-14.042
HIT_0254,C[C@@H]1CC[C@H](C(=O)N2CCc3cc(F)c(F)cc32)C[C@@H]1N1C(=O)C[C@H](c2cccn2C)NC1=O,-7.379,-6.662,-14.041
HIT_0255,Oc1ccc2c(c1)CN([C@@H]1CNCCCN([C@H]3Cc4ccc(F)cc4C3)C1)CC2,-7.477,-6.564,-14.041
HIT_0256,Cc1cc(N[C@H]2CCC[C@@H]2C(=O)N2CCOc3cc(F)ccc3C2)c2c(c1)[C@H](O)CO2,-7.721,-6.319,-14.04
HIT_0257,O=C(N1CCc2ccc(N3CCc4cc(F)c(F)cc4C3)cc21)C1(O)CNC1,-7.905,-6.135,-14.04
HIT_0258,Cc1nc2c(o1)CCN([C@@H]1CC[C@H](C)N(c3ccc4c(c3)CCCNC4)C1)C2,-7.403,-6.634,-14.036999999999999
HIT_0259,C[C@@H]1Cc2cc(N[C@@H]3C[C@H](C)C(=O)[C@H]3C)cc(N3CCCc4ccc(C(N)=O)nc43)c2O1,-7.502,-6.534,-14.036
HIT_0260,O=S1(=O)CCC[C@@H](N2CCc3ccc(F)c(N4CCc5c(O)cccc54)c3CC2)C1,-7.904,-6.132,-14.036
HIT_0261,Cc1c(NC(=O)[C@]2(C)CCCNC2=O)ccc(C#N)c1N1CCOC[C@]12CCc1ccc(Cl)cc12,-7.007,-7.025,-14.032
HIT_0262,O=C1COc2ccc(N3CCN[C@@H](C(=O)N4CCCc5ccc(F)cc5C4)C3)cc21,-7.68,-6.352,-14.032
HIT_0263,C[C@H]1C[C@H](O)CN(c2ccc3c(c2)NCC[C@H]3N2CC(=O)c3cc(Cl)ccc3C2)C1,-7.541,-6.488,-14.029
HIT_0264,C[C@@H]1CCN(c2cc3c(cc2F)CCN3C(=O)[C@H]2CNCCCN2)C[C@H]1C,-7.683,-6.346,-14.029
HIT_0265,C[C@H]1CCC[C@@]1(N)C(=O)N1CCC[C@H](N2Cc3cccc(F)c3C2)c2ccccc21,-8.109,-5.92,-14.029
HIT_0266,Cc1c(N2CCC[C@@](C)(O)[C@@H](C)C2)cnc(O)c1N1c2ccc(F)cc2OC[C@H]1C,-8.045,-5.984,-14.029
HIT_0267,FC(F)(F)c1cccc2c1CCN(c1ccc3c(c1)CNCCC3)C2,-7.839,-6.186,-14.025
HIT_0268,C[C@@H]1CN([C@H]2CNCc3ccc(N4CCc5ccc(Cl)cc54)cc32)C[C@@H]1C#N,-8.013,-6.012,-14.024999999999999
HIT_0269,CC(=O)c1ccc(N2CCC(=O)c3ccc(N4C[C@@H](C#N)CC(F)(F)C4)cc32)c2c1OCO2,-7.573,-6.449,-14.022
HIT_0270,Cn1c2c(cc(N3CCn4cnc(N5CC(C)(C)c6ccc(N)cc65)c4C3)c1=O)CCC2,-7.363,-6.659,-14.022
HIT_0271,C[C@@H]1C[C@H](N2CCCN(c3ccncc3C#N)CCCNCCNCC2)c2ccccc21,-7.643,-6.378,-14.021
HIT_0272,Cc1ccc(N2CCC(c3ccc4c(c3)N(c3cccc(C#N)c3C)CC4)CC2)c(F)n1,-7.541,-6.47,-14.011
HIT_0273,Cc1cc(C)c2c(c1NC(=O)[C@@H]1CCCNC1)[C@H](N1CCCc3ccc(C=O)nc31)CCO2,-8.328,-5.68,-14.008
HIT_0274,Cn1nc(N2CC[C@H](O)C(C)(C)C2)cc1N[C@H]1CCc2cc(F)ccc21,-7.421,-6.587,-14.008
HIT_0275,O[C@@H]1CCN(c2ccc3c(c2)N(c2cccc(F)c2)CC3)C[C@H]1F,-8.211,-5.795,-14.006
HIT_0276,Cc1c(C#N)cncc1N[C@H]1CC2(C1)C[C@H](C(=O)N1Cc3ccc(F)cc3C1)C2,-7.525,-6.478,-14.003
HIT_0277,Cc1c(N2CCc3ccc(N4Cc5ccc(Cl)cc5C4)cc32)ccc2c1CNCC2,-8.434,-5.567,-14.001
HIT_0278,Oc1c(N[C@H]2CCNCc3ccccc32)cccc1N1CCCC2(CNC2)C1,-7.847,-6.15,-13.997
HIT_0279,O=C([C@H]1CSCN1)N1CCc2ccc(N3CCc4cc(F)c(F)cc4C3)cc21,-7.859,-6.138,-13.997
HIT_0280,Oc1ccc(-c2noc([C@@H]3CCN[C@H]4COC[C@H]43)n2)c(N2CCCc3ccccc32)c1,-7.433,-6.564,-13.997
HIT_0281,Oc1ncc(N2CCCc3c(cccc3N3CC(O)(c4nn[nH]n4)C3)C2)c2c1CCCC2,-7.663,-6.334,-13.997
HIT_0282,CC1(C#N)CCN(c2ccc3c(c2)N(c2ccc(F)c(O)c2)CC3)CC1,-8.169,-5.824,-13.993
HIT_0283,N#Cc1cc(Oc2ccc(N3CCOc4ccncc43)cc2C(=O)N2CC(O)C2)ccc1F,-7.283,-6.71,-13.993
HIT_0284,C[C@H]1CN(C(=O)c2cc(N3CCCc4cc(F)c(F)cc43)c(O)nn2)CCCC1=O,-7.624,-6.364,-13.988
HIT_0285,C[C@@H]1[C@@H](C(=O)N2C[C@H](O)C[C@@H]2c2ccc(F)c(F)c2)CCN1c1ccc(C#N)o1,-8.003,-5.983,-13.986
HIT_0286,c1cc2c(cc1N1CCc3ccc(N4CC[C@@H]5COCC[C@@H]54)cc31)CNC2,-7.394,-6.592,-13.986
HIT_0287,Cc1cnc(O)c(CN([C@H]2C[C@@]3(CCCNC3)C2)[C@@H]2COCc3c(F)cccc32)c1,-8.56,-5.425,-13.985
HIT_0288,O=C(c1n[nH]cc1F)N1CCOc2ccc(N3CC4(CCCCC4)C3)cc21,-7.542,-6.442,-13.984
HIT_0289,O=C(C1CCN(c2cc(F)ccc2O)CC1)N1CCCc2cc(Cl)ccc2C1,-7.856,-6.126,-13.982
HIT_0290,Cc1cccnc1-c1ccc2c(c1)OC(=O)CN2c1cc(O)ccc1F,-7.753,-6.228,-13.981
HIT_0291,Cc1cc(C#N)cc(-c2cccc3c(=O)n([C@@H]4C[C@]45CCCOC5)c(=O)[nH]c23)c1,-8.055,-5.925,-13.98
HIT_0292,Cc1cccc2c1C1(CCOCC1)CN2C(=O)C1(O)CN(c2cccc(O)c2F)C1,-8.007,-5.972,-13.979
HIT_0293,O=C(c1ccc2c(c1)CCCN2c1cncnc1O)N1CCCCC12CCC2,-8.02,-5.958,-13.978
HIT_0294,Cc1ccc(F)c2c1CC[C@H]2N[C@H]1COc2cc(N3CCC[C@@](F)(CO)CC3)ccc21,-7.238,-6.739,-13.977
HIT_0295,Cc1cccc(C(=O)N2C[C@H](C)N(c3cc(F)ccn3)C[C@@H](C)NC[C@H](C)NC[C@@H]2C)c1,-7.437,-6.539,-13.975999999999999
HIT_0296,O=C([C@@H]1CC[C@H](Nc2cccc3c2[C@H](O)CC3)C1)N1CCc2ccccc21,-7.506,-6.47,-13.975999999999999
HIT_0297,Cc1ncc(N2CC(=O)c3ccccc32)cc1NC(=O)N1CCN2C=CN[C@@H]2C1,-7.362,-6.614,-13.975999999999999
HIT_0298,Cc1cc(N2CCc3ccc(F)cc3C2)cc(C)c1NC(=O)[C@]1(C)CCCNC1,-7.21,-6.766,-13.975999999999999
HIT_0299,Cc1cccc(N2CCc3cc(F)c(N4CCC5(CC4)CO[C@@H](CO)C5)cc32)n1,-7.746,-6.228,-13.974
HIT_0300,Cc1cc(N(C(=O)c2cccc3c2CNCC3)c2ccc3c(c2C)C(=O)NC3)cnc1C,-8.095,-5.876,-13.971
HIT_0301,C[C@]1(Oc2ccc3c(n2)N(c2cc(F)c4c(c2)CCNC4)CC3)CCNC[C@@H]1F,-7.804,-6.163,-13.967
HIT_0302,Cc1cc(N2CCNCCNCCNCCN([C@H]3C[C@@H](C)c4ccccc43)CC2)cc(C)n1,-7.549,-6.417,-13.966000000000001
HIT_0303,Cc1cc(C#N)cc(-c2cccc3c2CCN(c2cnc4c(c2)CCNC4)C3)c1,-7.166,-6.797,-13.963000000000001
HIT_0304,CCOc1c(N)cccc1N1C[C@@]2(NC(=O)c3nnn([C@H]4COC[C@@H]4O)c3N2)c2ccccc21,-8.16,-5.802,-13.962
HIT_0305,C[C@@]12COC[C@@H]1CN(c1cc(F)c3c(c1)CCN(C(=O)c1n[nH]cc1F)C3)C2,-7.878,-6.083,-13.961
HIT_0306,Cc1cc(C#N)cnc1C(=O)N1c2cccc(Cl)c2O[C@@H]1C(=O)Nc1onc2c1CCC2,-7.5,-6.46,-13.96
HIT_0307,Cc1cccnc1N1CCC[C@H](C)[C@@H]1C(=O)N1c2ccccc2CC[C@H]1C,-8.011,-5.948,-13.959
HIT_0308,C[C@H]1CN(C(=O)[C@@H]2CN(c3ccc(F)c4c3CCNC4)[C@H]2C)c2cccc(F)c2O1,-7.964,-5.995,-13.959
HIT_0309,C[C@H]1CC2(CCN1c1ccc3c(c1)C(=O)N([C@]1(C(=O)O)COCc4ccccc41)C3)OCCO2,-7.276,-6.676,-13.952
HIT_0310,O=C1CCc2ccc(N3CCCNCCCN(c4cnc5c(c4)CNC5=O)CCC3)cc21,-7.017,-6.935,-13.952
HIT_0311,C[C@@H]1CN(c2ccc(C(=O)N3CCCc4cccc(F)c4C3)nc2)CC1(F)F,-7.191,-6.76,-13.951
HIT_0312,COC(=O)c1ncc(Nc2c(C)ccc(C)c2C(=O)N[C@H]2CCCOc3c(C)cccc32)cc1O,-8.282,-5.668,-13.95
HIT_0313,CC[C@@H]1C[C@@H](N2CCCc3ccc(-c4ccc5c(c4)CCC5)cc3C2)CCN1,-7.241,-6.709,-13.95
HIT_0314,Cc1ccc2c(c1)C1(CCN(c3cc(Nc4cccnc4N[C@H]4CO[C@@H](C)C4)cnc3C)CC1)CO2,-7.14,-6.809,-13.949
HIT_0315,C[C@]1(C#N)CCN(c2cccc3c2CCN(c2ccc4c(c2)C[C@H](O)C4)C3)C1,-7.637,-6.312,-13.949
HIT_0316,N#C[C@@]1(F)CCN(c2ccc3c(c2)N([C@]2(C(=O)O)CCc4ncccc42)C(=O)CC3)C1,-8.33,-5.618,-13.948
HIT_0317,Cc1cc(C)c([C@H](C)N2CCc3cccc(C#N)c3C2)cc1NC(=O)CN1CCCNC(=O)C1,-7.998,-5.948,-13.946000000000002
HIT_0318,O=C([C@H]1CCN1)N1CCOc2ccc(N3CCOc4ccc(F)cc4C3)cc21,-7.986,-5.959,-13.945
HIT_0319,CC1(C)CN(C(=O)[C@]2(F)CCN(c3cccc4nc([C@@H]5NCCC5(F)F)oc34)C2)CCS1,-7.303,-6.641,-13.943999999999999
HIT_0320,C[C@@H]1CCCN(C(=O)Nc2cc(F)c(F)c(N3CCc4c(F)cccc4C3)c2)C1,-7.816,-6.128,-13.943999999999999
HIT_0321,CC1(C)CN[C@@H](C(=O)N2CCC(=O)c3ccc(N4CCc5c(F)cccc54)cc32)C1,-7.829,-6.113,-13.942
HIT_0322,Cc1cc(C)cc([C@@]2(F)CCN(C(=O)[C@H]3C[C@@H](N4CCc5cc6c(cc5C4)OCO6)C3)C2)c1,-7.416,-6.525,-13.941
HIT_0323,O=C1CCCN(C2CNCCN(C(=O)Nc3ccc(F)cc3)C2)c2ccccc21,-7.567,-6.374,-13.940999999999999
HIT_0324,C[C@@H]1Oc2c(cccc2N2Cc3ccc(N4CCC[C@H](C)[C@@H]4C)cc3C[C@@H]2C)NC1=O,-8.001,-5.939,-13.94
HIT_0325,C[C@H]1C[C@H](C(=O)N2CCCc3ccc(N4CC5(CCOC5)C4)cc3C2)N1,-7.25,-6.689,-13.939
HIT_0326,N#Cc1c(F)cccc1Oc1ccc2c(c1)N(c1ccc3c(c1)OCC[C@H]3O)CC2,-8.013,-5.926,-13.939
HIT_0327,C[C@@H]1[C@@H](O)[C@@H](C(=O)O)CN1c1ccc2c(c1)[C@H](N1CC[C@](C)(c3ccc(F)cc3)C1)CO2,-8.103,-5.835,-13.937999999999999
HIT_0328,C[C@H]1[C@@H](N2CCc3c(C#N)cccc32)CCCN1c1ccc(C#N)[nH]1,-7.093,-6.844,-13.937000000000001
HIT_0329,C[C@H]1CN(C2COC2)CCN1C(=O)c1cc(F)c(F)cc1-c1ccc2c(c1)C(=O)NC2,-7.598,-6.339,-13.937000000000001
HIT_0330,COc1cncc2c1N(c1ccc3c(c1)OCC[C@@]31CCN1C(=O)c1c(F)cncc1F)CCC2,-7.093,-6.843,-13.936
HIT_0331,O=C1CC(=O)CN([C@@H]2CCCc3[nH]c(N4CCc5c(F)cccc5C4)cc32)C1,-7.708,-6.228,-13.936
HIT_0332,Cc1cc(-c2cnc3c(c2)N(c2ccc4c(c2)NCC4)CCO3)ccc1C#N,-7.648,-6.287,-13.934999999999999
HIT_0333,Cc1ccncc1-c1ccc2c(c1)N([C@@H]1CCN[C@H](C(C)(C)C)C1)CC2,-7.506,-6.428,-13.934000000000001
HIT_0334,C[C@@H]1CN([C@@H]2CCN([C@@H]3COc4ccc(F)cc43)C(C)(C)C2)c2cccc(C(=O)O)c2N1,-8.276,-5.657,-13.933
HIT_0335,NN1CCC[C@H]1c1nc([C@]2(F)C[C@@H](N3CCc4c(F)cccc4C3)C2)no1,-7.426,-6.506,-13.932
HIT_0336,C[C@@]1(C(=O)N2CCC[C@@H]2C(=O)Nc2ccccn2)CCN(c2cccc3c2C(=O)CC3=O)C1,-7.187,-6.745,-13.932
HIT_0337,N#C[C@H]1CCC[C@@H]1NC(=O)c1ccc2c(c1)N(c1cc(F)c(Cl)nn1)CC2,-8.313,-5.617,-13.93
HIT_0338,C[C@]1(N2CCNc3ccc(C(=O)N4CCc5ccc(F)c(F)c54)cc32)CCCC(=O)C1,-7.527,-6.403,-13.93
HIT_0339,FC1CCN(c2cncc(N3CCC[C@@H]3c3nc4cccc5c4n3CCO5)n2)CC1,-7.189,-6.74,-13.929
HIT_0340,C[C@]12CCC[C@@H]1N(c1ccc3c(n1)CCCN3c1cccc3c1CCNC3=O)CCC2,-6.914,-7.013,-13.927
HIT_0341,Cc1cccc2c1CN(c1ccc3c(c1)N(C(=O)[C@H]1NCC1(C)C)CC3)CC2,-7.912,-6.014,-13.926
HIT_0342,C[C@H]1COc2ccccc2N1c1ccc2c(c1)[C@@H](N1CC(C)(C)C[C@]1(C)CO)CN2,-8.333,-5.592,-13.925
HIT_0343,C[C@@H]1CC[C@H](c2nc(-c3cccc(N4CCNC4=O)c3)no2)N1c1cccc2c1CCC(=O)N2C,-7.648,-6.276,-13.924
HIT_0344,O=C(c1ccc2c(c1)CN(c1cc(F)cnc1O)C2)N1CCOC[C@@H](c2ccccn2)C1,-8.002,-5.922,-13.924
HIT_0345,O=C1OCc2ccc(C3=CCN(C(=O)c4cc(F)cc5c4CNCC5)C3)cc21,-7.062,-6.86,-13.922
HIT_0346,Cc1noc(-c2cc3ccnc-3n([C@@]3(C(=O)O)CCCC[C@H]4[C@H]3CCN4[C@H]3C=C(C(=O)O)O[C@]3(C)c3ccccc3)c2)n1,-6.91,-7.007,-13.917
HIT_0347,Cn1nccc1-c1cc(N(c2ccc3c(c2)CNCCC3)[C@H]2C[C@@H](O)C2(C)C)ccn1,-7.697,-6.22,-13.917
HIT_0348,C[C@@]12CCC(=O)[C@@H]1[C@@H](Oc1ccc3c(c1)CCN[C@H]3C(=O)N1CCc3cc(O)ccc3C1)CC2,-7.625,-6.291,-13.916
HIT_0349,C[C@H]1NC[C@H]1C(=O)N1CCc2ccc(N3CCC[C@H](O)c4cc(F)ccc43)cc21,-8.01,-5.904,-13.914
HIT_0350,Oc1ncc(O[C@H]2CCc3c2cccc3N2CCc3c(F)cccc32)cc1Cl,-7.424,-6.488,-13.912
HIT_0351,CN1CCN(c2ccc([C@H]3CCN3)cc2)Cc2cc(-c3ccc(F)nc3)ccc21,-7.429,-6.482,-13.911000000000001
HIT_0352,Cc1cnc(-c2ccc(C#N)cc2)cc1Oc1ccc2c(c1)NC(=O)CO2,-7.659,-6.25,-13.908999999999999
HIT_0353,Cc1c[nH]c2ncc(N3CCCNCCN(C(=O)c4ccccc4O)CCC3)c-2n1,-7.24,-6.668,-13.908000000000001
HIT_0354,O=C1NCCc2cc(N3CCC4(CC3)OCc3ccc(Cl)cc34)ccc21,-7.662,-6.246,-13.908000000000001
HIT_0355,CC1(C)c2ccccc2N(c2cccc(C#N)c2O)[C@H]1CNC(=O)c1ccc2c(c1)CNC2,-7.782,-6.125,-13.907
HIT_0356,Fc1ccc(F)c(N2CC3(C2)CC2(COC2)C3)c1Oc1ccc2c(n1)NCCC2,-7.443,-6.463,-13.905999999999999
HIT_0357,C[C@H]1[C@H](O)CCN(c2ccc3c(n2)CCCN3c2ccc3c(c2)C(=O)COC3)[C@H]1C,-7.46,-6.446,-13.905999999999999
HIT_0358,C[C@@H]1N(c2ccnc(NC[C@H]3C[C@H](N4CCc5cccc(F)c5C4)C3)c2)CCC1(C)C,-7.364,-6.542,-13.905999999999999
HIT_0359,O=C([C@@H]1CCCCCN1c1ccc2c(c1)[C@H](O)CO2)N1CCCc2ccccc2C1,-7.83,-6.076,-13.905999999999999
HIT_0360,O=C1COc2ccc(N3CCc4ccc(Oc5nccc6c5CCN6)cc4C3)cc21,-7.322,-6.576,-13.898
HIT_0361,O=C1CCN(c2ccc3c(c2)C(=O)CCO3)[C@@H](C(=O)N[C@@H]2CCn3nccc3C2)C1,-7.592,-6.303,-13.895
HIT_0362,F[C@H]1CCCN(c2ccc3c(c2)CN(c2nc[nH]c4ncnc2-4)CC3)CC1,-7.892,-6.001,-13.893
HIT_0363,Cn1c(-c2cc(Cl)cc(C(=O)NC[C@@H]3CCS(=O)(=O)c4ccccc43)n2)nc2cc(C#N)c(C#N)cc21,-7.793,-6.1,-13.893
HIT_0364,C[C@@]1(C(=O)N2CC[C@@H](O)c3ccccc32)CCN([C@H]2CCc3c(F)ccc(C#N)c32)C1,-7.691,-6.201,-13.892
HIT_0365,Cc1cnc(N2CCCc3cc(C(=O)N4CC[C@@]5(CCCOC5)C4)ccc32)nc1,-7.883,-6.008,-13.891
HIT_0366,C[C@H]1[C@@H](OC(=O)c2cccc3c2C(=O)CC3)[C@H](O)[C@@H](O)CN1[C@@H]1C(=O)c2ncccc2-c2cccnc21,-7.611,-6.279,-13.89
HIT_0367,Cc1ccc2c(n1)NCC[C@H]2N1CCc2ccc(C(=O)N3CCC[C@]34CCOC4)cc2C1,-7.264,-6.626,-13.89
HIT_0368,C[C@@H]1CN(c2cccc3c2CN(c2cc(C#N)ccc2F)CC3)CC[C@H]1O,-8.14,-5.749,-13.889
HIT_0369,O=C(c1cnoc1)N1CCc2ncc(N3CCCc4ccc(F)cc4C3)cc2C1,-7.372,-6.517,-13.889
HIT_0370,C[C@H]1OCC[C@@]1(C)Nc1cc(-c2nc3cc(F)cnc3o2)ccc1C#N,-7.624,-6.262,-13.886
HIT_0371,C[C@@H]1[C@H](C(=O)N2CCC(F)(F)C(C)(C)C2)CN1[C@@H]1CCNCc2ccccc21,-7.793,-6.093,-13.886
HIT_0372,Cc1cccc(CN2CCN(c3cnc4c(c3)CCC4)[C@@H]3C[C@@H]32)c1N1C[C@@H](C)NC[C@H](C)NC[C@H](C)NC[C@@H]1C,-7.075,-6.808,-13.883
HIT_0373,Cc1ncccc1C(=O)N1CCCc2ccc(N3CC[C@H](O)[C@H](C)[C@H]3C)nc21,-8.214,-5.669,-13.883
HIT_0374,Cc1cc(F)cnc1N1CCc2ccc(COc3nccn(C)c3=O)cc21,-7.788,-6.094,-13.882000000000001
HIT_0375,CC(=O)C1CCN(c2cccc3c2CN([C@@H]2CCNc4cccc(F)c42)C3)CC1,-7.834,-6.045,-13.879
HIT_0376,Cc1ccnc(O)c1C(=O)N1CCc2c(cc(F)cc2N2CC[S@@](=O)C(C)(C)CC2)C1,-7.533,-6.345,-13.878
HIT_0377,N#Cc1cccc(C2=CCN(c3ccc4c(n3)N(C(=O)C3CCNCC3)CC4)CC2)c1,-7.693,-6.184,-13.876999999999999
HIT_0378,C[C@]1(CO)CN(c2cccc3c2OC[C@@H](N2CCCc4cccc(F)c4C2)C3)CC[C@@H]1O,-7.638,-6.237,-13.875
HIT_0379,Cc1ccc(-c2cc(NC(=O)[C@@]3(OC(=O)[C@]4(C)CCCN4C)[C@@H]4CCC[C@@H]4[C@H]4CCC[C@@H]43)on2)cc1F,-7.268,-6.607,-13.875
HIT_0380,CC1(C)CN[C@H]1C(=O)N1CCc2cc(N3CCc4ccc(F)cc4C3)ccc2C1,-7.221,-6.653,-13.873999999999999
HIT_0381,O[C@H]1CCN(c2nsc(C3CCOCC3)n2)[C@H]1c1nc2cc3c(nc2o1)CCCCC3,-6.723,-7.151,-13.873999999999999
HIT_0382,C[C@H](C1=Cc2cc(F)cc(F)c2OC1)N1CCc2ncc(N3CC[C@@H]4CCCC[C@@H]4C3)cc21,-7.343,-6.53,-13.873000000000001
HIT_0383,O=C(c1cc(F)nc(Br)c1)N1c2cccc(N3C[C@H]4CCC[C@@H](O)[C@@H]4C3)c2CS1(=O)=O,-7.796,-6.077,-13.873000000000001
HIT_0384,N#Cc1ccc(-c2ccc3c(c2)CN(C(=O)[C@@H]2NCCC2(F)F)CCC3)cc1,-6.872,-7.0,-13.872
HIT_0385,CC1(C)CN(c2cc(F)c3c(c2)CN(C(=O)c2ccc4c(c2)CNCC4)CC3)C1(C)C,-7.45,-6.422,-13.872
HIT_0386,Cc1nc2c(c(Oc3cc(F)ccc3C(N)=O)n1)CCN(c1cnc3c(c1)NCCO3)C2,-7.333,-6.538,-13.871
HIT_0387,Cc1cc(C)c2c(c1)N(c1ccc3c(c1)N(C(=O)[C@H]1CS(=O)(=O)N1)CC3)CC2,-7.703,-6.168,-13.871
HIT_0388,Cc1cc(C#N)c(N2CCc3c(O)ccc(F)c3C2)nc1C,-7.784,-6.087,-13.870999999999999
HIT_0389,N#C[C@H]1CC[C@@](c2nc3c(Cl)c(=O)n(-c4ccccc4)nc3o2)(N2C(=O)CCc3ccncc32)CC1,-7.333,-6.536,-13.869
HIT_0390,Cn1cc2c(cc1=O)CCN2C(=O)c1ccc(N2CCc3ccccc32)nc1,-7.581,-6.287,-13.868
HIT_0391,CO[C@H]1CCN(c2cccc3c2CN(c2ccc(F)c4c2CNCC4)C3)[C@H]1C,-7.958,-5.909,-13.867
HIT_0392,C[C@H]1[C@@H](C(=O)N2CCCc3c(Cl)cccc3C2)CCCN1c1ccccc1O,-7.056,-6.811,-13.867
HIT_0393,C[C@@H]1CC[C@@H]1NC(=O)N1Cc2ccccc2[C@H](N2CCc3ccc(Cl)nc32)C1,-7.547,-6.32,-13.867
HIT_0394,C[C@H]1CC2(CCC2)CN1c1cc(N[C@@H]2CCc3cc(F)ccc32)c(=O)n(C)c1,-7.232,-6.634,-13.866
HIT_0395,Cc1cc(=O)n(C)cc1N1CCCNC[C@H](N2CCc3ccc(F)cc3[C@H](C)C2)C1,-7.639,-6.226,-13.865
HIT_0396,C[C@H]1[C@H](C(=O)N2Cc3ccc(C#N)cc3C2)CN1c1ccc2c(c1)C(=O)COC2,-7.252,-6.611,-13.863
HIT_0397,O=c1cncc(N2CCc3cccc(N4CCC5(CCCCC5)C4)c3C2)[nH]1,-7.661,-6.202,-13.863
HIT_0398,C[C@H]1CC[C@H](N2CCC(=O)c3cccnc32)CN1c1cnc2c(c1)NCC(=O)O2,-7.57,-6.293,-13.863
HIT_0399,C[C@H]1CC[C@@H](N2CCc3cc(F)ccc3C2)CN1c1cccc2c1OCC[C@H]2N,-7.084,-6.774,-13.858
HIT_0400,N#Cc1cc(NC(=O)[C@H]2CNCC23CC3)cc(N2CCCc3ccc(F)cc3C2)c1,-7.198,-6.657,-13.855
HIT_0401,O=C([C@H]1CCCCN(c2ccc3c(c2)CNCC3)C1)N1CCCc2cc(F)ccc2C1,-7.271,-6.581,-13.852
HIT_0402,C[C@@H]1CN(c2ccccc2)CCN1C(=O)[C@@H]1COc2cc(F)ccc2C1,-7.599,-6.251,-13.850000000000001
HIT_0403,Cc1c(N2Cc3nccnc3C2)ccc2c1C(=O)N([C@@]1(C(=O)O)COc3ccc(Cl)cc31)C2,-7.074,-6.774,-13.847999999999999
HIT_0404,C[C@@H]1CN(C(=O)c2ccc3c(c2)CN(c2ccc4c(c2)NCC4)CCC3)[C@@H](C)CN1,-7.586,-6.262,-13.847999999999999
HIT_0405,C[C@H]1c2ccc(F)cc2CCN1c1ccc2c(c1)CCN2C(=O)C1CNC1,-7.238,-6.609,-13.847000000000001
HIT_0406,C[C@H]1CCCN(c2ccc3c(c2)N(c2cnn(C)c2N)CC3)CC1,-7.81,-6.036,-13.846
HIT_0407,O=C(Nc1ccc2c(c1)COC2)N1CCc2ccc(N3CCC[C@@]34CCOC4)cc21,-7.755,-6.091,-13.846
HIT_0408,N#Cc1cc(F)ccc1N1CCNCCNCCN([C@H]2Cc3cccc(F)c32)CC1,-7.575,-6.27,-13.844999999999999
HIT_0409,C[C@H]1CN(c2ccc3c(c2)N(c2ccc4c(c2)NCC4)CC3)CCC[C@@H]1O,-7.619,-6.226,-13.844999999999999
HIT_0410,O=C(c1ccc2c(c1)CN([C@H]1CNc3ccccc31)CC2)N1CCC[C@@]12CCO2,-7.256,-6.586,-13.842
HIT_0411,C[C@H]1CN(c2ccc3c(n2)CCN(c2c[nH]c(=O)cn2)C3)CCC1=O,-7.722,-6.12,-13.842
HIT_0412,CC1(NC(=O)N2CCOc3ccc(N4CCC5(CC4)CC(F)(F)C5)cc32)CCNCC1,-7.51,-6.332,-13.841999999999999
HIT_0413,O=C(Nc1ccc(F)cc1-c1ccnc(O)c1)[C@H]1CC[C@@]2(CCNC2)CC1,-7.821,-6.02,-13.841
HIT_0414,C[C@@H]1CN(C(=O)c2ccc3c(c2)N(c2ccc4c(c2)C(=O)NCC4)CCN3)CCN1CC#N,-7.497,-6.343,-13.84
HIT_0415,N#Cc1cc(N)c(C(=O)N2CCc3ccc(F)c(F)c32)cc1N1CCCNCC(=O)C1,-7.482,-6.357,-13.839
HIT_0416,Cc1nc(C(=O)N2CCc3cccc(F)c3C2)ccc1N1CC[C@@H](O)[C@H]2CCC[C@@H]21,-7.001,-6.837,-13.838000000000001
HIT_0417,C[C@H]1CN(C(=O)N2CCc3ccc(N4CCc5ccncc5C4)cc32)CCN1,-7.907,-5.931,-13.838000000000001
HIT_0418,CC1(C)C[C@H](C(=O)N2CCCNc3ccccc3C2)N(c2cccnc2O)C1,-8.2,-5.638,-13.838
HIT_0419,C[C@@]1(C#N)CCN(c2ccc3c(c2)CN(c2ccc(C#N)c(F)c2)CC3)C1,-7.574,-6.261,-13.835
HIT_0420,CC1=CCCN(CC[C@H]2CCN([C@]3(c4nc(-c5cc(C)cc(F)c5F)no4)CCCc4c[nH]c(C)c43)C2=O)C1,-7.394,-6.441,-13.835
HIT_0421,C[C@H]1CCCN[C@H]1C(=O)N1CCc2cc(N3CCc4ccc(F)cc43)ccc21,-7.506,-6.328,-13.834
HIT_0422,COc1cc(-c2ccc(Cl)c(C)c2F)cc2c1OCCN(c1cc(C#N)ccn1)C2,-7.954,-5.88,-13.834
HIT_0423,Cc1ccc(N2CCc3cccc(-c4c(C)cc(C#N)cc4C)c3C2)nc1C,-8.154,-5.679,-13.833
HIT_0424,C[C@@H]1CCN(c2cnc3c(c2)N([C@H]2Cc4cccc(F)c42)CC3)CC[C@H]1O,-7.747,-6.086,-13.833
HIT_0425,N#C[C@@]1(F)CCCN(c2ccc(F)c(C(=O)CNc3ccc(F)c4c3OCCC4=O)c2)C1,-6.971,-6.862,-13.833
HIT_0426,C[C@@H]1OCCN(c2cc3c(nn2)CCN(c2ccc4c(n2)CCNC4)C3)[C@H]1C,-7.091,-6.74,-13.831
HIT_0427,Cc1cc2c(cc1C)CN(c1ccc3c(n1)NCCC3)CCC2,-7.31,-6.519,-13.829
HIT_0428,Cc1ccc(-c2ccc3c(c2)N(C(=O)[C@@H]2CNC[C@H](C)C2)CCN3)cc1,-7.55,-6.278,-13.828
HIT_0429,N[C@H]1COc2cccc(N3CCNC[C@H](N4CCCc5cc(F)ccc5C4)C3)c2C1,-7.137,-6.69,-13.827
HIT_0430,COc1ccc(CS(=O)(=O)N2CCCN(C(=O)c3ccc(F)c(F)c3F)CCCNCCNCC2)cc1,-7.555,-6.271,-13.826
HIT_0431,C[C@@H]1CN(c2ccc3c(c2)N(c2ccc4c(c2)OCC4)CC3)[C@@H](C)CN1,-7.7,-6.126,-13.826
HIT_0432,COc1ccc(-c2ccc3c(c2)N(c2cnn4c2NCCC4)CCN3)cn1,-7.462,-6.362,-13.824
HIT_0433,Cc1cccc(C(=O)N2CCCN(c3ccc(O)c4c3O[C@@H](C)C4)CCNCCNCC2)c1,-7.454,-6.37,-13.824
HIT_0434,C[C@H]1[C@@H](O)Cc2ccccc2N1c1ccc2c(c1)CN(C(=O)N1CCNCC1)C2,-7.622,-6.201,-13.823
HIT_0435,Cc1cc(N2CCCc3ccc(N4CC[C@@](F)(C#N)C4)cc3C2)cnc1O,-7.664,-6.158,-13.822
HIT_0436,Cc1ncc(C(=O)N2CC[C@@]3(CCN(c4ccc(F)c5c4OCCC5=O)C3)C2)cc1N,-7.706,-6.115,-13.821000000000002
HIT_0437,Cc1[nH]c(C)c(O[C@H]2CC[C@H](N3CCc4cccc(C5=CCOCC5)c4C3)C[C@H]2C)c1C#N,-7.165,-6.656,-13.821
HIT_0438,CC1(C)CC(Nc2ccc3c(c2)CCN3C(=O)c2cc3c(cc2F)C(=O)NC3)CC1(C)C,-7.176,-6.645,-13.821
HIT_0439,Cc1nc(C(=O)N2CCc3ccc(N4CC[C@@]45CCOc4ccc(F)cc45)cc3C2)oc1C,-7.213,-6.607,-13.82
HIT_0440,C[C@H]1C[C@@H](O)CCN1[C@H]1COCc2ccc(N3CCc4cccc(O)c43)cc21,-7.652,-6.167,-13.818999999999999
HIT_0441,Cc1coc(CN2Cc3ccc(-c4ccc(C)nc4C)cc3[C@@H](O)C2)c1,-7.77,-6.049,-13.818999999999999
HIT_0442,N#Cc1occc1N1CCc2[nH]c(C(=O)N3CCCc4ccc(F)cc4C3)cc2C1,-7.655,-6.162,-13.817
HIT_0443,Cc1ccc(N2CCc3ccc(N4CCC[C@@H](O)[C@@H]4C)cc3C2)cn1,-7.822,-5.994,-13.815999999999999
HIT_0444,C[C@H]1NCCN(c2cccc3c2CCCN(c2cncc4c2CCC4=O)C3)[C@H]1C,-8.147,-5.667,-13.814
HIT_0445,N#Cc1c(F)cccc1N1CCO[C@H](C(=O)N[C@@H]2CCCc3cc(F)ccc32)C1,-7.444,-6.37,-13.814
HIT_0446,CC[C@H]1[C@H](O)CCN1c1ccc2c(c1)CN(c1ccc(C)c(F)c1O)CCC2,-7.644,-6.17,-13.814
HIT_0447,N#Cc1cccc(C#N)c1N1CC[C@H]([C@@H](c2ccccc2)N2CCc3ccc(F)cc3C2)C1,-8.265,-5.548,-13.813
HIT_0448,Cc1cc(C(=O)N2CCc3c(cccc3N3CCC[C@@](F)(C#N)C3)C2)nnc1Cl,-7.1,-6.713,-13.812999999999999
HIT_0449,CCc1cccc(N2CCNCCN([C@@H]3CCCCCC(=O)[C@H]3F)CC2)n1,-7.557,-6.254,-13.811
HIT_0450,Cc1cc2c(cc1N1CCc3c(F)cccc31)CN(C(=O)[C@@H]1NCCS1)CC2,-7.82,-5.991,-13.811
HIT_0451,O=C(c1cncc(N2CC[C@@H]2C(=O)N2CCCCc3ccccc32)n1)N1CCCOCC1,-8.085,-5.725,-13.81
HIT_0452,Cc1ccnc(O)c1C(=O)N1CCc2c(F)ccc(N3C[C@@H]4CCC[C@@]4(C#N)C3)c2C1,-7.879,-5.931,-13.809999999999999
HIT_0453,C[C@H]1CC(=O)CCN1C(=O)N1C[C@H](c2nc(-c3cccc4c3CNC4)no2)C(C)(C)C1,-7.27,-6.538,-13.808
HIT_0454,C[C@@H]1[C@H](N2CCOCC2)CCN1c1cc2c3c(c1)nc(C[C@H]1OCc4ccccc41)n3CC2,-7.277,-6.53,-13.807
HIT_0455,COc1ccc(N2Cc3ccc(F)cc3C2)c2c1CN(C(=O)[C@H]1CN[C@@H]1C)CC2,-8.05,-5.757,-13.807
HIT_0456,Cc1ccc2n1CCN([C@@H]1CC(=O)CN(c3cccc4c3CCCNC4)C1)C2,-8.001,-5.806,-13.806999999999999
HIT_0457,C[C@@H]1CCCN(c2ccc3c(c2)[C@@]2(CCO3)CCN2c2cc(C#N)ccc2F)[C@@H]1CO,-7.556,-6.25,-13.806000000000001
HIT_0458,Cn1cc(N2CCc3cccc(N4CCC[C@](F)(C#N)C4)c3C2)c(O)n1,-7.552,-6.254,-13.806
HIT_0459,C[C@H]1CN(c2ccc3c(c2)N(c2cc4c(cc2F)OCCN4)CCC3=O)C[C@H](C)C1O,-7.386,-6.419,-13.805
HIT_0460,N#C[C@@]1(F)CCN(C(=O)c2ccc(F)c3c2CN(c2ncccc2O)CC3)C1,-7.888,-5.916,-13.804
HIT_0461,Cc1nc(Cl)ccc1-c1ccc2c(c1)N(C(=O)[C@@H]1CCN[C@H](C)[C@@H]1C)CC2,-7.694,-6.11,-13.804
HIT_0462,C[C@@H]1c2ccccc2[C@H](C)N1C(=O)[C@H]1CN(c2cnn3c2CNCC3)CC12CCCC2,-7.673,-6.131,-13.804
HIT_0463,N#Cc1cccc2c1[C@H](N1C[C@]3(CO)C[C@@]1(C(=O)N1CCCc4c(F)ccc(F)c41)C3)CC2,-7.813,-5.99,-13.803
HIT_0464,Cc1ccc2c(c1)CN(c1cccc3c1CC(=O)NC3)CCN2C(=O)N1CC[C@](C)(CN)C1,-7.536,-6.267,-13.803
HIT_0465,C[C@@H]1CN(c2ccc(C#N)nn2)CCN1C(=O)c1ccnc(Oc2ccc3c(c2)CCO3)c1,-7.56,-6.243,-13.803
HIT_0466,C[C@@]1(C#N)CCN(c2ccc3c(n2)N(c2cc(F)c4c(c2)C(=O)CO4)CCC3)C1,-7.837,-5.965,-13.802
HIT_0467,O=C(c1cccc2c1CN(c1ccc3c(n1)NCCC3)CC2)N1CCCNCCC1,-7.685,-6.117,-13.802
HIT_0468,O=C([C@@H]1CCN(c2cccc(O)n2)C1)N1CCCc2ccc(F)cc2C1,-7.118,-6.682,-13.8
HIT_0469,C[C@H]1CN(c2cccc3c2CCN([C@H]2COCc4ccc(F)cc42)C3)C=C(N)S1,-7.88,-5.92,-13.8
HIT_0470,C[C@]1(C(=O)N2CCC(=O)c3ccc(F)cc32)CCCN(c2cc(CN)c3c(c2)COCO3)C1,-7.757,-6.042,-13.799
HIT_0471,C[C@H]1CCN(c2ccc3c(c2)N(c2ccc4c(c2)NCCO4)CC3)[C@H](C)C1,-7.574,-6.225,-13.799
HIT_0472,O=C1CNCc2ccc(N3CCc4ncc(N5CCc6ccncc65)cc4C3)cc21,-7.445,-6.353,-13.798
HIT_0473,O=C([C@H]1Cc2ccc(F)cc2CN1)N1CCCNc2ccccc2C1,-7.862,-5.936,-13.798
HIT_0474,Cc1cc2c(c(N3CCc4sc(N5CC[C@H](O)c6ccccc65)cc4C3)c1)CCNC2=O,-8.114,-5.682,-13.796000000000001
HIT_0475,Cn1cc(Cl)cc(N2CC[C@](O)(C(=O)N3CCCC(=O)c4ccccc43)C2)c1=O,-7.744,-6.05,-13.794
HIT_0476,Cc1ccc(F)c(NC(=O)[C@@H]2NC[C@H]3CC(=O)C[C@H]32)c1S(=O)(=O)c1c(F)cnc(F)c1F,-7.701,-6.091,-13.792
HIT_0477,C[C@H]1C[C@H](C(=O)N2CCc3nc(N4CCCNc5ccccc5C4)ccc32)N1,-7.163,-6.629,-13.792
HIT_0478,CN1CC2(C1)CN([C@H]1COCc3cc(N4CCC(=O)c5ccccc54)ccc31)C2,-7.607,-6.185,-13.792
HIT_0479,Cc1noc(C(=O)N[C@@H]2C=C(C(=O)N3CCc4ccc(C#N)cc43)CC2)c1Br,-7.084,-6.708,-13.792
HIT_0480,CC(C)(C)C1=C[C@@H](Nc2ccc3c(c2)[C@@H](N2CCc4cccc(F)c4C2)CO3)CC1,-7.322,-6.467,-13.789
HIT_0481,Cc1cnc(NC(=O)[C@H]2C[C@H](C)N2[C@@H]2CCc3ccc(F)cc3C2)c(F)c1,-7.67,-6.118,-13.788
HIT_0482,Cc1ccc(-c2cccc3c2CCN(C(=O)[C@H]2CNCCCO2)C3)c(F)c1,-8.017,-5.769,-13.786
HIT_0483,Cc1nc(N2CCC[C@@](C)(O)[C@@H](C)C2)c(N[C@@]2(C#N)CCc3ccccc3C2)[nH]1,-7.888,-5.897,-13.785
HIT_0484,Cc1cc2c(c(N3CCc4nc(N5CCCC[C@@]56CCOC6)c(C#N)cc4C3)c1)CCNC2=O,-6.997,-6.786,-13.783
HIT_0485,C[C@H]1CN(c2cn(C)c(=O)cc2N[C@@H]2CCc3c(F)ccc(F)c32)CC[C@]1(C)O,-8.196,-5.587,-13.783
HIT_0486,C[C@H]1NCCC[C@@H]1N1CC[C@@H](c2cccc(N3CCCc4ccccc4C3)c2)C1,-7.379,-6.401,-13.78
HIT_0487,CC1(C)CN(c2ccc3c(c2)N(c2ccc(F)cc2)CC3)CCN1,-7.929,-5.85,-13.779
HIT_0488,O=C(C1CNC1)N1CCCc2nc(N3CC[C@H](O)c4ccccc43)ccc21,-7.568,-6.21,-13.777999999999999
HIT_0489,Oc1ccc(F)cc1N1CCCC[C@@H](N2Cc3ccc(F)cc3C2)C1,-7.745,-6.032,-13.777000000000001
HIT_0490,O=[S@]1CCCN(c2ccc3c(c2)CN(c2ccc(F)cc2O)CCC3)CC1,-7.238,-6.539,-13.777000000000001
HIT_0491,O=C1NCc2ccnc(Oc3ccc(N4CCc5cccc(F)c54)cc3)c21,-7.508,-6.267,-13.775
HIT_0492,CC(O)=C(c1cccc(N2CCO[C@@](C)(C#N)C2)c1)c1nc2cc(F)ccc2n1C,-7.799,-5.973,-13.772
HIT_0493,Cc1nc(N2CCOc3c(F)cc(N4CCNCCNCC4)cc32)ccc1F,-7.545,-6.227,-13.772
HIT_0494,Oc1ccc2c(c1)N(c1ccc3c(c1)[C@@]1(CC3)COCCN1)CCC2,-7.76,-6.01,-13.77
HIT_0495,C[C@@H]1CC(N2CCc3cc(N)ccc3C2(C)C)=C[C@H](N2Cc3cccc(F)c3C2)C1,-7.615,-6.154,-13.769
HIT_0496,C[C@@H]1CC[C@@H](C(=O)N[C@@H]2CCc3cc(C(=O)N4CCCc5cc(F)ccc5C4)cc(F)c32)CN1,-7.182,-6.586,-13.768
HIT_0497,Oc1ncc(N2CCNCc3ccc(N4CC[C@H](F)[C@H](F)C4)cc32)cc1Cl,-7.661,-6.107,-13.768
HIT_0498,CC1=C(C(=O)N2CCc3cc(F)c(C(=O)N4CCC[C@H]4c4cc(C)on4)cc3C2)C(=O)CN1,-7.479,-6.289,-13.768
HIT_0499,Cc1cnc(N2CCNc3ccc(C(=O)N4CCC[C@@](C)(F)CC4)cc32)cn1,-7.625,-6.142,-13.767
HIT_0500,C[C@@H]1CC(C(=O)NC2=C3NC=CN3CC(N3CCc4nccc(C(=O)O)c4C3)=C2)C[C@@H](C)C1,-7.172,-6.593,-13.765
HIT_0501,C[C@@H]1CC(=O)CCN1c1ccc2c(c1)CN(c1ccc3c(c1)C(=O)CO3)[C@H](C)C2,-7.12,-6.645,-13.765
HIT_0502,O=Cc1[nH]ccc1N1CCOc2ccc(N3CCC4(CCNCC4)CC3)cc2C1,-8.035,-5.73,-13.765
HIT_0503,Cc1ncnc2c1CN(c1ccc3c(c1)[C@@]1(CC3)COCCN1)CC2,-7.877,-5.885,-13.762
HIT_0504,Cc1cc(F)cc2c1CN(c1ccc3c(c1)OCCN3)CC2,-8.034,-5.724,-13.758000000000001
HIT_0505,N[C@@H]1COCc2ccc(N3CCCc4ccc(F)cc43)cc21,-8.059,-5.699,-13.758
HIT_0506,O=C([C@@H]1CN(c2ccc([S@](=O)O)cc2F)CCN1)N1CCC[C@H]1c1ccc(F)cc1,-6.918,-6.84,-13.758
HIT_0507,C[C@@H]1CN(c2ccc3c(n2)N(c2cccc4c2CCNC4)CCC3)[C@@H](C)CO1,-7.621,-6.136,-13.757000000000001
HIT_0508,N#Cc1ccc(N2CCCc3ccncc32)cc1Oc1ccc(O)nc1,-7.806,-5.951,-13.757
HIT_0509,C[C@@H]1C[C@@H](N2Cc3cc(F)cnc3C2)CCN1c1cccc2c1C(=O)CCN2,-7.811,-5.945,-13.756
HIT_0510,Cc1ccc(C(=O)N2CCc3ccc(N4CCCCNCCNCC4)cc32)nn1,-8.092,-5.664,-13.756
HIT_0511,CC1(C)N[C@@H](C(=O)N2CCc3ccc(-c4ccc(Cl)cc4C#N)cc32)CS1,-7.92,-5.836,-13.756
HIT_0512,C[C@H]1CC(=O)CC[C@H]1Oc1ccc2c(c1)CN(c1ccc3c(c1)NCC3)CCC2,-7.106,-6.65,-13.756
HIT_0513,C[C@@H]1CCN(c2ccc3c(c2)N(c2cnc(O)c(F)c2)CC3)CC[C@@H]1O,-7.283,-6.472,-13.755
HIT_0514,Cc1cc(N2CCCc3nc(N4CCCC45CCC5)ccc32)ncc1O,-7.674,-6.081,-13.755
HIT_0515,O=C1CC[C@H](N2CCC[C@]3(CCC[C@H]3O)C2)[C@H]1c1ccccc1,-7.981,-5.772,-13.753
HIT_0516,CC1(C)C(=O)NCCN1c1cccc([C@H](C#N)C=C2CCCCCCNC2=O)c1,-7.541,-6.211,-13.752
HIT_0517,Cc1cc(-c2cc3c(cc2F)OCCN3C(=O)[C@H]2CNCC[C@H]2C)ccc1F,-7.877,-5.875,-13.751999999999999
HIT_0518,C[C@H]1CC[C@H](C(=O)N2CCc3ccc(N4CCCc5cccc(F)c54)cc32)N1,-7.852,-5.898,-13.75
HIT_0519,Cn1nc(N2CCC[C@](C)(C#N)C2)cc1Nc1ccc(F)c2c1CNCC2,-7.802,-5.948,-13.75
HIT_0520,Cc1cc(N([C@H]2CCCN([C@@H]3CCc4cc(O)ccc43)CC2)[C@@H]2CCN[C@@H](C)C2)nn1C,-6.968,-6.782,-13.75
HIT_0521,C[C@@H]1C[C@@H](O)CN(c2ccc3c(c2)N(c2ccc4c(n2)NCC4)CC3)C1,-7.907,-5.842,-13.748999999999999
HIT_0522,C[C@]1(F)CCCN(C(=O)c2ccc(N3CCc4cc(F)cc(F)c4C3)[nH]2)CC1,-7.383,-6.365,-13.748000000000001
HIT_0523,O=C1CCNc2cccc(N3Cc4ccc(N5CCC[C@]56CCOC6)cc4C3)c21,-7.251,-6.497,-13.748000000000001
HIT_0524,Cc1c(-c2c(N3CCC[C@@]4(CCN(C)C4)C3)ccc3c2OC[C@@H]3N)ccc(Cl)c1F,-7.953,-5.793,-13.746
HIT_0525,O=C1COc2cc(N3CCCN(c4ccc5c(c4)CCN5)CCNCC3)c(F)cc21,-6.892,-6.854,-13.746
HIT_0526,Cc1cnc(O)c(N2CCc3cc(C(=O)N4C[C@H](N5CCCC5)C[C@H]4C)ccc32)c1,-7.855,-5.891,-13.746
HIT_0527,CN(C(=O)c1ccc(Oc2cnc3c(c2)CNC3)nc1N1CCC[C@H](c2ccccc2C(=O)O)C1)C1COC1,-7.029,-6.717,-13.745999999999999
HIT_0528,Cc1ccc(F)c2c1N(c1ccc3c(c1)C[C@@H](C)C(=O)N3)CCC2,-7.877,-5.869,-13.745999999999999
HIT_0529,C[C@@H]1C[C@@H](C(C)(C)O)N(c2ccc3c(c2)CCN3c2ccc3c(c2)C(=O)COC3)C1,-7.213,-6.531,-13.744
HIT_0530,O=C(N[C@@H]1CN(c2cccc(CN3CCOc4cccc(F)c43)n2)C[C@H]1O)C1(O)CCOCC1,-7.285,-6.459,-13.744
HIT_0531,CC(NC(=O)c1cc(N2CC[C@@H](C)C2(C)C)cc(C)n1)=C1C(=O)c2ccccc2C1=O,-7.053,-6.691,-13.744
HIT_0532,Cc1c(O)ccc2c1CCCN2c1ccc2c(c1)[C@@]1(COCCN1)CO2,-7.633,-6.107,-13.74
HIT_0533,CC[C@@H]1CN(c2cccc3c2CCCNC3)CC[C@H]1N1CCc2cc(=O)n(C)cc21,-7.766,-5.973,-13.739
HIT_0534,C[C@H]1Cc2cc(Oc3nc4c(cc3NC(=O)c3cc5c(nc3O)[C@@H](C)CCC5)CCC4)ccc2CN1,-6.982,-6.757,-13.739
HIT_0535,COc1ncc(N2C(=O)c3cc(C)ccc3N(C)[C@@]23C[C@H]2CNC[C@H]2C3)cc1F,-7.925,-5.814,-13.739
HIT_0536,COc1cc(C(=O)N([C@H]2C[C@H](C)c3ccccc32)[C@H]2C(=O)Nc3cc(F)cc(F)c32)cnc1Cl,-8.12,-5.619,-13.738999999999999
HIT_0537,Cc1cnc(C#N)c(N2CCCc3ccc(Oc4ccc(=O)n(C)c4)cc3C2)c1,-7.272,-6.466,-13.738
HIT_0538,O=C([C@H]1Nc2cccc(-c3ccc4nscc4c3)c2O1)N(C1CCCC1)C1CCC2(CC1)COC2,-7.438,-6.299,-13.737
HIT_0539,O[C@@]1(Oc2nc3ccccc3[nH]2)CCN([C@@H]2CCOc3cc(F)ccc32)CC1(F)F,-7.753,-5.983,-13.736
HIT_0540,N#CC1(C#N)CCCN(c2ccc3c(c2)CC[C@@H](N[C@H]2CCCc4cc(F)ccc42)C3)C1,-7.251,-6.485,-13.736
HIT_0541,Cc1cc2c3c(c1)nc(C1(C)CC1)n3[C@@]1(CC2)NC(=O)c2c(ncn2C)N1,-7.444,-6.291,-13.735
HIT_0542,Cc1cnc(N2CC[C@@H](C)[C@@H](N3CCCc4ccncc43)CC2)cc1N,-7.443,-6.292,-13.735
HIT_0543,Cc1cc(N2CC[C@@](F)(C#N)C2)ccc1CC(=O)N[C@@H]1CCc2cc(F)ccc2C1,-8.295,-5.439,-13.734
HIT_0544,O[C@H]1CCOc2cc(N3CCCc4ccc(F)cc4C3)ccc21,-8.007,-5.726,-13.733
HIT_0545,Oc1ccc2c(c1)[C@H](N1CCCC[C@H](N3CCc4ccc(O)nc4C3)C1)CC2,-7.376,-6.356,-13.732
HIT_0546,COc1ncc(N2CCc3ccc(N4CCCN(C)c5ccccc54)cc32)cc1N,-8.015,-5.717,-13.732
HIT_0547,Cc1cc2c(cc1C)CN(c1ccc3c(c1)OCC[C@H]3O)CCC2,-7.417,-6.314,-13.731
HIT_0548,Cc1cc(C(=O)O[C@@H]2CCCn3ccnc32)nc(N2CCc3nc(O)ccc3C2)c1,-7.302,-6.427,-13.729
HIT_0549,O=C(N1CCc2ccncc21)[C@]12CCC[C@@H]1CN(c1ccc3c(n1)NCCC3)C2,-7.703,-6.025,-13.728000000000002
HIT_0550,O=C1CN(c2c(F)ccc3c2CCN3C(=O)[C@H]2CCCO2)Cc2ccccc2N1,-8.169,-5.558,-13.727
HIT_0551,Cc1c(F)ccc2c1CC[C@H]2NC(=O)[C@H]1CCN(c2ccc(=O)n(C)c2)[C@@H]1C,-7.65,-6.077,-13.727
HIT_0552,Cc1cc2c(c(N3C[C@H](N4CCN(C)c5cccc(F)c54)CC[C@@H]3C)c1)OC[C@H]2O,-7.346,-6.381,-13.727
HIT_0553,CN1CC[C@H]1C(=O)N1CCc2cc(N3CCc4cc(F)cc(C(=O)O)c4C3)ccc2C1,-7.327,-6.399,-13.725999999999999
HIT_0554,N#Cc1ccc(Cl)c(-c2cc(N)c(C(=O)N3CCc4cccc(C#N)c43)nn2)c1,-7.116,-6.61,-13.725999999999999
HIT_0555,N#Cc1cc(N2C[C@@H](c3nc4cccc(C#N)c4o3)CC(F)(F)C2)ccc1O,-7.598,-6.127,-13.725
HIT_0556,COc1cc(O)c(F)cc1N1CCc2ccc(COc3cncc4c3CCC[C@@H]4O)cc2C1,-8.124,-5.6,-13.724
HIT_0557,C[C@@H]1CCN(c2ccc(F)c(Nc3cccc4c3C3(CC3)C(=O)N4)n2)C[C@H]1C,-7.577,-6.147,-13.724
HIT_0558,Cc1cc2c(cc1O)CCN(c1cc(C)c(NC(=O)N[C@H]3C[C@@H](C(=O)NC[C@@]45CCCC[C@H]4C5)C3)cc1F)C2,-7.001,-6.723,-13.724
HIT_0559,C[C@H]1CCN(c2ccc3c(c2)CN(c2nc(C#N)n[nH]2)CCC3)[C@H](C(=O)O)C1,-7.332,-6.392,-13.724
HIT_0560,Cc1cc2c(cc1N1CC[C@@H](F)C[C@@H]1C)CN(C(=O)[C@H]1CN[C@H]1C)CC2,-7.79,-5.933,-13.722999999999999
HIT_0561,Cc1ccc(-c2cc(N3CCc4cc(F)ccc43)ccn2)nc1,-7.543,-6.179,-13.722000000000001
HIT_0562,Cc1cc2c(cc1N1CCC[C@@H](C)[C@@H]1C)CN(C(=O)c1ccc(N)c(N)c1)CC2,-7.664,-6.057,-13.721
HIT_0563,Cc1cncc(O)c1N1CCC(=O)NCCNCCCN([C@H]2COc3c(F)cccc32)CC1,-7.655,-6.065,-13.72
HIT_0564,N#Cc1ccc(N2CCO[C@H](CN3CCC[C@@H](O)c4cc(F)ccc43)C2)cc1F,-7.666,-6.054,-13.72
HIT_0565,O=C(c1ccc(C(F)(F)F)o1)N1CCOC[C@]12CCCc1ccc(-c3ccc(CO)nc3)cc12,-7.476,-6.244,-13.719999999999999
HIT_0566,CC1=C(N2CCCc3ccncc32)CN(c2ccc3c(c2)CCNC3)CC1,-7.108,-6.612,-13.719999999999999
HIT_0567,O=C(c1[nH]c2nccc-2cc1N1CCc2cc(F)ccc2C1)N1CCC[C@@H]2CC[C@H](C1)O2,-7.442,-6.278,-13.719999999999999
HIT_0568,Cc1cc(Oc2cccc3c2CN([C@@H]2CCNC[C@@H]2C)C3)c2c(c1)C(=O)NCC2,-7.07,-6.649,-13.719000000000001
HIT_0569,Cc1cccc(N2CCCc3nc(N4CC5(CCCCO5)C4)ccc32)c1O,-7.809,-5.909,-13.718
HIT_0570,C[C@H]1C[C@@H](C(=O)Nc2cc3c(cc2N2CCCNc4cc(F)c(F)cc42)OCC3)C1,-7.341,-6.377,-13.718
HIT_0571,c1cc2c(c(N3Cc4cnc(N5CCCC56CCOCC6)cc4C3)c1)CCNC2,-7.021,-6.694,-13.715
HIT_0572,N#Cc1ccc2c(n1)N(C(=O)[C@H]1N(c3ccc4c(c3F)CCNC4)CCC1(F)F)CCC2,-7.978,-5.737,-13.715
HIT_0573,c1cnc2c(c1)CC[C@@H](N1CCOc3ccc(N4CC[C@H]5CC[C@@H](C4)O5)cc31)C2,-7.394,-6.32,-13.714
HIT_0574,C[C@H]1CN(c2ccc3c(n2)NCC[C@H]3N2CCCCc3ccncc32)CCN1C,-7.343,-6.37,-13.713000000000001
HIT_0575,C[C@@H]1C[C@@H](N2CCOc3ccc(F)cc3C2)CCN1c1cccc2c1CCCNC2,-7.084,-6.629,-13.713
HIT_0576,C[C@H]1CC[C@@H](N2CCCc3c(Cl)cccc3C2)CN1c1ccc(=O)n(C)c1,-7.392,-6.32,-13.712
HIT_0577,C[C@H]1CN(c2cc3c(c(CNc4ccc5n4CCNC5=O)c2)OCC3)Cc2cccnc21,-7.759,-5.953,-13.712
HIT_0578,Cc1c(C#N)cncc1N1CCC[C@H](N2CCc3cc(C#N)cc(F)c32)CC1,-7.244,-6.468,-13.712
HIT_0579,N#Cc1ccc(-c2cc3c(cc2F)CCN3C(=O)[C@@]23CCC[C@H]2NCC3)c(F)c1,-6.822,-6.889,-13.711
HIT_0580,N[C@@H]1CC[C@@H]1C(=O)N1CCCc2ccc(N3CCc4cccc(F)c43)cc2C1,-7.909,-5.8,-13.709
HIT_0581,Cn1cc(N2CCC(=O)[C@H](C(=O)N3CCc4c(F)cc(F)cc4C3)CC2)c(F)n1,-7.918,-5.791,-13.709
HIT_0582,Cc1ccc(NC(=O)c2cccnc2)cc1-c1cccc2c1CCN2,-7.839,-5.87,-13.709
HIT_0583,Cc1cccc(C(=O)N2CCN(c3ccc4c(c3)[C@@]3(CCN3)CCO4)[C@H](C)C2)n1,-7.393,-6.314,-13.707
HIT_0584,Fc1ccc([C@H]2CCN2c2ccc3c(n2)N(C2CC4(CNC4)C2)CCCC3)cc1,-7.744,-5.962,-13.706
HIT_0585,Cc1ccc(CN[C@H]2CCc3cc(F)cc(F)c32)cc1N1CC2(CCOCC2)C1,-7.925,-5.781,-13.706
HIT_0586,Cc1cnc(O)cc1N1CCc2ccc(N3C[C@H]4CCN(C)[C@@H]4C3)cc21,-8.013,-5.693,-13.706
HIT_0587,C1=C(c2nc3cccc4c3n2CCO4)CCN(c2cccc3c2CNCC3)C1,-7.47,-6.234,-13.704
HIT_0588,C[C@@]1(C(=O)N2CCc3cc(F)c(N4CCc5ccc(F)cc5C4)cc32)CCCN1,-7.55,-6.153,-13.703
HIT_0589,Cc1cc(C(=O)N2Cc3cc(N4CCn5nc(C)c(C)c5C4)cnc3[C@H](C)C2)c(C)o1,-7.559,-6.143,-13.702
HIT_0590,N#Cc1cc(C(=O)N2CCCN(C(=O)c3ncc(F)cn3)CCNCCNCC2)ccc1O,-6.771,-6.931,-13.702
HIT_0591,C[C@H]1COc2cc(F)ccc2N1[C@@H]1CCCCN(C(=O)c2ccnc(Cl)n2)C1,-7.691,-6.01,-13.701
HIT_0592,Cc1nc2c(cc1N1CCC[C@](C)(C#N)C1)N(c1ccc3c(c1)C(=O)COC3)CCN2,-7.74,-5.96,-13.7
HIT_0593,C[C@H]1OCCC[C@H]1C(=O)N1CCOc2ccc(N3CCc4c(O)ccc(F)c4C3)cc21,-7.763,-5.936,-13.699
HIT_0594,N[C@@H]1CO[C@H](C(=O)N2C[C@@H]3CC(=O)CC[C@H]3[C@H]2c2nc([C@H]3CCN([C@@H]4C[C@H]5C[C@H]5C4)C3)no2)C1,-6.591,-7.108,-13.699
HIT_0595,Cc1ccnc(N2CCc3ccc(N4CCC[C@@H](C)[C@H]4C)cc32)c1,-7.752,-5.946,-13.698
HIT_0596,O=C(CCl)c1ccc2c(c1)CCN2c1ccc2c(c1)CN(C1CCC3(CC1)COC3)CC2,-7.097,-6.601,-13.698
HIT_0597,Cc1c(N2c3nccnc3C(=O)N(C)[C@@]23CC(=O)CC2(CCCCC2)C3)ccc2c1CNCC2,-7.272,-6.426,-13.698
HIT_0598,Cc1[nH]c2c(c1C(=O)N1CCC(F)(F)[C@@H](F)C1)[C@@H](N1Cc3ccc(F)cc3C[C@H]1C)CC2,-7.188,-6.51,-13.698
HIT_0599,Cc1nc(N)c(N2CC[C@@H](N3CCc4ccc(F)cc4[C@H]3C)c3ccccc3C2)nc1C,-7.414,-6.283,-13.697
HIT_0600,Cc1ccc(N2CC[C@@H](N3CCc4cc(C#N)c(F)cc43)C2)cc1N1CC(C#N)(C(F)F)C1,-7.529,-6.168,-13.697
HIT_0601,Cc1ccc2c(c1)N(c1ccc3c(c1)CN(C1CNCCNC1)CC3)CC2,-7.758,-5.938,-13.696
HIT_0602,O=C([C@H]1CCNC1)N1CCc2ccc(N3CCOc4ccc(F)cc43)nc21,-7.903,-5.791,-13.693999999999999
HIT_0603,Cc1ccc2c(c1)CN(c1ccc3c(c1)N(C(=O)[C@@H]1NCC[C@@H]1O)CC3)CC2,-7.822,-5.871,-13.693000000000001
HIT_0604,O=C([C@@H]1Cc2ccc(O)cc2CN1)N1CCCCc2cc(O)ccc21,-7.169,-6.524,-13.693
HIT_0605,C[C@]1(c2nn[nH]n2)CCCN(c2cccc3c2C2(CC2)C(=O)N3)C1,-7.783,-5.909,-13.692
HIT_0606,C[C@@H]1[C@@H](C(=O)N2CCCCCCC2)CCN1c1ccc2c(c1)N(c1ncccc1O)CCO2,-7.743,-5.948,-13.691
HIT_0607,C[C@H]1C[C@@H](N2CCC(=O)c3cccnc32)CCN1c1c[nH]cc(C#N)c1=O,-7.722,-5.969,-13.691
HIT_0608,CN1CCN(c2ccc3c(n2)NC(=O)C3)c2cc(-c3cccc4c3C(=O)NC4)ccc21,-7.421,-6.27,-13.690999999999999
HIT_0609,Cc1cccc(N2CCc3ccc(N(c4cc(C#N)ccn4)C4CC(=O)C4)cc32)n1,-7.676,-6.014,-13.690000000000001
HIT_0610,O=C(NC[C@H](O)c1c(F)cccc1F)c1ccc2c(c1)OCCN2c1cccc([S@@](=O)O)c1,-6.577,-7.112,-13.689
HIT_0611,Cc1ccc2c(n1)N([C@H]1CCNC[C@H]1C)CC[C@@H]2N1CCc2ccc(F)cc21,-8.006,-5.683,-13.689
HIT_0612,Cc1cc(F)c(C(=O)N2CCn3c(cnc3N3CCC4(C3)Oc3ccccc3O4)C2)cc1O,-6.923,-6.766,-13.689
HIT_0613,Cc1c(F)ccc2c1CC[C@@H]2N[C@@H](C)c1ccc(N2CCCCc3n[nH]cc32)nn1,-7.393,-6.295,-13.687999999999999
HIT_0614,C[C@@H]1Cc2c(N)ccc(N3CCc4cc(N5CCC[C@@](C)(F)C5)ccc4C3)c2O1,-7.673,-6.015,-13.687999999999999
HIT_0615,Cc1ccccc1C(=O)N1CCCN(c2cccc(F)c2)CCNCCCNCC1,-7.116,-6.572,-13.687999999999999
HIT_0616,O=C(N[C@H]1[C@@H]2COC[C@@H]21)N1CC[C@H](N2CCc3c(Cl)cccc32)c2ccccc21,-7.358,-6.329,-13.687
HIT_0617,O=C([C@H]1CS(=O)(=O)N1)N1CCc2ccc(N3CCc4ccc(Cl)nc43)cc2C1,-7.417,-6.269,-13.686
HIT_0618,Cc1cccnc1N1CCN(c2cc(-c3ccccc3)ccc2C#N)C[C@@H]1C,-7.316,-6.368,-13.684000000000001
HIT_0619,O=C(c1cc2n(n1)CCC2)N1CCc2c(F)ccc(C(=O)N3CC4(CCCCC4)C3)c2C1,-7.239,-6.445,-13.684000000000001
HIT_0620,Cc1c(N2CC[C@@H](c3c(F)cccc3F)C2)ccc2c1CNCC2,-8.274,-5.41,-13.684
HIT_0621,C[C@H]1CCC(F)(F)CN1c1c(F)ccc(N[C@H]2CCc3cc4c(cc32)OCC4)c1O,-7.535,-6.146,-13.681000000000001
HIT_0622,N[C@@H]1COc2ccc(N3CCc4c(F)cc(F)cc4C3)cc2C1,-7.947,-5.733,-13.68
HIT_0623,C[C@@H]1OCCN[C@H]1C(=O)N1CCc2c(cccc2C(=O)N2CCc3ccccc32)C1,-7.349,-6.331,-13.68
HIT_0624,O=C([C@@H]1CNCCCO1)N1C[C@H](CN2Cc3cccc(F)c3C2)c2ccccc21,-7.761,-5.918,-13.679
HIT_0625,C[C@@H]1CCCN(c2cccc3c2COC32CCN(C(=O)[C@H]3OC3(C)C)CC2)[C@@H]1C,-7.296,-6.383,-13.679
HIT_0626,Cc1cc2c(c(N3CCc4nc(Cl)c(C#N)cc4C3)c1)CCNC2=O,-7.762,-5.917,-13.678999999999998
HIT_0627,C[C@H]1CCCN[C@H]1C(=O)N1CCc2ccc(N3CCOc4cc(C#N)ccc43)cc21,-7.378,-6.3,-13.678
HIT_0628,Cc1cccc(C(=O)N2C[C@H](C)NC[C@H](C)NC[C@H](C)N(C(=O)c3cccc(C)c3)C[C@@H]2C)c1,-7.589,-6.087,-13.676
HIT_0629,Cc1ccc(C#N)cc1-c1ccc2c(c1)CN(C(=O)[C@@]1(C)CCCN1)CCO2,-7.397,-6.278,-13.675
HIT_0630,c1cc2c(c(Oc3ccc4c(c3)[C@]3(CC4)COCCN3)c1)CCN2,-7.962,-5.713,-13.675
HIT_0631,Cc1ccc(F)cc1NC(=O)C1(O)CN(c2ccc3c(c2)CN(C(=O)c2ccc(F)s2)CCC3)C1,-7.645,-6.029,-13.674
HIT_0632,C[C@]1(C(F)(F)F)CCCN1c1cc2c(cn1)N(c1c(C#N)cccc1C#N)CCO2,-7.199,-6.474,-13.673
HIT_0633,O=C([C@@H]1CCCN1c1ccc2c(c1)OCC[C@@H]2N[C@@H]1COc2cnccc21)C(F)(F)F,-7.253,-6.42,-13.673
HIT_0634,Cc1cc2c(c(N3CC[C@@H]3C(=O)Nc3cc(N4CCC5(CCC5)CC4)ccc3C)c1)CCNC2,-7.379,-6.294,-13.672999999999998
HIT_0635,C[C@@H]1c2cc(F)ccc2CCN1[C@@H]1CCCCN([C@@H]2CCNc3ccccc32)C1,-7.532,-6.14,-13.672
HIT_0636,Cc1ccc(-c2ccc3c(c2)CN([C@@H]2CCC[C@@H]4CNCC[C@H]42)CCO3)c(F)c1,-7.718,-5.953,-13.671
HIT_0637,C[C@H](Oc1ccc(N2CCCc3cccc(C#N)c32)cc1)c1nc2cc(C(F)(F)F)cnc2o1,-7.581,-6.089,-13.670000000000002
HIT_0638,C[C@]1(C#N)CCN(c2ccc3c(c2)N(c2ccc4c(c2)CNC4)CC3)C1,-7.892,-5.778,-13.67
HIT_0639,CC1(C)C[C@H](C(=O)N2CCc3ccccc3CC2)CCN1c1ccc2c(c1)CCNC2,-7.304,-6.366,-13.67
HIT_0640,Cc1cc2c(c(N3CCCCCCN(c4ccc(C#N)cc4F)CCNCC3)c1)CCNC2=O,-7.479,-6.191,-13.67
HIT_0641,N#Cc1ccc(F)c(N2CCCNCCNCCCN(C(=O)c3ccccn3)CCC2)c1,-6.938,-6.731,-13.669
HIT_0642,C[C@@H]1[C@H](C(=O)N2CCc3cc(F)ccc3C2)CCN1c1c(O)cccc1C#N,-6.941,-6.728,-13.669
HIT_0643,O=C([C@H]1CNCCCO1)N1CC[C@H](Cc2cccc(N3CCCc4ccc(F)cc43)c2)C1,-7.467,-6.201,-13.668
HIT_0644,Cn1cc(N2CCCN(c3cc(F)c4c(c3)NCCO4)CC(=O)C2)ccc1=O,-7.583,-6.085,-13.668
HIT_0645,Cc1nc(N)c(C(=O)N2CCc3c2cccc3N2CCc3c(F)cccc32)nc1C,-7.339,-6.328,-13.667000000000002
HIT_0646,Cc1cccc(C(=O)N2CCCN(c3cccc(F)c3)CCNCCCNCC2)c1,-7.216,-6.45,-13.666
HIT_0647,O=C([C@@H]1CN(c2ccc(O)cc2F)CCO1)N1CCc2c(O)ccc(F)c2C1,-7.437,-6.229,-13.666
HIT_0648,C[C@@H]1CC2(CCCC2)CN1c1ccc2c(c1)[C@H](NC1=CCCCC1=O)CO2,-7.846,-5.82,-13.666
HIT_0649,Cc1ccc(-c2ccc3c(n2)N([C@@H]2CCCC(C)(C)C2=O)CC3)cc1C#N,-8.028,-5.638,-13.666
HIT_0650,C[C@H]1C(F)(F)C12CCN(c1ccc3c(c1)[C@H](O)CC3)CC2,-7.603,-6.062,-13.665
HIT_0651,Cc1nccnc1C(=O)N1CCN(C)c2ccc(N3CCC(C)(C)[C@@H]3C)cc2C1,-7.039,-6.626,-13.665
HIT_0652,C[C@H]1NC[C@H]1C(=O)N1CCn2ncc(N3CCc4ccc(O)cc4C3)c2C1,-7.357,-6.308,-13.665
HIT_0653,Cc1nc2c(cc1N1C[C@H]3CCC[C@H]3C1)N(c1ccc3c(c1)NCC3)CCN2,-7.904,-5.761,-13.665
HIT_0654,Cc1cc(CN2CCc3c(F)cccc32)c(N2CCC[C@@H](C(=O)O)C2)nc1C,-7.592,-6.073,-13.665
HIT_0655,COc1cnc2c(c1)CN([C@@H]1Cc3cccc(-c4cccnc4F)c3C1)CC2,-7.496,-6.168,-13.664000000000001
HIT_0656,N#Cc1ccc(N)cc1N1CCc2ccc(N3CCC[C@]34CCOC4)cc21,-7.513,-6.151,-13.664
HIT_0657,C[C@@H]1CC[C@@H](Oc2ccc3c(c2)NC(=O)CC3)CN1c1ccc(F)c2c1NC[C@@H]2O,-7.58,-6.083,-13.663
HIT_0658,Cc1cncc(N2CCc3cc(F)c(N4CC[C@H](O)[C@@H](C)[C@@H]4C)cc32)c1F,-7.889,-5.773,-13.661999999999999
HIT_0659,Cc1c(F)cccc1-c1cc2c(nn1)CN(c1ccc3c(c1)CC[C@@H]3O)CC2,-7.015,-6.647,-13.661999999999999
HIT_0660,Fc1cc2c(cc1F)N(c1ccc3c(c1)CNCCC3)CC2,-7.991,-5.671,-13.661999999999999
HIT_0661,Cn1c(-c2nc(N3CC[C@@H](C(=O)O)c4ccccc43)c(Cl)[nH]c2=O)nc2nc(C(F)(F)F)ccc21,-6.89,-6.772,-13.661999999999999
HIT_0662,Fc1ccc(N2CC3(CCN(c4cccc5c4CCCNC5)C3)C2)cc1,-7.667,-5.994,-13.661
HIT_0663,O=C([C@H]1CN[C@H](C(F)(F)F)C1)N1CCCn2nc(C(=O)N3CCc4ccccc43)cc2C1,-6.888,-6.773,-13.661
HIT_0664,C[C@@H]1[C@H](C(=O)N2CCN3CCc4ccccc4[C@@H]3C2)CCN1c1ccc(F)c(O)c1,-6.664,-6.997,-13.661
HIT_0665,C[C@H]1[C@H](C(=O)N2C[C@@H]3[C@H](C2)C3(F)F)CCN1c1c(O)cccc1Oc1ccc2c(c1)C(=O)CCN2,-7.427,-6.233,-13.66
HIT_0666,CC1=C(N2CCc3cccc(F)c3C2)CN(c2cc(C#N)c(C#N)[nH]2)CC1,-7.752,-5.907,-13.658999999999999
HIT_0667,C[C@H]1CN(c2ccnc(O)c2)CC[C@]1(C(=O)O)N1CCCc2cccc(F)c2C1,-8.068,-5.589,-13.657
HIT_0668,C[C@@]1(F)CCN(c2cc(F)cc(Cc3nc4ccc(Cl)nc4s3)c2)C[C@@H]1F,-7.161,-6.494,-13.655
HIT_0669,COc1cc(C)ccc1NC(=O)[C@@]1(C)CCCN(c2ccc3c(c2)CNC3)C1,-6.969,-6.685,-13.654
HIT_0670,CC1(C(=O)N2CCc3ncccc3C2)CCN(c2ccc(F)c3c2NCC3)CC1,-8.102,-5.55,-13.652000000000001
HIT_0671,Cc1c(Cl)ccc2c1nc(-c1cc3n(n1)CCC[C@@H]3NC(=O)[C@]1(C)CCCO1)n2C,-7.267,-6.385,-13.652000000000001
HIT_0672,C[C@@H]1CCCN(c2cc(N(C)c3ccc(F)c4c3CCNC4)ccc2C#N)CC1,-7.958,-5.693,-13.651
HIT_0673,Cc1cc(N2CCCC[C@H](N3CCn4c(C)cnc4C3)C2)cc2c1OCC2=O,-7.293,-6.356,-13.649000000000001
HIT_0674,C[C@@H]1c2ccc(F)cc2CCN1c1ccc(F)c2c1CC(=O)C2,-7.646,-6.003,-13.649000000000001
HIT_0675,N#Cc1ccc(N2CCc3c2ccc(F)c3Cl)cc1Oc1ccc(C2(O)CC2)cc1,-7.794,-5.855,-13.649000000000001
HIT_0676,C[C@H]1CCc2c(F)cccc2[C@@H]1Nc1ccc2c(c1)CCN2,-8.197,-5.452,-13.649
HIT_0677,Cc1cc(F)c2c(c1)CCCN2C(=O)[C@H]1NCCc2nc3cc(F)ccc3c(C(F)(F)F)c21,-6.913,-6.735,-13.648
HIT_0678,N#C[C@]1(F)CCN(c2cccc([C@@H]3CCN3[C@@H]3CCCCC(=O)CC3)c2)C1,-8.269,-5.378,-13.647
HIT_0679,Cc1c(N2CCCC[C@H](N3CCC(C)(N(C)C)CC3)C2)ccc2c1CNCC2,-7.801,-5.845,-13.646
HIT_0680,CN(c1ccc(N2CCc3cc(C#N)ccc32)cc1)c1ccc2c(c1)NCCN2,-6.982,-6.664,-13.646
HIT_0681,Cc1cccc2c1CN(C(=O)[C@H]1[C@@H](O)CCCN1c1ccc3c(c1)C(=O)COC3)CC2,-6.821,-6.825,-13.646
HIT_0682,C[C@@H]1CN(c2cccc3c2CNCC3)CCC[C@@H]1N1C[C@H](C)c2ccccc21,-7.353,-6.292,-13.645
HIT_0683,COc1ccc(C(=O)Nc2cccc3c2CCNC3)c(NC(=O)c2ccc(Br)nc2O)c1F,-7.071,-6.574,-13.645
HIT_0684,Cc1cccc2c1N(C=CCn1cnccc1=O)CC[C@@H]2C(=O)N1CC(C)(C)[C@H]1C(=O)Nc1ccc(F)cn1,-7.817,-5.827,-13.644
HIT_0685,Cc1cc(F)cc(O)c1N1CCc2ccc(F)c(N3C[C@H](C)C(F)(F)C3)c2C1,-7.802,-5.841,-13.643
HIT_0686,CN1CCc2ccc(C(=O)N3CCc4cccc(-c5noc([C@@H]6CCC(C)(C)N6)n5)c4C3)cc21,-7.662,-5.981,-13.643
HIT_0687,CC1(C)CCN(C(=O)c2cccc3c2N(c2ccc(O)nc2F)CC3)[C@@H](C(=O)O)C1,-7.905,-5.738,-13.643
HIT_0688,C[C@H]1NCC[C@@H]1C(=O)N1CCc2ccc(N3CCCc4cc(O)ccc43)cc21,-7.443,-6.2,-13.643
HIT_0689,Cc1ccc(F)c(Nc2cc3c(cc2O)OCCC3=O)c1N1CCC(C)(F)CC1,-7.21,-6.432,-13.642
HIT_0690,Cc1ccc(O[C@@H]2CCc3c2cccc3N2CCCC3(COC3)C2)c(O)c1,-7.494,-6.145,-13.639
HIT_0691,Cc1nnc2c(n1)CN(c1ccc3c(c1)OCCN3C(=O)[C@H]1C[C@@H](C)C1)CC2,-7.848,-5.788,-13.636
HIT_0692,C[C@@H]1C(=O)CC[C@@]1(N1CCCC1)N1CCn2c(N3CCN(C)c4ccc(F)cc43)cnc2C1,-7.715,-5.921,-13.636
HIT_0693,O=C1NCCc2cccc(Oc3cccc(N4CC[C@@](O)(C(F)(F)F)C4)c3)c21,-6.947,-6.689,-13.636
HIT_0694,Cc1ccc2nc([C@@H]3N(C(=O)c4cccc5c4NCC5)CCCC3(C)C)oc2c1,-6.714,-6.922,-13.636
HIT_0695,O=C(c1cc2c(cc1F)CCNC2)N1CCNc2ccccc2C1,-7.96,-5.676,-13.636
HIT_0696,Cc1cc(F)cc2c1N(C(=O)[C@H]1CCN(c3cnc4c(c3)NCCO4)C1)CC2,-7.383,-6.253,-13.636
HIT_0697,C[C@]1(Oc2c[nH]ccc2=O)CC[C@H](N2CCOC[C@]23CCCc2ccc(F)cc23)CC1,-7.293,-6.342,-13.635
HIT_0698,Cc1noc(C)c1-c1noc([C@@H]2C[C@@H](C)N2c2ccc(C#N)c(F)c2)n1,-7.444,-6.191,-13.635
HIT_0699,CC1(C)C[C@H](C(=O)N2Cc3cc(F)cnc3C2)CN1c1ccc2c(c1)NCC2,-7.971,-5.663,-13.634
HIT_0700,Cc1cccc2c1N(c1ccc3c(c1)C(F)(F)C(=O)N3)CC21CCOCC1,-6.954,-6.676,-13.629999999999999
HIT_0701,CC1=C(N2CCCc3cc(F)ccc3C2)CN(C(=O)[C@@]2(O)CCNC2)CC1,-7.498,-6.131,-13.629000000000001
HIT_0702,O=C(c1ccc(N2CCCc3cc(O)ccc3C2)[nH]1)N1CC2(COC2)C1,-7.728,-5.901,-13.629
HIT_0703,C[C@@H]1c2c(F)cccc2CCN1c1ccc(C#N)c(Oc2ccc3c(c2)OCO3)c1,-7.557,-6.071,-13.628
HIT_0704,C[C@H]1CN(C(=O)[C@H](C#N)c2ccc(Nc3c(C#N)c4cccccc-4c3C#N)cc2)CCC1=O,-7.362,-6.266,-13.628
HIT_0705,C[C@H]1CN(c2ccc([C@H]3CN(C(=O)[C@]45CC[C@](N)(CC4)CC5)CCO3)cc2)c2ccc(F)cc2O1,-7.81,-5.818,-13.628
HIT_0706,O=C1CCNc2cc(N3CCCC[C@@H](N4CCCCc5ccncc54)C3)ccc21,-7.273,-6.354,-13.626999999999999
HIT_0707,N#Cc1cccc(N2CCCO[C@H](C(=O)N3CCC(=O)c4c(F)cccc43)C2)c1O,-7.841,-5.785,-13.626000000000001
HIT_0708,c1cnc2c(c1)CN(c1cnc3c(c1)N(c1ccc4c(c1)NCC4)CCO3)CC2,-7.185,-6.441,-13.626
HIT_0709,Nc1ccc(F)c(C(=O)N2CCCC[C@@H](N3CC[C@H](O)c4cccnc43)C2)c1,-7.882,-5.743,-13.625
HIT_0710,CC1(C)C[C@@H](Nc2cccc3c2CC3)CCN1c1ccc2c(c1)CNCCC2,-7.531,-6.094,-13.625
HIT_0711,Cc1cccc2c1CCC[C@H]2Nc1ccc2c(c1)OCC[C@]21CCN1,-7.613,-6.011,-13.624
HIT_0712,Cc1ccc(NC(=O)[C@H](C)C(=O)N2CCC[C@H](CF)C2)cc1Sc1nnc2n1CCOCC2,-6.761,-6.863,-13.624
HIT_0713,Cc1cc(NC(=O)[C@]2(C)CCNC2)nc(N2CCc3c(F)cccc3C2)c1,-7.386,-6.237,-13.623000000000001
HIT_0714,C[C@H]1CC[C@H](N2C[C@@H](F)c3ccccc32)CN1c1cccc2c1CCCNC2,-7.913,-5.709,-13.622
HIT_0715,C[C@H]1[C@H](C(=O)N2Cc3cc(F)cnc3C2)CN1c1ccc2c(c1)C(C)(C)NC2=O,-7.655,-5.967,-13.622
HIT_0716,Cc1cnc([C@H]2CCCN(C(=O)[C@H]3CC4(CC4)CN3c3cccc(C#N)c3F)C2)[nH]1,-7.251,-6.37,-13.621
HIT_0717,Cc1ccc2c(c1)N([C@@H]1CCNc3cccc(N4CCC(C)(F)CC4)c31)CCC2=O,-7.897,-5.723,-13.620000000000001
HIT_0718,C[C@@H]1C[C@@H](O)CN(C(=O)c2cccc(-c3ccc(C#N)c(O)c3)c2F)C1,-6.976,-6.643,-13.619
HIT_0719,C[C@@]1(F)CCC[C@H]1N(c1ccc2c(n1)NCCC2=O)[C@H]1CCCCCC(=O)[C@@H]1F,-7.649,-5.968,-13.617
HIT_0720,O=C1NCCCc2c1cccc2N1CCc2nc(C(=O)N3CCCC4(CCOCC4)C3)ccc2C1,-8.226,-5.391,-13.617
HIT_0721,Cc1cc(C(=O)N2CC(F)C2)cc(N2CCN(Cc3ccccc3F)[C@@H](C)[C@H]2C)c1,-8.13,-5.486,-13.616
HIT_0722,C[C@@H]1CC[C@@H](C(=O)O)CN1c1ccc2c(c1)N(c1ccc3c(c1)CCN3)CC2,-7.568,-6.047,-13.614999999999998
HIT_0723,N#C[C@@H]1CCC[C@@H](C#N)N1C(=O)c1cc(N2CCc3ccccc32)c(O)cc1F,-7.358,-6.257,-13.614999999999998
HIT_0724,CN(C(=O)[C@H]1C[C@H]1C(=O)N[C@@H]1COCc2ccc(N3CC[C@]4(C3)OCc3ccccc34)cc21)[C@H]1C[C@H](N)C1,-7.481,-6.133,-13.614
HIT_0725,CN1CCN(c2ccc3c(c2)CN(c2ccc(O)cc2)C3)C2(CCCC2)C1,-7.846,-5.767,-13.613
HIT_0726,N#Cc1nc(O[C@H]2CCc3ccc(N4CCCn5cncc5C4)cc32)c[nH]1,-7.752,-5.861,-13.613
HIT_0727,Cc1ccc(C(=O)N2C[C@@H](N3CC[C@]34CCOc3cc(F)ccc34)CC[C@@H]2C)c(O)n1,-7.079,-6.534,-13.613
HIT_0728,CC1CC2(C1)CN(c1ccc3c(c1)COC[C@H]3N1CCCc3ccc(O)cc31)C2,-7.383,-6.229,-13.612
HIT_0729,C[C@@H]1CN(c2ccc(O)c(N3CCc4cc(F)cc(F)c43)n2)C[C@H]1C#N,-7.215,-6.397,-13.612
HIT_0730,Cc1cc(O)cnc1N[C@@H]1COc2ccc(N3CCOc4ccc(O)cc4C3)cc2C1=O,-6.72,-6.892,-13.612
HIT_0731,Cc1cc(O)ncc1N1CC[C@@]12CCOc1ccc(N3CCCC(=O)[C@@H]3C)cc12,-7.221,-6.39,-13.611
HIT_0732,N#Cc1ccc(NC(=O)[C@H]2C[C@@H]2F)c(Oc2cnc3c(c2)C2(CC2)CN3c2nc(C(F)(F)F)ccc2O)c1,-7.114,-6.495,-13.609
HIT_0733,O=C(O)c1ccc(F)c(N2CCc3cc(N4CCC(N5CC[C@](F)(CO)C5)CC4)ccc3C2)c1O,-7.764,-5.844,-13.608
HIT_0734,O=Cc1cc(O)nc([S@@](=O)c2cccc([C@H]3CCCN3c3ccc4c(c3)CNC4)n2)n1,-7.683,-5.925,-13.608
HIT_0735,CCCc1ccc(NC(=O)Nc2ccc(F)c(-c3cnc(C)c(C)n3)c2)c(-c2nnc(-c3cccn3C3CCNCC3)o2)c1,-7.521,-6.087,-13.608
HIT_0736,C[C@@H]1C[C@H](C)CN([C@H]2CNCc3ccc(N4CCc5ccc(O)cc5C4)cc32)C1,-7.346,-6.262,-13.608
HIT_0737,Cc1ccc(C(=O)Nc2cc(N3CC4(C3)CC(F)(F)C4)cc3c2NC(=O)CO3)cc1,-7.041,-6.566,-13.607
HIT_0738,C[C@@H]1C[C@H](C)CN(C(=O)c2cc(F)cc(-c3cc(F)c(C#N)cc3F)c2N)C1,-6.825,-6.782,-13.607
HIT_0739,O=C(N[C@H]1C[C@H](N2CCC[C@H](O)c3cc(F)ccc32)c2ccccc21)[C@H]1C[C@H](F)C1,-7.417,-6.19,-13.607
HIT_0740,Cc1ccc2c(c1F)CN(C(=O)c1ccc3c(n1)CCNC3)CC2,-7.666,-5.94,-13.606000000000002
HIT_0741,Cc1cc(Oc2cc(F)c(N3CC4(CCC4(F)F)C3)c(F)c2)c2c(c1)C(=O)NCC2,-7.508,-6.097,-13.605
HIT_0742,CC(=O)Nc1cnc(C)c(N2CCCC[C@H](N3CCCC(=O)c4ccccc43)C2)c1C,-7.946,-5.659,-13.605
HIT_0743,C[C@@H]1[C@@H](C(=O)N2CCC(C)(F)CC2)CCN1c1cccc2c1CCNC2=O,-7.516,-6.086,-13.602
HIT_0744,Oc1cc(N2CCc3c(cccc3C(F)(F)F)C2)ccc1CN[C@@H]1CC[C@@H]2NCCC[C@H]2C1,-7.089,-6.512,-13.600999999999999
HIT_0745,C[C@]1(C(=O)N2CC(=O)c3ccccc3C2)CN(C(=O)c2ncn3ccccc23)C[C@H]1C(F)(F)F,-6.743,-6.858,-13.600999999999999
HIT_0746,C[C@@H]1CN(c2ccc3c(c2)N(c2nc4c([nH]2)CCC4)CCO3)CCC1=O,-7.212,-6.389,-13.600999999999999
HIT_0747,C[C@H](c1c(NC(=O)c2ccc(C#N)cc2)nc2n(c1=O)CCC2)N1CCCc2ccc(F)cc2C1,-7.376,-6.224,-13.600000000000001
HIT_0748,N#Cc1cc(F)ccc1-c1ccc2c(c1)N(C(=O)[C@@H]1CCCNCC1)CC2,-7.187,-6.41,-13.597000000000001
HIT_0749,Cc1cc(-c2ccccc2[C@H]2CCN(c3ccc(C#N)c(O)c3F)C2)ccc1F,-7.152,-6.445,-13.597000000000001
HIT_0750,Cc1ccc2c(c1)[C@H](C(=O)N[C@H]1c3cc(F)ccc3O[C@@H]1C)C2,-7.554,-6.042,-13.596
HIT_0751,c1cc2c(cc1N1CCCc3cc(N4CC[C@@]5(CCOC5)C4)ccc3C1)OCCN2,-7.225,-6.371,-13.596
HIT_0752,N#C[C@]1(F)CCN(c2ccc3c(c2)COC[C@H]3N2CCc3ccncc32)C1,-7.274,-6.32,-13.594000000000001
HIT_0753,N[C@H]1CCO[C@H]1C(=O)N1CCc2cc(N3CCc4c3ccc(F)c4F)ccc2C1,-7.126,-6.468,-13.594000000000001
HIT_0754,c1cc2c(c(Nc3ccc4c(c3)[C@@H](N[C@H]3CCCCNC3)CC4)c1)CC2,-7.721,-5.873,-13.594000000000001
HIT_0755,Cc1cccnc1N1CCc2c(cccc2N2CC[C@@H](O)c3ccc(F)cc32)C1,-7.148,-6.446,-13.594
HIT_0756,CC1=C(c2nc3cc(Cl)cc(N4CCC5(CC5)C(F)(F)C4)c3o2)CCO1,-7.191,-6.403,-13.594
HIT_0757,C[C@@H]1CCN(c2cccc3c2CCN(c2cccc4c2C(=O)COC4)C3)CC[C@@]1(C)O,-7.64,-5.953,-13.593
HIT_0758,C[C@@H]1C[C@H](C(=O)N2c3ccc(-c4nc5ccc(Cl)cc5o4)cc3CC[C@@H]2C)N[C@@H]1C,-7.418,-6.174,-13.592
HIT_0759,Cc1cc2oc([C@H]3COCCN3c3ncc4c(n3)CCNC4)nc2cc1F,-7.775,-5.817,-13.592
HIT_0760,C[C@@]1(C#N)CCN(C2=C[C@H](N3CCc4ccc(C#N)cc43)CCC2)C1,-7.244,-6.346,-13.59
HIT_0761,COc1cccc2c1CN(C(=O)[C@@H]1CN(c3cc(C#N)c(O)cc3C)C(C)(C)C1)C2,-7.021,-6.569,-13.59
HIT_0762,Cc1nc(Oc2cncc3cc[nH]c23)c2cc(N(Cc3cc(F)cc(Cl)c3)[C@@H](C)C(=O)O)ccc2n1,-7.307,-6.283,-13.59
HIT_0763,C[C@@H]1CN(c2ccc3c(c2)CN(C(=O)c2cc(Cl)cnc2N)CCC3)C[C@@H](C)O1,-8.063,-5.527,-13.59
HIT_0764,C[C@@H]1CN(c2ccc3c(c2)CNCC3)CC[C@H]1N1CCc2ccc(F)cc21,-7.194,-6.396,-13.59
HIT_0765,Cc1ccc2c(c1)[C@@H](N(C(=O)c1cc(Br)n(C)n1)c1ccc3c(c1)C(=O)N(C)C3)CCC2,-7.263,-6.327,-13.59
HIT_0766,Nc1nc(Cl)cnc1NC(=O)[C@H]1CCCCN(c2ccc3c(c2)[C@@]2(CCO3)C[C@@H]2N)C1,-7.344,-6.246,-13.59
HIT_0767,C[C@]1(C#N)CCCN(c2cc(F)c3c(c2)CCN(c2ccc4c(c2)CCN4)C3)C1,-7.487,-6.102,-13.589
HIT_0768,Cc1cnccc1-c1c(F)ccc2c1CCN(C(=O)[C@H]1C[C@H](C)CN1)CC2,-7.618,-5.97,-13.588000000000001
HIT_0769,C[C@@H](c1ccc(N2CCCCC(=O)C2)cc1O)N1CCc2cc(F)ccc2C1,-7.57,-6.017,-13.587
HIT_0770,O=C([C@@H]1CNCCCO1)N1CCc2ccc(N3CCCCc4ccncc43)cc2C1,-7.216,-6.371,-13.587
HIT_0771,C[C@@H]1CC(=O)CCN1C(=O)[C@]12CCC[C@H]1CN(c1ccc3c(c1)CCCNC3)C2,-7.577,-6.01,-13.587
HIT_0772,C[C@@H]1C[C@@H](c2nc(-c3cccc(C#N)c3N3CC4(CCCCCO4)C3)no2)N1,-7.505,-6.08,-13.585
HIT_0773,C[C@@H]1CNC[C@H](C(=O)N2CCc3cc(N4CCc5cccc(F)c54)ccc32)C1,-7.529,-6.055,-13.584
HIT_0774,O[C@H]1CCc2ccc(N3CCc4ccc(F)cc4C3)cc21,-7.975,-5.609,-13.584
HIT_0775,Cc1cc(F)cc(-c2ccc3c(c2)CN(C(=O)[C@H]2CSCCN2)CCC3)c1,-6.896,-6.688,-13.584
HIT_0776,Cc1c(N2CC[C@@H]([C@H](C)N3CCc4ccccc4C3)C2)c(C#N)nn1C,-7.469,-6.115,-13.584
HIT_0777,C[C@@H]1CC(N2CCc3cc(F)cc(F)c32)C[C@@H](C)N1c1ccc2c(c1)CC[C@H]2N,-7.598,-5.984,-13.582
HIT_0778,c1cc2c(cc1-c1ccc3c(n1)CCCN3c1cnn3c1CNCC3)CC2,-7.641,-5.941,-13.582
HIT_0779,Cc1c(N2CCc3cc(F)cc(F)c3C2)ccc2c1CNC2,-7.897,-5.683,-13.58
HIT_0780,O=C([C@H]1CCSC1)N1CCNc2ccc(N3CCc4cc(F)ccc43)cc21,-7.803,-5.777,-13.58
HIT_0781,Cn1nc(N2CCc3ccc(N4CC5(CCCCC5)C4)cc32)nc1C(=O)O,-7.421,-6.159,-13.58
HIT_0782,N#Cc1ccc(N2CCCc3nc(N(c4ncccc4C#N)C4CNC4)ccc32)nn1,-7.936,-5.643,-13.579
HIT_0783,Cc1cc(O)ncc1N1c2ccccc2C[C@H]1C(=O)N1CCCC2(CC2)C1,-8.117,-5.461,-13.578000000000001
HIT_0784,Cc1ccc(CN2CCC[C@@]3(C2)OCc2ccccc23)c(-c2[nH]c(C)nc2C)c1,-7.453,-6.125,-13.578
HIT_0785,CC1=C(N2CCc3c[nH]nc3CC2)CN(c2ccc3c(c2)CNCCO3)CC1,-7.275,-6.302,-13.577
HIT_0786,Cc1cc(Oc2ccc3c(c2)CCN(c2c(C#N)c(C)nn2C)[C@H]3C)nnc1O,-7.637,-5.94,-13.577
HIT_0787,Cc1ccc(Cl)c(C(=O)N2CCC[C@@H](N3c4ccccc4C[C@@H]3C)CC2)c1,-7.89,-5.686,-13.576
HIT_0788,COc1cc(O)ccc1-c1nc2ccc(O[C@]34CCCN[C@H]3c3ccccc3CC4)cc2o1,-7.36,-6.215,-13.575
HIT_0789,Cc1cccc2c(C(F)(F)F)c3c(nc12)C[C@@H](Sc1ccc2c(c1)NC(=O)C2)CC3,-7.477,-6.097,-13.574000000000002
HIT_0790,O=C1COCc2cc(N(c3ccc4n3CCNC4=O)[C@H]3CC[C@@H](F)CC3)ccc21,-7.475,-6.099,-13.574
HIT_0791,C[C@H]1CCN(c2ccc3c(c2)CCC3=O)[C@@H]1C(=O)N1CCc2ccc(C=O)cc21,-7.095,-6.479,-13.574
HIT_0792,Cc1cc(F)c(Nc2ccnc([C@H]3CCCN3)c2)cc1C(=O)N1CCc2ccccc21,-7.487,-6.087,-13.574
HIT_0793,Cc1ccc(-c2ccc3c(n2)N([C@@H]2CCN(C)C[C@H]2C)CC3)c(C)c1Cl,-7.991,-5.582,-13.573
HIT_0794,C[C@H]1CN(c2cccc3c2CCNC3)Cc2cc(-c3cccc4c3OCC4)ccc2O1,-7.753,-5.819,-13.572
HIT_0795,N#Cc1cccc2c1CN(C(=O)[C@@H]1CSCCN(c3cccc4c3C(=O)NC4)C1)CC2,-6.838,-6.734,-13.572
HIT_0796,Cc1ccnc(O)c1N1Cc2ccc(N3CCCC34CCCC4)cc2C1,-7.381,-6.19,-13.571000000000002
HIT_0797,C[C@H]1CCc2c(sc3c2C(=O)N(C)[C@]2(CCN(c4ccc5c(c4)NCC5)[C@@H](C)C2)N3)C1,-6.928,-6.643,-13.571
HIT_0798,Cc1cc(N2CCc3ccc(N4CC5(CC[C@@H](O)C5)C4)cc32)cc(C)n1,-7.561,-6.01,-13.571
HIT_0799,N#Cc1ccc(CCCN2CCNc3ccc(-c4ccncc4)cc32)cc1,-7.156,-6.414,-13.57
HIT_0800,N#Cc1cc(N2CCc3ccc(N4C[C@H]5[C@H](C4)[C@@H]4CS(=O)(=O)C[C@H]54)cc3C2)ccc1F,-7.328,-6.241,-13.568999999999999
HIT_0801,O=C(c1ccc(N2CC[C@@H]3CC[C@@H](O)[C@@H]32)nn1)N1CCc2cccc(F)c2C1,-7.253,-6.314,-13.567
HIT_0802,Cc1cnc(N2CCc3ccc(F)cc3C2)c(-c2noc([C@H]3NCC[C@@H]3O)n2)c1,-7.837,-5.729,-13.565999999999999
HIT_0803,N#C[C@H]1CCCCN1c1ccc2c(c1)CN(c1ccc3c(c1)NCC3)CC2,-7.12,-6.445,-13.565000000000001
HIT_0804,O=C([C@@H](O)c1cccc(N2CCC3(CCN(c4cnccn4)CC3)C2)c1)N1CC[C@H]2CC[C@H](C1)N2c1ccccn1,-6.819,-6.745,-13.564
HIT_0805,O=C1CCC2(CC1)CCN(C(=O)Cc1ccc(N3Cc4ccc(O)c(F)c4C3)cc1)CC2,-6.991,-6.573,-13.564
HIT_0806,C[C@H]1N(c2ccc3c(c2)[C@@H](Oc2ccc4c(c2F)OCC4=O)CC3)CCC1(F)F,-7.985,-5.579,-13.564
HIT_0807,CC[C@@H]1CN(c2ccc3c(c2)CN(c2cc(C#N)cnc2N)CC3)CCC1=O,-7.317,-6.247,-13.564
HIT_0808,Cc1cc2nc([C@H]3NCC[C@@H]3O)oc2cc1-c1cncc(C)c1C,-7.41,-6.154,-13.564
HIT_0809,Cc1cc(N2CC3(CCN(c4ccc(F)c5c4CCNC5)CC3)C2)ccn1,-7.36,-6.203,-13.563
HIT_0810,Cc1ncc(NC(=O)[C@@H]2C[C@H](C)N2[C@H]2CCc3c(F)ccc(C#N)c32)cn1,-7.593,-5.97,-13.562999999999999
HIT_0811,Cc1cc2c(cc1O)CCN(C(=O)[C@H]1CCCCCN1c1c(C#N)ccc(F)c1O)C2,-7.741,-5.822,-13.562999999999999
HIT_0812,COc1cc(C)c(Oc2ccc3c(c2)C2(CCN(C(=O)[C@H]4CCN[C@@H](C)C4)CC2)CO3)cc1C,-7.157,-6.405,-13.562000000000001
HIT_0813,Cc1ccccc1C1=CCN([C@@H]2CCc3cccc(N4CCC[C@](F)(CO)C4)c32)C1,-7.702,-5.86,-13.562000000000001
HIT_0814,O=C(Nc1ccc(F)cc1F)[C@H]1NCCc2cc(F)ccc21,-7.627,-5.935,-13.562
HIT_0815,C[C@@H]1CN(c2cccc3c2CCN(c2cc4c(cc2F)OCCN4)C3)C[C@@H](C)O1,-7.83,-5.731,-13.561
HIT_0816,C[C@@H]1[C@@H](C(=O)N2CCCC[C@@]23CCOC3)CCCN1c1ccc2c(c1)CCN2,-7.583,-5.978,-13.561
HIT_0817,c1cc2c(c(N3CCCNC[C@H](N4CCc5ccncc54)C3)c1)CCN2,-7.732,-5.829,-13.561
HIT_0818,C[C@H]1CC[C@H](c2nc3ccc(F)c(F)c3o2)N1C(=O)[C@H]1O[C@H]2C(=O)OC(=O)[C@H]2[C@@H]1C(=O)O,-8.174,-5.387,-13.561
HIT_0819,Cc1ccc(N2CC[C@H](C)[C@@H](Oc3ccc4c(c3)CC[C@@H]4O)C2)cc1O,-6.927,-6.634,-13.561
HIT_0820,Cc1ncc(N2CCOCC23CCC3)cc1Oc1ccc2c(n1)NCCC2,-7.033,-6.527,-13.56
HIT_0821,O=C(N[C@@H]1CCc2cc(F)ccc21)c1ccc2c(n1)CCCN2,-7.482,-6.078,-13.56
HIT_0822,Cc1ccoc1C(=O)N1CCc2cccc(N3CCN[C@H](C)CC3)c2C1,-7.954,-5.605,-13.559000000000001
HIT_0823,Cc1cc([C@H](C)N)ncc1N1CCCCC[C@@]1(C)C(=O)N[C@@H]1CCc2ccc(F)cc2C1,-7.88,-5.679,-13.559000000000001
HIT_0824,Nc1ncc(C(=O)N2CC[C@@]23CCOc2ccccc23)cc1N1CCCCCCC1,-7.644,-5.915,-13.559000000000001
HIT_0825,CNc1nc(C)nc(O)c1N1CC[C@H](N2Cc3ccc(F)cc3C2)C[C@H]1C,-7.409,-6.15,-13.559000000000001
HIT_0826,C[C@@H]1C[C@@H](C(=O)N2CCCCC(=O)C2)CCN1c1ccc2c(c1)CNCCC2,-7.288,-6.271,-13.559000000000001
HIT_0827,Cc1c(F)ccc2c1CCN2c1cc(N2CC(=O)CC(=O)C2)nc2c1CCN2,-7.548,-6.01,-13.558
HIT_0828,C[C@@H]1CC[C@@H](N2CC(F)(c3ccccc3)C2)CN1[C@@H](C)c1ccc2c(c1)NCCO2,-7.623,-5.935,-13.558
HIT_0829,Cc1cccc(C#N)c1N1CCN(C)c2ccc(N3CC[C@@H](O)[C@@H](C)[C@@H]3C)cc21,-7.827,-5.731,-13.558
HIT_0830,Cc1c(F)ccc(-c2ccc3c(c2)[C@H](N2C[C@@H](C#N)[C@@H](C)C2)CC3)c1C,-8.119,-5.439,-13.558
HIT_0831,C[C@H]1CCC(=O)CN1c1ccc2c(c1)CN([C@@H]1CNc3ccccc31)C2,-7.804,-5.753,-13.557
HIT_0832,COc1cccc2c1CN(c1ccc3c(c1)C(F)(F)C(=O)N3)C2,-7.663,-5.894,-13.557
HIT_0833,Cc1cccc(N2CCc3cc(F)cc(N4CCCC[C@@H](O)C4)c3C2)n1,-7.459,-6.097,-13.556000000000001
HIT_0834,Cc1ncc(Nc2ccc3c(c2)C(=O)CCO3)cc1N1CC(F)(F)C12CCC2,-7.558,-5.998,-13.556000000000001
HIT_0835,Cc1cccc(N[C@H]2CCCN(c3ccc4c(c3)CNCCC4)C[C@@H]2C)n1,-7.169,-6.387,-13.556
HIT_0836,O=C(N[C@@H]1CCC[C@@H]1c1nc2c(NC3(c4cccnc4)CC3)cccc2o1)c1cnns1,-7.186,-6.368,-13.554
HIT_0837,C[C@]1(C(=O)N2CCc3c(F)ccc(F)c32)CCN(c2cccc3c2CC(=O)NC3)C1,-7.16,-6.393,-13.553
HIT_0838,Oc1cccc2c1CCN([C@@H]1CCCCN(c3ccc4c(c3)CNC4)C1)C2,-7.389,-6.163,-13.552
HIT_0839,Cc1cccc(-c2ccc3c(c2)OCC[C@]32CCN2)c1C(=O)N1CCC2(CN(C)C2)C1,-7.732,-5.82,-13.552
HIT_0840,Cc1c(N)ccc(CC(=O)N2CCCN(C)c3ncccc32)c1N1CCC(=O)c2cccc(F)c21,-7.783,-5.769,-13.552
HIT_0841,N#Cc1c(F)cccc1N1CCc2cc3c(cc2C1)CCCC3,-7.757,-5.795,-13.552
HIT_0842,c1ccc2c(c1)NCCN2[C@H]1CNCc2ccc(N3CCCNCCC3)cc21,-7.692,-5.86,-13.552
HIT_0843,CN1CCC[C@@H](c2nc3c(-c4ccc(F)cn4)cccc3o2)C1,-7.357,-6.194,-13.551
HIT_0844,CC(=O)Nc1cc(F)ccc1N1Cc2ccc(F)cc2C[C@@H]1C(=O)N1C[C@@H](C)C(=O)C[C@@H]1C,-7.432,-6.119,-13.551
HIT_0845,NCCc1cccc(C(=O)N2CCN3CCc4c(cccc4N4CC[C@H]4c4cccc(F)c4)[C@@H]3C2)c1,-7.476,-6.074,-13.55
HIT_0846,O=C1CC2(CCN(c3c(O)ccc4c3CCN(c3cnc(O)nc3)C4)CC2)C1,-7.115,-6.435,-13.55
HIT_0847,O=C([C@H]1CNCCC1(F)F)N1Cc2ccc(-c3ccc(F)cn3)cc2C1,-7.7,-5.85,-13.55
HIT_0848,Cc1cc(N2C[C@H](C)OC3(CCCC3)C2)ccc1Oc1ccc2c(c1)OCCN2,-7.275,-6.275,-13.55
HIT_0849,O=C1CNC[C@@H](N2CCCc3ccc(N4CCCc5ccncc54)cc3C2)C1,-7.624,-5.926,-13.55
HIT_0850,Brc1cncc([C@@H]2CCCN2c2ccc3c(c2)[C@]2(CC3)COCCN2)c1,-7.393,-6.157,-13.55
HIT_0851,Cn1cc(N2CCCN(c3cc(F)ccc3C#N)CCNCCNCC2)ccc1=O,-7.328,-6.221,-13.549
HIT_0852,Cc1cc(F)ccc1-c1cc2nc([C@@H]3CN[C@H]3C)oc2cc1F,-7.112,-6.437,-13.549
HIT_0853,C[C@@H]1CSC2=C(CN(c3c(N)cccc3F)CC2)[C@@H]1N1CCCc2cccc(F)c2C1,-7.663,-5.885,-13.548
HIT_0854,Cc1nc(Oc2cc3c(cc2O)N([C@H]2CCOc4ccc(C#N)cc42)CC3)ccc1O,-7.427,-6.121,-13.548
HIT_0855,C[C@@]1(C(=O)N2CCN(c3cccc(O)c3)CCNCc3cccc(n3)C2)CCCO1,-7.107,-6.44,-13.547
HIT_0856,Cc1cc(N2CCC(F)(F)[C@H](C(=O)N3CCc4cccc(F)c4C3)C2)cnc1O,-7.387,-6.16,-13.547
HIT_0857,CC[C@@H]1[C@H](O)CCN1c1ccc(F)c2c1CN(c1ccc(C#N)c(F)c1)CC2,-8.322,-5.224,-13.546
HIT_0858,C[C@@H]1CC(=O)c2ccccc2N1c1ccc(O)c(C(=O)N2C[C@@H](C#N)CC[C@@H]2C)n1,-7.269,-6.277,-13.546
HIT_0859,O[C@H]1CCc2c1cccc2N1CCCN([C@H]2CCNc3cccc(F)c32)c2ncccc21,-7.855,-5.691,-13.546
HIT_0860,O=C(O)c1ccc(F)c2c1CN([C@@H]1CCNc3nc(N4CCC[C@@H](O)c5cc(F)ccc54)ccc31)CC2,-6.316,-7.23,-13.546
HIT_0861,NC[C@@H]1C[C@@H]1S(=O)(=O)c1ccc(N2CCCc3ccc(Oc4ccc5c(c4F)OCC5=O)cc3C2)cc1,-6.815,-6.73,-13.545000000000002
HIT_0862,O=C(O)[C@@]1(n2cc(N3CCCCCCC3)c(C(F)F)n2)CCc2ccccc21,-7.674,-5.871,-13.545000000000002
HIT_0863,C[C@]1(C(=O)N2CCc3cccc(F)c3C2)CCN(c2ccc3c(c2)C(=O)CCN3)C1,-7.143,-6.402,-13.545
HIT_0864,CN1CC[C@@H](N)c2cc(N3CCCc4c(F)cccc43)ccc2C1,-7.115,-6.43,-13.545
HIT_0865,O=C(Nc1ccc(N2CCc3ccc(F)cc32)c2c1CCO2)C1=CCNCC1,-7.146,-6.399,-13.545
HIT_0866,O=C(c1ccc2c(c1)CCCN2)N1CC2(CC(N3CC=C(c4ccc(F)cc4)C3)C2)C1,-6.994,-6.55,-13.544
HIT_0867,Cc1ccc(F)c(-c2cc(C)cc3c2CN(C(=O)[C@H]2CCCN[C@H]2C)CC3)c1,-7.858,-5.686,-13.544
HIT_0868,COc1ccc(F)cc1N1CCCN(C)[C@@H](C(=O)N2CCCc3cc(F)ccc32)C1,-6.937,-6.607,-13.544
HIT_0869,C[C@]1(C(=O)N2CCc3cc(F)cc(F)c32)CN(C(=O)C2=CCCCN2)CCO1,-7.192,-6.351,-13.543
HIT_0870,Cc1nnc(C(=O)N2CCCc3ccc(N4C[C@@H](C)C[C@H](C)[C@H]4C)nc32)c(O)n1,-7.845,-5.697,-13.542
HIT_0871,Clc1cccc2c1CN(c1ccc3c(c1)CNCCC3)CC2,-7.544,-5.997,-13.541
HIT_0872,Cc1ccc(NC(=O)c2cc(F)cc3c2NCCC3)c(Sc2ccc3c(n2)CC(=O)N3)n1,-7.862,-5.675,-13.536999999999999
HIT_0873,O=C1CCc2cccc(C(=O)N3CCCc4nc(Cl)ccc43)c21,-7.725,-5.812,-13.536999999999999
HIT_0874,Cc1c(C(=O)N2CCCc3ccc(F)cc3C2)cccc1C(=O)N1C[C@@H](C)C[C@@H]1C(=O)O,-7.22,-6.317,-13.536999999999999
HIT_0875,Cc1c(CO)cccc1N1CCOc2ccc(N3CCc4ccc(O)cc4C3)cc21,-7.894,-5.643,-13.536999999999999
HIT_0876,Cc1cccnc1C(=O)N1CCC[C@H](N2CCOc3cc(F)c(F)cc32)[C@H]1C,-7.811,-5.726,-13.536999999999999
HIT_0877,Cc1ccc2c(c1)N(c1cc(NC(=O)c3cncc4c3CNCC4)cn(C)c1=O)CCC2,-7.658,-5.878,-13.536000000000001
HIT_0878,C[C@@H]1Cc2ccc(N3Cc4c[nH]nc4C3)cc2CN1c1ccc(O)nc1,-7.581,-5.955,-13.536000000000001
HIT_0879,Cc1ncc(C(=O)N2C[C@H]3C[C@@]3(C(=O)N3CCOc4c(F)cccc43)C2)nn1,-7.657,-5.879,-13.536
HIT_0880,C[C@@H]1CCN(C)[C@H]1C(=O)N1CCc2ccc(Oc3cncc4c3CCC[C@@H]4O)cc2C1,-7.071,-6.465,-13.536
HIT_0881,C[C@H]1CC[C@@H](N2CCc3ncnc(-c4ccc(Cl)cc4F)c3C2)CS1,-7.779,-5.756,-13.535
HIT_0882,C[C@H]1NC[C@H]1C(=O)N1CCc2c(ccc(N3CCc4cc(F)c(Cl)cc43)c2F)C1,-7.348,-6.186,-13.533999999999999
HIT_0883,Cc1nonc1C(=O)N1CCc2cc(N3CCCC(=O)[C@@H](C)C3)ccc21,-7.039,-6.493,-13.532
HIT_0884,Cc1cc(F)cc(-c2cc(F)cc3c2CCN(C(=O)[C@H]2C[C@]4(CCCN4)C2)C3)c1,-7.212,-6.32,-13.532
HIT_0885,CCC1CN(Cc2nc(-c3cc(N4C[C@@H](C)c5ccccc5[C@H]4C(=O)O)c[nH]3)no2)C1,-7.182,-6.35,-13.532
HIT_0886,Cc1cc(F)cc2c1N(c1ccc3c(n1)N(C(=O)[C@H]1CCNC1)CCC3)CC2,-8.032,-5.499,-13.530999999999999
HIT_0887,Oc1cccc(N2CCC[C@]23CCN(c2ccc(O)cc2F)C3)c1,-7.33,-6.201,-13.530999999999999
HIT_0888,Cc1cc2c(cc1N[C@@H]1CCOc3c(C)cccc3C1=O)CNCC2,-7.642,-5.888,-13.530000000000001
HIT_0889,Cc1cnc(C(=O)N[C@H]2CCCC(F)(F)[C@@H]2Oc2ccc(F)c(C#N)n2)c(Br)c1,-7.223,-6.307,-13.530000000000001
HIT_0890,O=C1CCOc2c(F)ccc(N3CC[C@@H](O)C[C@@H]3C(=O)N3CCc4ccccc4CC3)c21,-7.777,-5.751,-13.528
HIT_0891,O=C1N([C@H]2CCCc3ccccc32)C(=O)[C@@]2(CC23CCCCCC3)N1c1c[nH]nc1C(F)(F)F,-7.379,-6.149,-13.527999999999999
HIT_0892,CC1(C)NCC[C@@H]1N1CCc2ccc(N3CCc4ccc(F)c(F)c4C3)cc21,-7.666,-5.861,-13.527000000000001
HIT_0893,C[C@H]1CN(c2ccc3c(c2)[C@H](N2CCC(=O)[C@@H](C)C2)CCO3)c2ccccc2N1,-7.565,-5.961,-13.526
HIT_0894,Fc1ccc2c(c1)[C@@H](Oc1ncnc3c1CC[C@@H](N1CCCCCCNCCNCC1)C3)CC2,-7.311,-6.215,-13.526
HIT_0895,Cc1cc2nc([C@H]3CNCC3(C)C)oc2cc1N1CCC2(CCCC(=O)N2)CC1,-7.354,-6.172,-13.526
HIT_0896,O=C(O)c1ccc(CN2CCOC[C@@]23CCCc2ccc(Cl)cc23)c(N2CC(F)(F)C23CCCC3)c1,-7.25,-6.276,-13.526
HIT_0897,Cc1noc(N)c1N1CCc2ccc(N3CCC[C@@](C)(C#N)C3)cc21,-7.496,-6.03,-13.526
HIT_0898,Cc1ccc(-c2cc(C)cc3c2OC[C@H]3N2CCc3c(C)ncnc3C2)cc1,-7.187,-6.338,-13.525
HIT_0899,Cc1ccc(N(C)c2cccc3c2O[C@H](C(=O)N2CC[C@@H](N(C)C)[C@H]2C)C3)c(F)c1,-8.127,-5.398,-13.525
HIT_0900,C[C@@]1(C(=O)N2CCOc3c(F)cc(N4CCc5ccc(F)cc54)cc32)CCN1,-7.562,-5.963,-13.525
HIT_0901,c1cc2c(cc1N[C@H]1CCCC3(CCCC3)C1)CC[C@@]21COCCN1,-7.236,-6.289,-13.524999999999999
HIT_0902,C[C@]1(C(=O)N2CCc3ccc(O)cc3C2)CCN(c2cccc(C#N)c2F)C1,-6.869,-6.656,-13.524999999999999
HIT_0903,Cc1nc(N2CCCNC[C@@H](N3C[C@H](C)c4ccccc43)C2)cnc1N,-7.497,-6.027,-13.524000000000001
HIT_0904,C[C@H]1CCC12CN(c1ccc3c(c1)N(c1ccc4c(c1)C(=O)CCN4)CC3)C2,-6.942,-6.582,-13.524000000000001
HIT_0905,Cc1cc(F)cc2c1N([C@@H]1CCN(c3ccc4c(c3)CNCCC4)C[C@@H]1C)CC2,-7.811,-5.713,-13.524000000000001
HIT_0906,Cc1cc(N)ccc1-c1c[nH]nc1C(=O)N1CCN(c2cccc3c2C[C@H](O)C3)[C@H](C)C1,-6.149,-7.374,-13.523
HIT_0907,O=C(Nc1cc(N2CCc3c(O)cccc3C2)cnc1F)[C@@]1(F)CCOC1,-7.393,-6.13,-13.523
HIT_0908,O=C1COc2cc(N3CCc4ccc(Cl)cc4C3)ccc21,-7.61,-5.913,-13.523
HIT_0909,C[C@@H](C#N)N1CCN(c2ccc3c(c2)[C@@H](N2CCc4ccncc42)CN3)CC1,-7.551,-5.972,-13.523
HIT_0910,Cc1cc(Oc2cc(-c3nc4cccc(C(=O)O)c4o3)n(C)n2)c(C)cc1C#N,-6.856,-6.666,-13.522
HIT_0911,O[C@H]1COCC[C@]1(C#Cc1ccccc1)N1CCOc2ccc(Cl)cc21,-7.511,-6.011,-13.522
HIT_0912,C[C@@H]1CC[C@]1(N)C(=O)N1CCc2c(N3CCCc4cc(O)ccc4C3)cccc21,-7.423,-6.099,-13.522
HIT_0913,Cc1cnc(N)c(N2C[C@@H](C)C[C@@H]2C(=O)N2CCc3c(F)ccc(F)c32)c1,-8.019,-5.503,-13.522
HIT_0914,CCNC(=O)c1ccc(S(=O)(=O)N2C[C@@H](C(=O)N3CCOc4ccc(F)cc4C3)C3(CCCC3)C2)cc1,-7.638,-5.884,-13.522
HIT_0915,Cc1c(F)ccc2c1CC[C@@H]2N(C(=O)C1(N)CCC1)c1cccc2c1CCNC2,-8.149,-5.373,-13.521999999999998
HIT_0916,O=C(Nc1ccccc1C(=O)N1CCc2cc(F)ccc21)c1c[nH]c2nccc-2c1Cl,-7.838,-5.683,-13.521
HIT_0917,O=C(Nc1cccc2cncn12)[C@@H]1CSC[C@@H]1N1C(=O)NC[C@@H](c2ccc(Cl)cc2)C1=O,-6.9,-6.621,-13.521
HIT_0918,Cc1cc(N2CCCCN(C(=O)c3cccc(C)c3F)CCCNCCC2)ccn1,-7.287,-6.234,-13.521
HIT_0919,C[C@H]1[C@H](C)CCC[C@H]1Oc1cc(F)cnc1-c1noc(-c2cccc3c2CNCC3)n1,-7.335,-6.186,-13.521
HIT_0920,O=C([C@@H]1[C@@H](O)CCCN1C(=O)[C@H]1C[C@@H](F)C1)N1CCCc2c(F)ccc(F)c21,-7.636,-5.885,-13.521
HIT_0921,Cc1cccc2c1CN(c1ccc3c(c1)[C@@]1(CCN1)CCO3)CC2,-7.825,-5.695,-13.52
HIT_0922,O=C([C@@H]1CCN1)N1Cc2ccccc2[C@@H](N2CCc3cc(F)cc(F)c3C2)C1,-7.223,-6.297,-13.52
HIT_0923,CC1=CC(C)=NCCN1c1cc2c(cc1O)[C@H](N(C)c1ncccc1C)CC2,-7.853,-5.666,-13.519
HIT_0924,Oc1ncncc1N1CCCc2ccc(N3CCC34CCOCC4)cc2C1,-7.175,-6.344,-13.519
HIT_0925,C[C@H]1N(c2ccc3c(c2)N(c2ncccc2C#N)CC3)CCC1(F)F,-7.115,-6.404,-13.519
HIT_0926,CC(C)=C1CCN(c2cc(N[C@H]3CCCc4c(F)cccc43)cnc2N)CC1,-7.758,-5.76,-13.518
HIT_0927,CC(=O)N1CCC(C)(N(c2cnc(C)cc2C)c2cc(C)cc3c2CCNC3=O)CC1,-7.584,-5.934,-13.518
HIT_0928,O=C([C@H]1C[C@@H](N2C(=O)C[C@@H](c3cccnc3)NC2=O)CCN1)N1CCc2cccc(Cl)c2C1,-6.753,-6.764,-13.517
HIT_0929,C[C@]1(C(=O)N2CCOc3cc(F)ccc32)CCN(c2ccccc2O)C1,-7.595,-5.922,-13.517
HIT_0930,C[C@@H]1CCCCN(c2ccc3c(c2)CCN(c2ccc4c(c2)[C@]2(CCN2)CCO4)C3)C1,-7.079,-6.438,-13.517
HIT_0931,OCc1nc(N2CCCCNc3ccccc32)ccc1N1CCc2ncccc21,-7.154,-6.361,-13.515
HIT_0932,Cc1cc(F)c(-c2ccc3c(c2)[C@@H](Nc2cncc4c2CCN4)CCN(C)C3)cc1Cl,-7.415,-6.1,-13.515
HIT_0933,CN(C)C1(C)CN(c2c(N)ccc3c2[C@H](N2CC[C@@](C)(c4cccc(F)c4)C2)CC3)C1,-7.594,-5.92,-13.514
HIT_0934,Nc1cc(F)c(F)cc1N1CCCC[C@@H](N2CCc3ccc(F)cc32)C1,-7.621,-5.892,-13.513000000000002
HIT_0935,C[C@@H]1CC[C@@H](C)C1Nc1cccc2c1CCN(C(=O)c1ncc(O)cn1)C2,-7.155,-6.358,-13.513
HIT_0936,Cc1nc2c(o1)CN(C(=O)[C@H]1CC[C@@H](C(=O)N3CCc4cc(F)ccc43)N1)C2,-7.259,-6.252,-13.511
HIT_0937,C[C@@H]1[C@H](C)N(C(=O)c2ccn(C)n2)CCN1c1cc(C(=O)N2C[C@H](c3ccccc3F)[C@@H](C#N)C2)ccc1C#N,-8.34,-5.171,-13.511
HIT_0938,Cc1nc(C(=O)N2CC[C@H](N3CC[C@]34CCCc3ccc(F)cc34)C[C@@H]2C)c(N)o1,-6.637,-6.873,-13.51
HIT_0939,Cc1ccc(Nc2cc(F)ccc2C#N)cc1N1CCC[C@]2(CCO2)C1,-7.907,-5.603,-13.51
HIT_0940,NC1(c2cccc(N3C[C@@H](N4CCC45CCCC5)c4ccccc43)c2)CC1,-7.419,-6.09,-13.509
HIT_0941,COc1ccc(F)c2c1CCN(C(=O)c1ccnnc1NC(=O)c1ccc(F)c(C)c1C)C2,-7.308,-6.201,-13.509
HIT_0942,C[C@H]1C[C@H](N(C)c2ncc(F)cc2F)CCN1c1cccc2c1CCN2,-7.979,-5.53,-13.509
HIT_0943,Cc1cc2nc(-c3ccc4c(c3)CC[C@@H]4Nc3cc4c(c(C(=O)O)c3)OCCN4)oc2cc1C,-7.569,-5.94,-13.509
HIT_0944,C[C@]1(C#N)CCN(c2cc(Nc3ccc4c(c3)C(=O)CO4)c3c(c2)OCCO3)C1,-7.481,-6.027,-13.508
HIT_0945,c1cc2c(cc1N1CCc3ccc(N4CC[C@]45CCOC5)cc3C1)OCCN2,-7.013,-6.495,-13.508
HIT_0946,Cc1ccc(-c2cccc3c2CN(C(=O)[C@@H]2CCN[C@H]2C)CC3)cn1,-7.878,-5.63,-13.508
HIT_0947,O=C([C@H]1[C@@H](O)CCN1c1cccc2c1[C@@H](O)CC2)N1CCc2ccncc21,-7.993,-5.514,-13.507000000000001
HIT_0948,Cc1nnc(N2CCC[C@@H](O)c3cc(F)ccc32)cc1N1CCCNC(=O)C1,-7.481,-6.026,-13.507
HIT_0949,O=C([C@H]1CN(c2ncn3c2CNCC3)CCCO1)N1CCCc2c(F)cccc21,-7.31,-6.197,-13.507
HIT_0950,N#Cc1cc(C(=O)O)ccc1O[C@@H]1CCC[C@H](N2CCCc3cc(F)ccc32)C1,-7.352,-6.154,-13.506
HIT_0951,C[C@H]1COc2cc(F)ccc2N1C(=O)[C@@H]1CCCN(c2ccc3c(c2)OCC[C@H]3N)CC1,-7.263,-6.243,-13.506
HIT_0952,N#CC1(F)CCN(C(=O)c2ccnc(C(=O)N3Cc4cc(Cl)ccc4[C@@H](C(=O)O)C3)c2)CC1,-6.565,-6.94,-13.505
HIT_0953,Cc1ncncc1-c1ccc2c(c1)N(c1cnc3n1CCNC3)CCO2,-7.741,-5.764,-13.504999999999999
HIT_0954,Cc1c(CN2CCCc3ccc(F)cc3C2)cncc1N1CCC12CCCC2,-7.933,-5.572,-13.504999999999999
HIT_0955,Oc1nccc(N2CCc3ccc(N4CC[C@H](O)[C@@H](F)C4)cc32)n1,-7.568,-5.937,-13.504999999999999
HIT_0956,Cc1cccc2c1CN([C@@H]1CCN(c3cnc4c(c3)NCC4)c3cccc(F)c31)C2,-7.613,-5.891,-13.504000000000001
HIT_0957,Cn1c2c(cc(N3CCc4ncc(N5CC[C@]6(CCOC6)C5)cc43)c1=O)CCC2,-7.496,-6.008,-13.504000000000001
HIT_0958,COc1cccc2c1CN([C@H]1CCCCN(c3ccc4c(c3)C(=O)CN4)C1)CCCO2,-6.75,-6.754,-13.504
HIT_0959,C[C@@]12C[C@H]1CCC[C@@H]2N(c1ccc(O)nn1)[C@H]1CCc2ccccc2OC1,-7.784,-5.719,-13.503
HIT_0960,N#Cc1nc(Nc2cccc3c2CNC3=O)c(Nc2cccc3c2NCCC3=O)nc1C#N,-7.273,-6.23,-13.503
HIT_0961,C[C@H]1CC[C@H](N2CCC(=O)c3cccc(F)c32)CN1c1ccc(O)nc1F,-7.719,-5.783,-13.502
HIT_0962,C[C@@H]1CCN(C(=O)c2cccc(C3CCC3)n2)c2ccccc2N1,-7.645,-5.857,-13.501999999999999
HIT_0963,C[C@@H]1C[C@H](N)CN1C(=O)NC1(c2cccc(N3CCc4cc(F)ccc43)c2)CC1,-7.649,-5.853,-13.501999999999999
HIT_0964,Cc1nc(-c2nc3c(C(=O)N4CCc5cccc(C)c5C4)ccc(Cl)c3o2)co1,-7.233,-6.269,-13.501999999999999
HIT_0965,Cc1cc(N(c2ccc3c(c2)CN[C@H](C)C3)c2ccc3c(c2)NCC3)c(C)cc1C#N,-7.42,-6.081,-13.501000000000001
HIT_0966,Cc1c(F)cc(C(=O)N2CCC[C@](C)(F)C2)cc1NC(=O)c1ccc(C#N)c(F)c1,-6.889,-6.612,-13.501000000000001
HIT_0967,Cn1cc(N2Cc3ccccc3[C@H](N3CCc4c(F)cc(F)cc4C3)C2)cc1C(=O)O,-7.31,-6.191,-13.501
HIT_0968,CC1(C)C[C@@H](O)CCN1c1ccc2c(c1)N(c1ccc3c(c1)OCCN3)CC2,-7.062,-6.438,-13.5
HIT_0969,C[C@@H]1[C@@H](C)N(c2ccc(F)c3c2CC(=O)N3)CCN1c1ccc2c(c1)CCCNC2,-8.125,-5.375,-13.5
HIT_0970,O[C@]1(c2ccccc2)CCCN(c2ccc3c(c2)CNCC3)C1,-7.663,-5.836,-13.499
HIT_0971,CCN1CCc2c(C)cccc2[C@@H]1C(=O)N1CCN(C)CCN(C(=O)c2n[nH]c3c2CCC3)CC1,-7.056,-6.443,-13.498999999999999
HIT_0972,N#Cc1cc(N2CCn3ncc(N4CCc5c(O)cccc5C4)c3C2)cnc1O,-7.186,-6.312,-13.498000000000001
HIT_0973,COc1cccc(-c2cc3nc([C@H]4C[C@H](C)N4c4ccc(F)c5c4CNCC5)oc3nn2)c1,-6.429,-7.067,-13.496
HIT_0974,Cc1ccc(C(=O)N2CCCc3n[nH]cc32)cc1N1CC2(CCC2)[C@H]1C(=O)O,-7.42,-6.076,-13.495999999999999
HIT_0975,C[C@H]1CC[C@@H]1NC(=O)N1CCc2cc(F)c(Nc3cccc4c3C(=O)CC4)cc21,-6.831,-6.664,-13.495000000000001
HIT_0976,Cn1cc(N2CCC[C@]23CCOC3)cc(N[C@@H]2COCc3cc(F)ccc32)c1=O,-7.841,-5.654,-13.495000000000001
HIT_0977,Cc1c(F)ccc(N[C@H]2CCc3ccc4c(c32)CCC4)c1N1CC[C@](C)(O)[C@H](C)C1,-7.845,-5.649,-13.494
HIT_0978,C[C@]1(N(c2cccc3c2CNC3)[C@@H]2CCc3cc(F)cc(F)c32)C[C@@H](NC(=O)C2(F)CNC2)C1,-8.237,-5.257,-13.494
HIT_0979,Cc1csc(C(=O)N2CC[C@@]3(C(=O)N[C@@H]4CCN(C)Cc5ccc(F)cc54)CCC[C@@H]23)n1,-8.186,-5.308,-13.494
HIT_0980,CN1CCNc2cc(N3CCNCc4ccc(N5CCC(C)(F)CC5)cc43)ccc21,-7.891,-5.602,-13.493
HIT_0981,C[C@H]1[C@H](O)CCN(c2ccnc3c2CN(c2cc4c(cc2F)OCCO4)CC3)[C@H]1C,-7.537,-5.956,-13.493
HIT_0982,C[C@@H]1CC[C@@H](C(=O)N2CCc3ccc(C#N)cc32)N(c2ccc3c(c2)OC[C@H]3O)[C@H]1C,-7.666,-5.827,-13.493
HIT_0983,Cc1c(C#N)cccc1N1CCCN(c2ccc(C#N)c(F)c2)CCNCCCNCC1,-7.231,-6.262,-13.492999999999999
HIT_0984,C[C@@H]1[C@@H](C(=O)O)CCN1c1ccc(F)c2c1CN(c1ncc(F)cc1CN)CC2,-7.723,-5.769,-13.492
HIT_0985,CC(=O)c1ccc(-c2ccc3c(c2)N(Cc2cc(F)cc(Cl)c2O)C[C@H]3[C@H](C)O)c(C)c1,-6.888,-6.603,-13.491
HIT_0986,C[C@@H]1[C@@H](C(=O)N2[C@H](C)[C@H]2c2ccccc2)CCN1[C@@H]1CCOc2c(F)cccc21,-7.463,-6.028,-13.491
HIT_0987,C[C@H]1CN(c2cnc3c(c2)CN(c2occc2C#N)C3)[C@@H](c2ccccc2)CN1,-7.32,-6.169,-13.489
HIT_0988,COc1cccc2c1C[C@H](N(C(Cl)=CCN1CCC[C@@H]3COC[C@@H]31)c1ccc3c(n1)CCC[C@@H]3O)CO2,-7.675,-5.814,-13.489
HIT_0989,Cc1ccc(O)cc1N1[C@H](C)CN(C(=O)c2ccc(N3CCCc4ccncc43)o2)C[C@H]1C,-7.436,-6.052,-13.488
HIT_0990,CCc1ccc2c(c1)N([C@@H]1CCCCN(c3ccc4c(c3)NCC4)C1)CCO2,-7.797,-5.691,-13.488
HIT_0991,COc1c(C(N)=O)cc(C)c(C)c1N1CCC[C@]12CCN([C@@H]1COc3ccc(F)cc3C1)C2,-7.599,-5.888,-13.487
HIT_0992,C[C@@H]1Cc2c(N)c(F)cc(O[C@H]3CN(c4ccc(F)cn4)C[C@@H]3Oc3ccccc3CC#N)c2O1,-6.946,-6.541,-13.487
HIT_0993,Cc1cc(N(Cc2ncc(F)cc2C)C(=O)c2ccc3c(c2)CNC3)ccc1O,-7.4,-6.086,-13.486
HIT_0994,CC(=O)N1CCOc2ccc(-c3ccc(N4CCCC5(CCCC5)C4)cc3F)cc21,-7.068,-6.417,-13.485
HIT_0995,O=C(Nc1cnc(N2CCCc3ccc(F)cc3C2)c(Cl)c1)N1CCC(O)CC1,-7.344,-6.141,-13.485
HIT_0996,N#Cc1cc(N2Cc3ccc(F)cc3C[C@@H]2C(=O)N2CC[C@@H]3COC[C@@H]32)co1,-8.022,-5.462,-13.484
HIT_0997,C[C@H]1COC[C@@H](c2nc3ccccc3n2C(=O)[C@@H]2NCC2(C)C)N1c1ccc2c(c1)N(C)C(=O)CC2,-7.812,-5.672,-13.484
HIT_0998,CC[C@@H]1[C@@H](C)CCN1c1cccc2c1CN(c1cccc3c1OCC3)C2,-8.171,-5.312,-13.483
HIT_0999,N#C[C@@]1(F)CCCN(c2cccc3c2[C@H](N2CCc4ccc(F)cc42)CCN3)C1,-8.052,-5.431,-13.483
HIT_1000,CC1(F)CCN(c2ccc3c(c2)CN(C(=O)[C@@]2(C)CNCCO2)CC3)CC1,-7.329,-6.154,-13.483
