hit_id,smiles,vina_PD-L1,vina_6DHB,dual_score
HIT_0001,c1cc2c3c(c1)CN(c1ccc4c(c1)CCC[C@]41COCCN1)C[C@@H]3CCC2,-8.328,-6.672,-15.0
HIT_0002,C[C@H]1NC[C@@H]1C(=O)N1CCCc2ccc(N3CCc4ccc(F)cc4C3)nc21,-8.576,-6.404,-14.98
HIT_0003,c1cc2c(cc1-c1ccc3c(n1)N(c1ccc4c(c1)CNCCC4)CC3)CC2,-8.027,-6.763,-14.79
HIT_0004,Cc1cc(C)c(-c2ccc3c(c2)[C@@H](N2CCC[C@@](C)(O)[C@@H](C)C2)COC3)c(C)c1,-8.042,-6.519,-14.561
HIT_0005,Cc1cc(C(=O)N2CCC(=O)NC[C@@H]2C)c(N2Cc3ccccc3[C@H](C)C2)cc1F,-8.822,-5.729,-14.550999999999998
HIT_0006,CC1(C)CN(c2ccc3c(c2)CN(c2ccc(F)c4c2CC(=O)N4)CC3)CCCN1,-8.396,-6.02,-14.416
HIT_0007,C[C@@]1(C#N)CCN(C(=O)c2ccc3c(c2)CN(c2cccc4c2CCNC4)C3)C1,-7.727,-6.621,-14.348
HIT_0008,Cc1cc2c(cc1C)CN(c1ccc3c(c1)CCN3)CCC2,-7.577,-6.756,-14.333
HIT_0009,O=C(c1cccc2c1CN(c1cccc3c1CCN3)CC2)N1CCCCCCC1,-8.063,-6.268,-14.331
HIT_0010,Cc1cc(N2CCN3CCc4ccc(-c5cc(O)ccc5F)cc4[C@@H]3C2)cnc1C,-8.39,-5.933,-14.323
HIT_0011,CC1=C[C@@]2(Nc3ncc(F)cc3C(=O)N2c2ccc3c(c2)CNCC3)[C@H]2CCC[C@H]12,-8.905,-5.4,-14.305
HIT_0012,N#Cc1cc(N2C[C@H]3C[C@H](N4CC[C@@]45CCOc4cc(F)ccc45)C[C@H]3C2)c(F)cc1O,-8.702,-5.571,-14.273
HIT_0013,Cc1ccc(C#N)cc1-c1ccc2c(n1)N(c1cccc(F)c1O)CC2,-8.736,-5.473,-14.209
HIT_0014,O=C1NCCCc2c1cccc2N1CCc2cc(F)c(F)cc2C1,-8.459,-5.746,-14.205
HIT_0015,C[C@H]1CCN[C@H](C(=O)N2CCc3nc(N4CCC(=O)c5c(F)cccc54)ccc3C2)C1,-8.136,-6.069,-14.204999999999998
HIT_0016,c1ccc(-c2cc(-c3ccc4c(c3)COC4)nc3cnccc23)cc1,-8.427,-5.767,-14.193999999999999
HIT_0017,C[C@]1(C(=O)N2CCC[C@@]23CCc2cc(F)ccc23)CCN(c2cccc3c2C2(CC2)C(=O)N3)C1,-8.719,-5.472,-14.190999999999999
HIT_0018,Cc1c(F)ccc(-c2cccc3c2C[C@@H](N2CCC(C)(C)C[C@H]2C(=O)O)CC3)c1C,-9.109,-5.076,-14.184999999999999
HIT_0019,Cc1cccc(C(=O)N2CCCNCCNCCN(C(=O)c3oc4c(c3C)[C@@H](N)CCC4)CCC2)c1,-8.307,-5.864,-14.171
HIT_0020,Cc1ccc2c(c1)N(c1ccc3c(c1)CN(C1CNCCNC1)CC3)CC2,-7.758,-6.374,-14.132
HIT_0021,C[C@@H]1Cc2cccc(O)c2N(c2ccc3c(c2)[C@@]2(CC3)COCCN2)C1,-8.627,-5.501,-14.128
HIT_0022,C[C@@H]1CC2(CCCC2)CN1c1cccc2[nH]c3c(=O)n(C(=O)[C@]4(C)CCCCO4)c(=O)[nH]c3c12,-8.879,-5.242,-14.120999999999999
HIT_0023,Cc1c(N2CCc3ccc(N4Cc5ccc(Cl)cc5C4)cc32)ccc2c1CNCC2,-8.434,-5.672,-14.105999999999998
HIT_0024,CC1(C)CCCCN1[C@@H]1CCc2ccc(N3CCc4c(O)ccc(O)c4C3)cc21,-8.19,-5.891,-14.081
HIT_0025,Cc1cc2c(c(N3CCc4c(cccc4N4CCN5CCC[C@]5(C)C4)C3)c1)CCNC2=O,-7.826,-6.239,-14.065
HIT_0026,CC1(C)CCN(C(=O)N2CCOc3ccc(N4CCCc5cc(O)c(O)cc5C4)cc32)C1,-8.881,-5.172,-14.053
HIT_0027,Cc1cc(F)c2c(c1)CCN([C@H]1C=C(Nc3ccc4c(c3)CNCC4)C[C@@H](C)C1)C2,-7.588,-6.462,-14.05
HIT_0028,Oc1ncccc1N1CCNCc2cccc(n2)CN(c2ccc3c(c2)OC[C@H]3O)CC1,-8.281,-5.758,-14.039000000000001
HIT_0029,N[C@@H]1COc2c1ccc(N1CCc3cccc(F)c3C1)c2-c1ccc2c(c1)CCO2,-8.583,-5.456,-14.039000000000001
HIT_0030,Cc1cccc(C(=O)N2CC[C@@H](C)NCCNCC[C@@H](C)N(c3ccc(C)c(C#N)c3)CC2)c1,-8.376,-5.648,-14.024
HIT_0031,N#Cc1cc(N2CCc3ccc(N4CC[C@H](O)[C@H]5CCC[C@@H]54)cc32)[nH]c1C#N,-8.554,-5.466,-14.02
HIT_0032,C[C@H]1CN(c2ccc3c(c2)N(c2ccc4c(c2)CCCNC4)CC3)CC[C@@]1(C)O,-7.609,-6.396,-14.004999999999999
HIT_0033,N#Cc1cccc(C(=O)N2CCNCCNCCN(C3Cc4ccccc4C3)CC2)c1,-8.075,-5.924,-13.998999999999999
HIT_0034,C[C@H]1CN(c2cc(Cl)cc3c2CCNC3=O)Cc2cc(Cl)ccc2O1,-8.116,-5.876,-13.992
HIT_0035,C[C@H]1[C@H](O)CCN(c2cc(F)c3c(c2)N(c2ccc4c(c2)CCNC4)CCO3)[C@H]1C,-7.985,-6.006,-13.991
HIT_0036,C[C@@H]1c2cc(F)ccc2CCN1[C@H]1CCCCN(c2cc(N)n(C)n2)C1,-7.92,-6.069,-13.989
HIT_0037,CC(=O)[C@H]1CCN(c2cccc3c2CCN(c2ccc4c(c2)[C@]2(CCN2)CCO4)C3)C1,-8.064,-5.922,-13.986
HIT_0038,Cc1c(N2CC[C@@H](c3c(F)cccc3F)C2)ccc2c1CNCC2,-8.274,-5.704,-13.977999999999998
HIT_0039,Cc1cc(-c2cnc3c(c2)N(c2ccc4c(c2)NCC4)CCO3)ccc1C#N,-7.648,-6.316,-13.963999999999999
HIT_0040,Cc1ccc(N2CCc3cccc(-c4c(C)cc(C#N)cc4C)c3C2)nc1C,-8.154,-5.777,-13.931000000000001
HIT_0041,O=C1CN(C(=O)c2cc(N3CCCC(=O)c4ccccc43)cc3c2NCCC3)CCCN1,-8.305,-5.622,-13.927
HIT_0042,Cc1nn(C)c(C(=O)O)c1N1CCN(C)c2ccc(N3CCCc4c(C#N)cccc43)cc2C1,-7.925,-6.0,-13.925
HIT_0043,Fc1ccc(Nc2ccc3c(c2)OC[C@@]32COCCN2)cc1N1Cc2ccccc2C1,-7.837,-6.075,-13.911999999999999
HIT_0044,Cc1c(NC(=O)[C@@]2(N3CCNC4(CC4)C3)Cc3cccc(C#N)c32)ccc2c1OCCO2,-8.255,-5.651,-13.906
HIT_0045,Cc1csc(C(=O)N2CC[C@@]3(C(=O)N[C@@H]4CCN(C)Cc5ccc(F)cc54)CCC[C@@H]23)n1,-8.186,-5.72,-13.905999999999999
HIT_0046,N#Cc1ccc(-c2cccc3c2CCN(C2CC4(CNC4)C2)C3)c(F)c1,-8.517,-5.383,-13.899999999999999
HIT_0047,Fc1cc(Cl)ccc1-c1ccc2c(c1)CN(c1ccc3c(c1)CCNC3)CC2,-7.589,-6.308,-13.897
HIT_0048,C[C@H]1CNC(=O)CCN1c1ccc2c(c1)OCCN2c1ccc(C#N)c(F)c1,-8.443,-5.454,-13.896999999999998
HIT_0049,Cc1c(C(=O)N2C[C@@H](C)CN(C)c3ccccc32)ccnc1Nc1ccc2c(c1)COC2,-8.205,-5.69,-13.895
HIT_0050,C[C@H]1Cc2ccccc2N(c2ccc(F)c(NC(=O)N3CC[C@H]4CC[C@@H]3CC4)c2)C1,-8.263,-5.626,-13.889
HIT_0051,CN1C(=O)Cc2cc(N3CCCC[C@H](N4CCC(=O)c5cc(F)ccc54)C3)ccc21,-8.281,-5.605,-13.886000000000001
HIT_0052,CC[C@@H]1CN(c2ccc3c(c2)N(c2cc(F)cc4c2COC4=O)CC3)CC[C@H]1O,-7.952,-5.924,-13.876000000000001
HIT_0053,CC(C)c1c2c(nc3ncccc13)-c1ccccc1N(C(=O)[C@@H]1CC(C)(C)CCN1)C2,-7.944,-5.921,-13.865
HIT_0054,N#Cc1ccc(N2CCc3c2ccc(F)c3Cl)cc1Oc1ccc(C2(O)CC2)cc1,-7.794,-6.067,-13.861
HIT_0055,Cc1c(F)ccc2c1N(C(=O)c1ccc3c(c1)CCN3)CCC2,-7.904,-5.956,-13.86
HIT_0056,O=C1CCCCC[C@@H](N2CCc3ccc(N4CCc5cc(O)ccc54)cc32)[C@@H]1F,-8.062,-5.79,-13.852
HIT_0057,C[C@@H]1Cc2cc(F)ccc2CN1C(=O)[C@]1(C)CCN(c2ccc3c(c2)[C@]2(CCN2)CCO3)C1,-8.128,-5.713,-13.841000000000001
HIT_0058,Cc1cc(-c2cc3c(cc2F)OCCN3C(=O)[C@H]2CNCC[C@H]2C)ccc1F,-7.877,-5.963,-13.84
HIT_0059,Cc1ccc2c(c1)CN(c1ccc3c(c1)N(C(=O)[C@@H]1NCC[C@@H]1O)CC3)CC2,-7.822,-6.016,-13.838000000000001
HIT_0060,CC[C@H]1CN(c2ccc3c(c2)N(c2ccc4c(c2)CCNC4=O)CC(=O)N3C)CCC1=O,-8.236,-5.589,-13.825000000000001
HIT_0061,Cc1cc(F)c(-c2ccc3c(c2)[C@@H](Nc2cncc4c2CCN4)CCN(C)C3)cc1Cl,-7.415,-6.407,-13.822
HIT_0062,C[C@]1(C(=O)N2CCOc3ccc(N4CCc5cc(O)ccc5C4)cc32)CCCN1,-8.164,-5.653,-13.817
HIT_0063,Cc1cc(-c2cc(N3CC[C@]34CCOC4)c(C)nc2O)ccc1C#N,-7.981,-5.835,-13.815999999999999
HIT_0064,O=C([C@H]1NCCc2cc(F)ccc21)N1CCc2cc(N3CCCc4cccnc43)ccc21,-7.887,-5.925,-13.812
HIT_0065,Cc1ccc(-c2ccc3c(c2)CN([C@@H]2CCC[C@@H]4CNCC[C@H]42)CCO3)c(F)c1,-7.718,-6.091,-13.809000000000001
HIT_0066,Cc1c(F)ccc(N[C@H]2CCc3ccc4c(c32)CCC4)c1N1CC[C@](C)(O)[C@H](C)C1,-7.845,-5.963,-13.808
HIT_0067,O[C@@H]1CCN(c2cnc(N[C@@H]3CCCc4c(F)cccc43)c(F)c2)C[C@H]1F,-8.308,-5.493,-13.801
HIT_0068,O=C([C@@H]1CC[C@H]1c1nc2ccnc(-c3cc4cccnc4[nH]3)c2o1)N1CCC(F)(F)C1,-8.006,-5.795,-13.801
HIT_0069,C[C@H]1N(c2ccc3c(c2)[C@@H](Oc2ccc4c(c2F)OCC4=O)CC3)CCC1(F)F,-7.985,-5.809,-13.794
HIT_0070,Cc1cc(F)c(F)cc1-c1cc2c(cc1F)CCN2C(=O)[C@H]1CNCCCO1,-8.645,-5.149,-13.794
HIT_0071,C[C@@H]1NCC[C@@H]1C(=O)N1CCc2ccc(N3CCCc4cccc(F)c4C3)cc21,-8.643,-5.142,-13.785
HIT_0072,Cc1c(N2CCc3cccc(N4C(C)(C)CC4(C)C)c3C2)ccc2c1NC(=O)C2,-7.225,-6.556,-13.780999999999999
HIT_0073,Fc1cc(-c2nc3cc(Cl)c4cccnc4c3o2)c2oc(C3CCOCC3)nc2c1,-8.039,-5.727,-13.766
HIT_0074,c1ccc2c(c1)CCN2[C@H]1CCCCN(c2cccc3c2CCN2CCNC[C@H]32)C1,-8.514,-5.223,-13.736999999999998
HIT_0075,CC1(C)COC(c2cccc(N(c3ccc4c(n3)CNC4)c3nc(C#N)c(C#N)[nH]3)c2)OC1,-8.392,-5.343,-13.735
HIT_0076,N#C[C@@]12CCCC[C@@H]1CN(c1ccc3c(c1)[C@H](Oc1ccc(O)cc1F)CCO3)C2,-8.171,-5.563,-13.733999999999998
HIT_0077,CC1(C)NCC[C@@H]1N1CC(=O)c2cc(N3CCOc4cccc(Br)c4C3)ccc21,-7.973,-5.739,-13.712
HIT_0078,C[C@H]1[C@H](O)CCN(c2ccc3c(c2)N(c2ccc4c(c2)C(=O)CNC4)CC3)[C@H]1C,-8.134,-5.575,-13.709
HIT_0079,O=C1CCN([C@H]2CNC[C@H](N3CCc4c(F)ccc(F)c43)C2)c2cccc(F)c21,-8.165,-5.543,-13.707999999999998
HIT_0080,Cc1cc(C)c(C(=O)N2CCOc3c(O)cc(N4CCn5ccc(=O)cc5C4)cc3C2)c(C)n1,-8.102,-5.604,-13.706
HIT_0081,O=C(c1ccc2c(c1)CCNCC2)N1CCc2ccc(O)cc2C1,-7.534,-6.171,-13.705
HIT_0082,C[C@H]1CN(c2cccc3c2CCNC3)Cc2cc(-c3cccc4c3OCC4)ccc2O1,-7.753,-5.952,-13.705
HIT_0083,O=C(c1ccc(N2CCc3cccc(N4CCc5cccc(O)c5C4)c3C2)nc1)N1CCC(F)(F)C1,-7.364,-6.34,-13.704
HIT_0084,C[C@H](c1c(NC(=O)c2ccc(C#N)cc2)nc2n(c1=O)CCC2)N1CCCc2ccc(F)cc2C1,-7.376,-6.325,-13.701
HIT_0085,Cc1c(NC(=O)[C@H]2CCNc3cc(F)ccc32)cccc1C(=O)N1CC[C@H](C)[C@@H]1C(C)(C)O,-7.981,-5.714,-13.695
HIT_0086,Cc1cc(=O)c(N2CC[C@]23CCOC3)cn1[C@]1(C(=O)O)COc2c(F)cccc21,-8.32,-5.372,-13.692
HIT_0087,Cc1cccc(-c2ccc3c(c2)[C@@H](N2CC[C@@H](O)[C@H](C)[C@@H]2C)CO3)c1C,-7.969,-5.723,-13.692
HIT_0088,C[C@@H]1Oc2c(cccc2N2Cc3ccc(N4CCC[C@H](C)[C@@H]4C)cc3C[C@@H]2C)NC1=O,-8.001,-5.689,-13.69
HIT_0089,N#Cc1ccc(N2CC[C@@H](N3CCc4c3ccc(F)c4F)C(F)(F)CC2)cc1O,-7.957,-5.726,-13.683
HIT_0090,Cc1ncnc2c1CN(c1ccc3c(c1)[C@@]1(CC3)COCCN1)CC2,-7.877,-5.803,-13.68
HIT_0091,Cc1ccc(N2CCC(c3ccc4c(c3)N(c3cccc(C#N)c3C)CC4)CC2)c(F)n1,-7.541,-6.136,-13.677
HIT_0092,O=C1NCc2ccc(N(Cc3ccc(F)c(F)c3F)[C@H]3COCc4cc(F)ccc43)cc21,-8.526,-5.15,-13.676
HIT_0093,Cc1cc2c(c(N3C=CN4CCN(C(=O)[C@@H](C)c5cccc(N)c5)C[C@@H]43)c1)CCNC2=O,-8.165,-5.509,-13.674
HIT_0094,N#Cc1ccc(N2CCOc3cc(N4C[C@H](O)CC5(CCC5)C4)ccc32)cc1F,-7.785,-5.881,-13.666
HIT_0095,COc1cc(-c2ccc(Cl)c(C)c2F)cc2c1OCCN(c1cc(C#N)ccn1)C2,-7.954,-5.709,-13.663
HIT_0096,C[C@@H]1CN(C(=O)c2ccc3c(c2)CN(c2ccc4c(c2)NCC4)CCC3)[C@@H](C)CN1,-7.586,-6.065,-13.651
HIT_0097,Cc1ccc2c(c1)CN([C@@H]1CCc3c(O)ccc(C)c31)CCN2C(=O)[C@@H]1Cc2ccccc21,-7.931,-5.719,-13.65
HIT_0098,C[C@H]1C[C@H](O)CN(c2ccc3c(c2)NCC[C@H]3N2CC(=O)c3cc(Cl)ccc3C2)C1,-7.541,-6.108,-13.649000000000001
HIT_0099,Cc1cnc(N)c(N2C[C@@H](C)C[C@@H]2C(=O)N2CCc3c(F)ccc(F)c32)c1,-8.019,-5.626,-13.645
HIT_0100,C[C@H]1C[C@H](O)CN(c2cccc(N3CCC(=O)c4ccccc4C3)n2)C1,-8.217,-5.427,-13.644
HIT_0101,O=C([C@@H]1CNCCO1)N1CCc2cccc(N3CCc4ccc(O)cc4C3)c2C1,-8.431,-5.211,-13.642
HIT_0102,Cc1cccc2c1CCN2[C@H]1CC[C@@H](C)N(c2ccc3c(c2)CC[C@@H](O)C3=O)C1,-7.18,-6.457,-13.637
HIT_0103,C[C@@H]1C[C@H](C)CN(c2cccc3c2CC[C@@H]3Oc2ccc3c(n2)CCNC3)C1,-7.931,-5.7,-13.631
HIT_0104,C[C@]1(C#N)CCCN(c2cc(F)c3c(c2)CCN(c2ccc4c(c2)CCN4)C3)C1,-7.487,-6.139,-13.626000000000001
HIT_0105,O=C1CCc2cc(N3CCC[C@@H](c4nc(C(=O)N5CCc6ccc(F)cc6C5)co4)C3)ccc21,-7.873,-5.746,-13.619
HIT_0106,Cc1cccc2c1CCC[C@H]2Nc1ccc2c(c1)OCC[C@]21CCN1,-7.613,-6.004,-13.617
HIT_0107,CC1(C)CCN[C@H]1c1nc(-c2cc(N3CCCc4c(F)cc(F)cc43)ccc2O)no1,-7.782,-5.835,-13.617
HIT_0108,Cc1cccc2c1CCN([C@@H]1CCOc3ccc(Nc4ccc5c(c4)NCC5)cc31)C2,-7.988,-5.629,-13.617
HIT_0109,C[C@@H]1CN(c2cccc3c2CCCN(c2ccc4c(c2)C(=O)CCN4)C3)CCC1=O,-7.789,-5.828,-13.617
HIT_0110,C[C@H]1COCCCN1c1cnc2c(c1)CN(c1cccc3c1CNCC3)CC2,-7.692,-5.925,-13.617
HIT_0111,Cc1c(NC(=O)N2CCNC[C@H]2C)ccc(N2CCc3cccc4c3[C@H](CCC4)C2)c1F,-7.365,-6.25,-13.615
HIT_0112,CO[C@H]1CCN(c2ccc3c(c2)N(c2ccc4c(c2)[C@@]2(CCC4)COCCN2)CC3)[C@H]1C,-7.965,-5.645,-13.61
HIT_0113,C[C@@H]1CCCN(c2ccc3c(c2)[C@@]2(CCO3)CCN2c2cc(C#N)ccc2F)[C@@H]1CO,-7.556,-6.053,-13.609
HIT_0114,Fc1ccc2c(c1)C[C@H](N1CCCNC[C@@H](N3CCOc4cc(F)ccc43)C1)CC2,-7.659,-5.949,-13.608
HIT_0115,C[C@H]1CCC(F)(F)CN1c1c(F)ccc(N[C@H]2CCc3cc4c(cc32)OCC4)c1O,-7.535,-6.073,-13.608
HIT_0116,Cc1ccc2c(c1)OCC[C@@H]2N(c1cc(F)c2c(c1)CCNC2)C1CC2(COC2)C1,-7.766,-5.841,-13.607
HIT_0117,N[C@@H]1CC[C@@H]1C(=O)N1CCCc2ccc(N3CCc4cccc(F)c43)cc2C1,-7.909,-5.695,-13.604
HIT_0118,C[C@@H]1[C@H](C)N(C(=O)c2ccn(C)n2)CCN1c1cc(C(=O)N2C[C@H](c3ccccc3F)[C@@H](C#N)C2)ccc1C#N,-8.34,-5.262,-13.602
HIT_0119,C[C@@H]1Cc2ccc(N3CCC(F)(F)[C@@H](C)C3)cc2CN1c1cc2c(cc1F)NCCO2,-6.95,-6.651,-13.600999999999999
HIT_0120,Cc1ccc(-c2cccc3c2CCCNC3=O)cc1N1CC2(CC(O)C2)C1,-7.851,-5.746,-13.597000000000001
HIT_0121,O=C(c1cc2c(cc1F)CCNC2)N1CCNc2ccccc2C1,-7.96,-5.63,-13.59
HIT_0122,O=C(C1=CCCCN1)N1CCCc2ccc(N3CCCCc4ccccc43)cc2C1,-7.957,-5.632,-13.588999999999999
HIT_0123,N[C@]12CC[C@](C(=O)N3CCc4ccc(N5CCc6c(F)cc(F)cc6C5)cc43)(C1)C2,-7.986,-5.593,-13.579
HIT_0124,C[C@@H]1CC[C@H](N2c3ccc(F)cc3OC[C@@H]2C)CN1c1cncc2c1CCCN2,-8.63,-4.946,-13.576
HIT_0125,C[C@@H]1c2ccc(F)cc2CCN1[C@H]1CNCCCN([C@H]2COCc3ccccc32)C1,-7.288,-6.287,-13.575
HIT_0126,O=C(N1CCC2(CC1)OCc1cccc(F)c12)[C@@]1(F)CCN(c2ccc3c(c2)CCN3)C1,-7.31,-6.259,-13.568999999999999
HIT_0127,Cc1ccc(-c2ccc3c(c2)N(C(=O)[C@@H]2CNC[C@H](C)C2)CCN3)cc1,-7.55,-6.018,-13.568
HIT_0128,N#Cc1ccc(N)cc1N1CC[C@@]12CCCc1ccccc12,-7.725,-5.841,-13.565999999999999
HIT_0129,Cc1cnc(-c2ccc(C#N)cc2)cc1Oc1ccc2c(c1)NC(=O)CO2,-7.659,-5.906,-13.565
HIT_0130,F[C@H]1CCCN(c2ccc3c(c2)CN(c2nc[nH]c4ncnc2-4)CC3)CC1,-7.892,-5.671,-13.563
HIT_0131,Cc1cc(N2CC[C@@](F)(C#N)C2)ccc1CC(=O)N[C@@H]1CCc2cc(F)ccc2C1,-8.295,-5.268,-13.562999999999999
HIT_0132,N#Cc1cccc2c1[C@@](C(=O)N1CCC(=O)c3cccc(F)c31)(N1CCCNCCNCCNCC1)CC2,-9.081,-4.477,-13.558
HIT_0133,O=C1NCCc2cc(N3CCC4(CC3)OCc3ccc(Cl)cc34)ccc21,-7.662,-5.89,-13.552
HIT_0134,Fc1ccc(-c2ccc3c(n2)N(c2ccc4c(c2)NCC4)CC3)c(Cl)c1,-7.578,-5.968,-13.546
HIT_0135,O=C(c1ccc2c(c1)CNC2)N1CCc2ccc(O)cc2CC1,-7.499,-6.046,-13.545
HIT_0136,C[C@@H]1CN(c2cccc3c2CCCN(c2ccc4c(c2)CCN4)C3)CCC1=O,-7.014,-6.53,-13.544
HIT_0137,O=C(CCl)c1ccc2c(c1)CCN2c1ccc2c(c1)CN(C1CCC3(CC1)COC3)CC2,-7.097,-6.444,-13.541
HIT_0138,CC1(C)[C@H](C#N)CCCN1c1ccc2c(c1)N(c1ccc3c(c1)CCN3)CC2,-8.599,-4.94,-13.539000000000001
HIT_0139,O=C(N[C@H]1CC[C@H]1c1nc(-c2cc3cccc4c3n(c2=O)CCC4)no1)[C@H]1CCCCO1,-7.959,-5.578,-13.536999999999999
HIT_0140,Cc1cc(-c2ccc3c(c2)CCC[C@@]32COCCN2[C@@H]2CC[C@H](C(=O)N3CC4(CCN4C)C3)C2)ccc1C#N,-7.585,-5.945,-13.530000000000001
HIT_0141,Fc1cccc2c1CCN([C@@H]1CCNc3ccc(N4CC[C@]5(CCOC5)C4)cc31)C2,-8.153,-5.377,-13.530000000000001
HIT_0142,Cc1ccc(C#N)c(C2=CCCN(c3ccc4c(n3)N([C@H]3C[C@](C)(C(=O)O)C3)CCC4)C2)n1,-8.6,-4.923,-13.523
HIT_0143,Cc1cccc(-c2ccc3c(n2)N([C@H]2CCCCNC2)CCCC3)c1F,-7.951,-5.571,-13.521999999999998
HIT_0144,C[C@H]1C[C@@H](N[C@@H]2COCc3cc(F)ccc32)CN(c2ccc3c(c2)[C@H](O)CC3)C1,-7.669,-5.853,-13.521999999999998
HIT_0145,O=C(c1nc[nH]c1F)N1CCc2cc(N3CCCc4ccc(F)cc4C3)ccc21,-7.879,-5.642,-13.521
HIT_0146,O[C@@H]1CCN(c2ccc3c(c2)N(c2cccc(F)c2)CC3)C[C@H]1F,-8.211,-5.31,-13.521
HIT_0147,C[C@]1(C(=O)N2Cc3ccc(N4CCc5cc(F)ccc5C4)cc3C2)CCN1,-7.881,-5.639,-13.52
HIT_0148,Fc1ccc2c(c1)CC[C@@H]2Oc1ccc(F)c2c1C[C@H](N1CCC[C@@]13CCO3)C2,-8.533,-4.985,-13.518
HIT_0149,c1cc2c(cc1-c1ccc3c(n1)CCCN3c1cnn3c1CNCC3)CC2,-7.641,-5.877,-13.518
HIT_0150,Cc1ccnc(N2CCc3ccc(C(=O)N4CCCC45CCCCCC5)cc3C2)c1O,-7.504,-6.013,-13.517
HIT_0151,Cc1ccc(C(=O)N2CCCCNc3ccccc32)cc1,-7.641,-5.873,-13.514
HIT_0152,Fc1cc2c(cc1F)N(c1ccc3c(c1)CNCCC3)CC2,-7.991,-5.523,-13.514
HIT_0153,C[C@H]1COc2cc(F)ccc2N1[C@H]1CCCCN(c2ccc3c(n2)NCCN3)C1,-7.517,-5.995,-13.512
HIT_0154,Cc1cc2c(c(N3CCc4sc(N5CC[C@H](O)c6ccccc65)cc4C3)c1)CCNC2=O,-8.114,-5.395,-13.509
HIT_0155,Cc1cccc(N2CC3(CC(N4Cc5cccc(F)c5C4)C3)C2)c1C(N)=O,-8.165,-5.343,-13.508
HIT_0156,C[C@H]1CCCN(c2ccc3c(c2)CCN3)[C@H]1C(=O)N1CCCc2ccc(F)cc2C1,-7.63,-5.873,-13.503
HIT_0157,Cc1c(N2CCc3cc(F)cc(F)c3C2)ccc2c1CNC2,-7.897,-5.605,-13.502
HIT_0158,N#Cc1cccc(-c2cccc3c2C[C@H](N2CC(Oc4ccc(CO)cc4C#N)C2)CC3)c1,-8.043,-5.459,-13.501999999999999
HIT_0159,N[C@@H]1COCc2ccc(N3CCCc4ccc(F)cc43)cc21,-8.059,-5.442,-13.501
HIT_0160,Cc1cc(F)cc(-c2ccc3c(c2)CN(c2cc(O)cc(C#N)c2)CCO3)c1Cl,-7.677,-5.824,-13.501
HIT_0161,N#C[C@]1(F)CCN(c2cccc([C@@H]3CCN3[C@@H]3CCCCC(=O)CC3)c2)C1,-8.269,-5.231,-13.5
HIT_0162,Cc1c(C(=O)N2CCOCC3(CCCC3)C2)cccc1-c1ccccc1,-7.711,-5.787,-13.498000000000001
HIT_0163,C[C@H]1CN([C@@H]2Cc3ccc(F)cc32)CCC[C@@H]1N1CCCNCC(=O)C1,-7.757,-5.741,-13.498
HIT_0164,O=C1CCNc2cc(N3CCCC[C@H](N4CCCc5c(Cl)cccc5C4)C3)ccc21,-7.946,-5.551,-13.497
HIT_0165,C[C@@H]1CC2(CCCC2)CN1c1ccc2c(c1)[C@H](NC1=CCCCC1=O)CO2,-7.846,-5.65,-13.496
HIT_0166,Cc1nc(Cl)ccc1-c1ccc2c(c1)N(C(=O)[C@@H]1CCN[C@H](C)[C@@H]1C)CC2,-7.694,-5.801,-13.495000000000001
HIT_0167,Cc1ccc2c(c1)N(C1[C@H](C)CN(c3cccc4c3C(=O)CCN4)C[C@H]1C)CCO2,-8.046,-5.447,-13.492999999999999
HIT_0168,N#C[C@H]1CCC[C@@H]1NC(=O)c1ccc2c(c1)N(c1cc(F)c(Cl)nn1)CC2,-8.313,-5.177,-13.49
HIT_0169,CCc1cccc(C)c1Cc1nc2cc(N3Cc4cccc(C#N)c4C(C)(C)C3)ccc2n1C,-7.5,-5.99,-13.49
HIT_0170,C[C@H]1CN(c2ccc([C@H]3CN(C(=O)[C@]45CC[C@](N)(CC4)CC5)CCO3)cc2)c2ccc(F)cc2O1,-7.81,-5.675,-13.485
HIT_0171,O[C@H]1CCc2cc(N3CCc4ccc(F)c(F)c43)ccc21,-7.89,-5.59,-13.48
HIT_0172,Cc1ccc(N2CC(=O)c3cc(Cl)ccc3C2)c2c1NC(=O)C2,-7.413,-6.067,-13.48
HIT_0173,CC1(c2ccc(N3CCCc4ccc(Oc5ccccc5CO)cc4C3)cc2)CC(=O)NC(=O)C1,-7.114,-6.366,-13.48
HIT_0174,Cc1cccc(N2CCc3cc(F)c(N4CCC5(CC4)CO[C@@H](CO)C5)cc32)n1,-7.746,-5.733,-13.479
HIT_0175,N#CCC(=O)Nc1ncccc1N(c1ccc2c(c1)CCC[C@]21COCCN1)[C@H]1COC2(CCC2)C1,-8.22,-5.255,-13.475000000000001
HIT_0176,C[C@H]([C@H]1CCCN(c2cncc3c2CC(=O)N3)C1)N1CCc2c(F)cccc2C1,-8.353,-5.122,-13.475
HIT_0177,N#Cc1cccc(N2CCCN[C@@H](C(=O)N3CCc4ccc(F)cc4C3)C2)c1,-7.91,-5.564,-13.474
HIT_0178,Cc1cc(N(C(=O)c2cccc3c2CNCC3)c2ccc3c(c2C)C(=O)NC3)cnc1C,-8.095,-5.374,-13.469000000000001
HIT_0179,Cc1cccnc1N1CCN(c2cc(-c3ccccc3)ccc2C#N)C[C@@H]1C,-7.316,-6.153,-13.469
HIT_0180,CC[C@@H]1Cc2ccccc2CN1C(=O)[C@@H]1N(c2ccccc2O)CC12CCCC2,-8.042,-5.425,-13.466999999999999
HIT_0181,O=C1CCCCC[C@@H](N2CC[C@@H](c3ccc(N4CCCNc5ccncc54)cc3)C2)C1,-7.168,-6.294,-13.462
HIT_0182,O=C1CCc2cccc(C(=O)N3CCCc4nc(Cl)ccc43)c21,-7.725,-5.734,-13.459
HIT_0183,N#Cc1cccc(C2=CCN(c3ccc4c(n3)N(C(=O)C3CCNCC3)CC4)CC2)c1,-7.693,-5.76,-13.453
HIT_0184,N#Cc1c(F)cccc1N1CCc2cc3c(cc2C1)CCCC3,-7.757,-5.693,-13.45
HIT_0185,c1cc2c(c(Nc3ccc4c(c3)[C@@H](N[C@H]3CCCCNC3)CC4)c1)CC2,-7.721,-5.728,-13.449
HIT_0186,C[C@@H]1CCCCN(c2ccc3c(c2)CCN(c2ccc4c(c2)[C@]2(CCN2)CCO4)C3)C1,-7.079,-6.369,-13.448
HIT_0187,Cc1ccc(C(=O)O)cc1-c1ccc2c(n1)N(c1ccc(C#N)cc1O)CCC2,-8.108,-5.339,-13.447000000000001
HIT_0188,Fc1cccc2c1CN([C@@H]1CCNc3cc(N4CCC[C@]45CCOC5)ccc31)CCC2,-8.076,-5.37,-13.446000000000002
HIT_0189,O[C@@H]1CCc2c(O[C@@H]3CCc4c(F)ccc(F)c43)cccc21,-7.703,-5.743,-13.446000000000002
HIT_0190,O=C(c1ccc2c(c1)CN(c1cc(F)cnc1O)C2)N1CCOC[C@@H](c2ccccn2)C1,-8.002,-5.443,-13.445
HIT_0191,O=C([C@@H]1CNCCCO1)N1CCOc2ccc(N3CCc4c(F)cccc4C3)cc21,-8.37,-5.07,-13.44
HIT_0192,O[C@H]1CCc2ccc(N3CCc4ccc(F)cc4C3)cc21,-7.975,-5.465,-13.44
HIT_0193,Cc1ccc2c(c1)C[C@H]2N1CCCN(c2ccc(O)c(C)n2)CCCNCCNCC1,-7.969,-5.469,-13.438
HIT_0194,N#CC1(F)CCN(c2c(Oc3ccc4c(c3)C(=O)CNC4)ccc3c[nH]nc23)CC1,-7.864,-5.572,-13.436
HIT_0195,C[C@H]1Cn2ncc3nc(-c4cc(Cl)cc5c4CCCN5[C@H]4CC(=O)CCC4(C)C)n(c32)C1,-8.182,-5.253,-13.435
HIT_0196,O=C([C@@H]1CCOC1)N1Cc2ccc(N3CCCc4ccc(O)cc4C3)cc2C1,-7.599,-5.835,-13.434000000000001
HIT_0197,C[C@H]1CC[C@@H]1NC(=O)N1CC[C@]12CCOc1ccc(N3CCc4ccc(C#N)cc43)cc12,-8.251,-5.183,-13.434
HIT_0198,C[C@H]1Cc2cc(F)ccc2CN1[C@@H]1CCC[C@@](O)(N2CCn3cc(O)c(=O)cc3C2)[C@@H]1F,-8.54,-4.889,-13.428999999999998
HIT_0199,Cc1ccc(N2Cc3cccc(C)c3C2)c(-c2noc(-c3ncccc3O)n2)n1,-8.026,-5.4,-13.426
HIT_0200,O=C(c1cccc2c1CCN(C(=O)C1(F)CNC1)C2)N1Cc2ccc(F)cc2C1,-7.829,-5.595,-13.424
HIT_0201,C[C@H]1CN(C(=O)[C@H](C#N)c2ccc(Nc3c(C#N)c4cccccc-4c3C#N)cc2)CCC1=O,-7.362,-6.06,-13.422
HIT_0202,CC1(C)COCCN1c1cccc(CN2CCCCc3cc(O)ccc32)c1O,-8.114,-5.304,-13.418000000000001
HIT_0203,Cc1cc(-c2ccc3c(c2)CC[C@@H]3N2C[C@@H](C)O[C@H](C)C2)cnc1O,-7.226,-6.192,-13.418
HIT_0204,Cc1cc(-c2cc(C)c3c(c2)CCN([C@H]2C[C@H](C)NC[C@@H]2C)C3)cnc1F,-7.9,-5.517,-13.417000000000002
HIT_0205,Cc1cc(F)cnc1N1CC[C@@]2(C(=O)N3CC[C@H](O)c4ccc(F)cc43)CCC[C@H]12,-8.272,-5.145,-13.417
HIT_0206,C[C@@H]1CN(c2ccc3c(c2)CN(c2ccc4c(c2)C(=O)NCC4)CCC3)[C@@H](C)CC1=O,-7.334,-6.081,-13.415
HIT_0207,CN(c1ccc2c(c1)CN(C(=O)[C@@]1(F)CNCC13CCC3)C2)c1cc(Cl)nnc1O,-7.722,-5.687,-13.409
HIT_0208,Cc1ccc(N2CCc3ccc(C(=O)N4CCCCC(F)(F)C4)cc32)c(O)n1,-8.096,-5.308,-13.404
HIT_0209,Cc1ccc(-c2ccc3c(n2)N([C@@H]2CCCC(C)(C)C2=O)CC3)cc1C#N,-8.028,-5.375,-13.403
HIT_0210,CN1CCN(c2ccc([C@H]3CCN3)cc2)Cc2cc(-c3ccc(F)nc3)ccc21,-7.429,-5.974,-13.403
HIT_0211,Nc1ncc(Br)cc1N1C[C@@H](C(=O)N2CCc3cc(F)c(F)cc3C2)C2(CCCC2)C1,-8.626,-4.774,-13.399999999999999
HIT_0212,Cc1c(F)ccc(-c2ccc3c(c2)[C@H](N2C[C@@H](C#N)[C@@H](C)C2)CC3)c1C,-8.119,-5.274,-13.393
HIT_0213,Cc1cc(C)c(-c2noc([C@H]3CN([C@@H]4OC(=O)c5c(F)cccc54)CC34CC4)n2)cn1,-7.997,-5.394,-13.391
HIT_0214,CC1(C)NCC[C@@H]1N1CCc2ccc(N3CCc4ccc(F)c(F)c4C3)cc21,-7.666,-5.723,-13.389
HIT_0215,N#Cc1cccc2c1[C@@H](N1CCNc3ccc(O)cc3C1)C2,-7.623,-5.762,-13.385
HIT_0216,c1cc2c(cn1)CN(c1cncc(-c3ccc4c(c3)CNCCN4)c1)CC2,-7.032,-6.352,-13.384
HIT_0217,Oc1ccc2c(c1)CN(C1=CC[C@@H](O)c3ncccc31)CCC2,-7.877,-5.507,-13.384
HIT_0218,Fc1ccc2c(c1)CN(c1cc3c(cc1NC1CNCCCNC1)CCO3)CC2,-8.381,-5.002,-13.383
HIT_0219,CC(=O)Nc1cnc(C)c(N2CCCC[C@H](N3CCCC(=O)c4ccccc43)C2)c1C,-7.946,-5.436,-13.382
HIT_0220,CCc1ncccc1N1CCc2ccc(N3CCC[C@H](CO)[C@H]3C)c(C)c2C1,-8.246,-5.134,-13.38
HIT_0221,C[C@@H]1CN[C@H](C(=O)N2CC[C@H]2c2cccc(N3CCCc4ccc(Cl)cc4C3)c2)C1,-7.505,-5.872,-13.376999999999999
HIT_0222,C1=C(c2ccc3c(c2)CN(c2ccc4c(c2)CCN4)CC3)CCOC1,-7.7,-5.677,-13.376999999999999
HIT_0223,N#Cc1c(F)cccc1Oc1ccc2c(c1)N(c1ccc3c(c1)OCC[C@H]3O)CC2,-8.013,-5.36,-13.373000000000001
HIT_0224,Cc1cccc2c1CN(c1ccc3c(c1)[C@@]1(CCN1)CCO3)CC2,-7.825,-5.547,-13.372
HIT_0225,Nc1oc2c(c1C(=O)N1CCCNc3ccccc3C1)CCCC2,-7.566,-5.806,-13.372
HIT_0226,O=C1NCCOc2ccc(Nc3cc4c(cc3N3CC(F)(F)C35CCCC5)OCC4)cc21,-7.63,-5.742,-13.372
HIT_0227,O=C1NCCc2ccc(N3CCC[C@]34CCc3cc(F)ccc34)nc21,-7.371,-5.998,-13.369
HIT_0228,Cc1ccc(N2CCCC[C@H](N3C[C@@H](C)c4ccccc43)C2)c(O)c1,-7.644,-5.723,-13.367
HIT_0229,C[C@@H]1[C@@H](C)N(c2ccc(F)c3c2CC(=O)N3)CCN1c1ccc2c(c1)CCCNC2,-8.125,-5.241,-13.366
HIT_0230,Cc1ccc(F)c2c1N(c1ccc3c(c1)C[C@@H](C)C(=O)N3)CCC2,-7.877,-5.489,-13.366
HIT_0231,N#Cc1occc1N1CCc2[nH]c(C(=O)N3CCCc4ccc(F)cc4C3)cc2C1,-7.655,-5.71,-13.365
HIT_0232,FC(F)(F)c1cccc2c1CCN(c1ccc3c(c1)CNCCC3)C2,-7.839,-5.523,-13.362
HIT_0233,N[C@@H]1Cc2ccc(C(=O)N3CCC4(CCc5ccccc54)CC3)cc2C1,-7.06,-6.301,-13.361
HIT_0234,C[C@]1(Oc2ccc3c(n2)N([C@@H]2COc4ccc(F)cc4C2)CCC3)[C@@H](O)[C@H](O)[C@]1(O)CO,-8.316,-5.044,-13.36
HIT_0235,C[C@H]1CC[C@@H](C(=O)Nc2c3c(cc4c2[C@H](N2CCc5sc(Cl)cc5C2)CC4)CCC3)N1,-7.701,-5.658,-13.359
HIT_0236,N#Cc1cccc(N[C@@H]2COc3ccc(N4CC[C@@H](O)C5(CCC5)C4)cc3C2=O)c1,-7.496,-5.862,-13.358
HIT_0237,CN(c1ccc2c(n1)N([C@H]1CCCNCC1)CCC2)c1cc(F)ccc1F,-7.195,-6.162,-13.357
HIT_0238,O=S1(=O)CC[C@]12CCN(c1ccc(F)c3c1CN(c1c(F)ccc4c1CNCC4)CC3)C2,-7.923,-5.432,-13.355
HIT_0239,C[C@H]1CC(=O)C[C@H](C)N1c1ccc2c(c1)CN(c1ccc(F)cc1)CCC2,-7.487,-5.866,-13.353
HIT_0240,C[C@@H]1CCCN(C(=O)Nc2cc(F)c(F)c(N3CCc4c(F)cccc4C3)c2)C1,-7.816,-5.537,-13.353
HIT_0241,Fc1ccc2c(c1)[C@@H](Nc1cccc3c1C1(CCNCC1)CO3)CCC2,-7.644,-5.705,-13.349
HIT_0242,O=C(N1CCc2cc(CN3CCc4c(ccc(F)c4F)C3)ccc21)[C@@]12CCC[C@@H]1CNC2,-7.553,-5.796,-13.349
HIT_0243,C[C@H]1[C@H](O)CCN(c2ccc3c(c2)CN(C(=O)c2cccc4c2CCC4)CCC3)[C@H]1C,-7.294,-6.052,-13.346
HIT_0244,Cc1cc(N2CCc3cc(O)ccc3C2)cc2c1CN(C(=O)C1CCC1)CC2,-7.239,-6.104,-13.343
HIT_0245,O=C([C@@H]1CCCCCN1c1ccc2c(c1)[C@H](O)CO2)N1CCCc2ccccc2C1,-7.83,-5.513,-13.343
HIT_0246,C[C@@H]1CN(c2nc(C#N)ccc2N2CC[C@@]23CCCc2ccccc23)[C@H](C)CO1,-7.846,-5.496,-13.342
HIT_0247,Fc1ccc(N2CCCC3(CCCC3)C2)c2c1CCN(c1ccnc([C@H]3CCCN3)c1)C2,-7.861,-5.479,-13.34
HIT_0248,N#Cc1ccc(Cl)c(-c2ccc3c(c2)N(c2cc4c(cn2)CNC4)CC3)c1,-7.334,-6.005,-13.338999999999999
HIT_0249,Cc1n[nH]cc1-c1cc(F)cc2c1NC(=O)C2=CC1CCCCC1,-8.081,-5.257,-13.338
HIT_0250,O[C@@H]1Cc2ccc(N3CCCc4cc(Br)ccc4C3)cc2C1,-7.344,-5.992,-13.336
HIT_0251,C[C@@H]1C[C@@H](N2CCCN(C(=O)c3cc(-c4cccc(C#N)c4)ccn3)CC2)CN1,-7.034,-6.301,-13.335
HIT_0252,O=C([C@H]1CNCCCO1)N1CC[C@H](Cc2cccc(N3CCCc4ccc(F)cc43)c2)C1,-7.467,-5.868,-13.335
HIT_0253,Cc1ccc(C(=O)Nc2cc(N3CC4(C3)CC(F)(F)C4)cc3c2NC(=O)CO3)cc1,-7.041,-6.293,-13.334
HIT_0254,C[C@@]12CCC(=O)[C@@H]1[C@@H](Oc1ccc3c(c1)CCN[C@H]3C(=O)N1CCc3cc(O)ccc3C1)CC2,-7.625,-5.708,-13.333
HIT_0255,C[C@H]1CCN(c2ccc3c(c2)NCC3)[C@@H]1C(=O)N1CCc2c(F)ccc(F)c21,-7.76,-5.573,-13.333
HIT_0256,Fc1ccc(-c2nccc3c2CCN(c2cnc4n2CCNC4)C3)cc1,-8.403,-4.929,-13.332
HIT_0257,C[C@H]1CCc2c(F)cccc2[C@@H]1Nc1ccc2c(c1)CCN2,-8.197,-5.135,-13.331999999999999
HIT_0258,Cc1cccc2c(C(F)(F)F)c3c(nc12)C[C@@H](Sc1ccc2c(c1)NC(=O)C2)CC3,-7.477,-5.853,-13.33
HIT_0259,C[C@H]1CC(F)(F)CN1C(=O)[C@@H]1c2ccc(Cl)cc2CCN1c1ccc2c(c1)C(=O)CCN2,-7.888,-5.441,-13.329
HIT_0260,O=C([C@H]1CCCCN(c2ccc3c(c2)CNCC3)C1)N1CCCc2cc(F)ccc2C1,-7.271,-6.053,-13.324
HIT_0261,CN1CCN(c2ccc3c(n2)NC(=O)C3)c2cc(-c3cccc4c3C(=O)NC4)ccc21,-7.421,-5.901,-13.322
HIT_0262,O[C@@H]1c2cc(Cl)ccc2OCC[C@@H]1N[C@H]1COc2cc(F)c(N3CC[C@]4(C3)CC4(F)F)cc21,-7.581,-5.74,-13.321000000000002
HIT_0263,Cc1ccnc(N2CC3(CC3)C[C@H]2C(=O)N2CCc3cc(F)cc(F)c3C2)c1,-7.951,-5.37,-13.321
HIT_0264,Cc1ccc2c(c1F)CN(C(=O)c1nc(N3CCNC(=O)C34CCCCC4)cnc1N)CC2,-8.553,-4.765,-13.318000000000001
HIT_0265,Cc1cc2c(cc1C)CN(c1cccc3c1[C@](C)(O)C3)CCC2,-6.771,-6.547,-13.318
HIT_0266,C[C@H]([C@H]1CCCCN1c1ccc2c(c1)NCC2)N1CCC[S@@](=O)c2ccccc21,-7.495,-5.822,-13.317
HIT_0267,CC1(C)CN(c2ccc3c(c2)N(c2ccc(F)cc2)CC3)CCN1,-7.929,-5.388,-13.317
HIT_0268,C[C@]1(CO)CN(c2cccc3c2OC[C@@H](N2CCCc4cccc(F)c4C2)C3)CC[C@@H]1O,-7.638,-5.678,-13.315999999999999
HIT_0269,Cc1ccc2n1CCN([C@@H]1CC(=O)CN(c3cccc4c3CCCNC4)C1)C2,-8.001,-5.314,-13.315
HIT_0270,O=C([C@H]1CCN1[C@@H]1CCc2cc(F)cc(F)c21)N1c2nonc2Nc2nonc21,-7.916,-5.398,-13.314
HIT_0271,Fc1ccc([C@H]2CCN2c2ccc3c(n2)N(C2CC4(CNC4)C2)CCCC3)cc1,-7.744,-5.565,-13.309000000000001
HIT_0272,O=C(Nc1ccccc1C(=O)N1CCc2cc(F)ccc21)c1c[nH]c2nccc-2c1Cl,-7.838,-5.467,-13.305
HIT_0273,c1cc2c(cc1N[C@H]1CCCC3(CCCC3)C1)CC[C@@]21COCCN1,-7.236,-6.066,-13.302
HIT_0274,CN1CCN(c2cccc(O)c2)[C@H](C(=O)N[C@@H]2CCc3ccccc32)C1,-8.029,-5.272,-13.301
HIT_0275,Fc1ccc2c(c1)[C@H](N1CCCc3cccc(F)c3C1)CCN2,-7.429,-5.872,-13.301
HIT_0276,Cc1c(F)ccc2c1CCN2C(=O)[C@@H]1[C@H](O)CCCN1c1ccc(Cl)c2c1CCNC2=O,-8.026,-5.275,-13.301
HIT_0277,CC1(C#N)CCN(c2ccc3c(c2)N(c2ccc(F)c(O)c2)CC3)CC1,-8.169,-5.131,-13.3
HIT_0278,C[C@@]1(C(=O)N2CCc3cc(F)c(N4CCc5ccc(F)cc5C4)cc32)CCCN1,-7.55,-5.75,-13.3
HIT_0279,O[C@]1(c2ccccc2)CCCN(c2ccc3c(c2)CNCC3)C1,-7.663,-5.634,-13.297
HIT_0280,O=C(N1C[C@H]2CC[C@H](CC2)C1)[C@]1(O)CCN([C@@H]2CCc3cc(F)ccc32)C1,-7.604,-5.691,-13.295
HIT_0281,CN(c1cccc(F)c1)[C@@H]1COCc2cc(N3CC4(C3)OCC4(C)C)ccc21,-8.295,-5.0,-13.295
HIT_0282,O=C(N[C@@H]1CCCc2c(F)cccc21)C1(O)CCN([C@@H]2COCc3ccc(Cl)cc32)CC1,-8.354,-4.933,-13.286999999999999
HIT_0283,Cc1ccc2c(c1)COC21CCN(c2ccncc2N2CCOCC2)CC1,-7.67,-5.616,-13.286
HIT_0284,O=C1NCCN1c1cccc(N2CCCc3ccc(F)cc3C2)c1,-7.602,-5.683,-13.285
HIT_0285,C[C@H]1CN([C@@H]2CCCc3occ(C(=O)N4CCN(C)c5ccc(F)cc54)c32)CC[C@]1(C)O,-8.443,-4.838,-13.280999999999999
HIT_0286,C[C@@]1(C#N)CCN(c2ccc3c(c2)CN(c2ccc(C#N)c(F)c2)CC3)C1,-7.574,-5.705,-13.279
HIT_0287,C[C@H]1CN(c2cnc3c(c2)CCN(c2cccc4c2CCCNC4)C3)CCC[C@]1(C)O,-7.474,-5.805,-13.279
HIT_0288,Cc1c(C(=O)N2c3ccccc3C[C@H]2C)cccc1N1CCCCNCCNCC1,-6.581,-6.697,-13.278
HIT_0289,Oc1cccc2c1[C@@H](N1CCN(c3ncc(F)cn3)CC(F)(F)C1)CC2,-8.016,-5.262,-13.277999999999999
HIT_0290,C[C@@]1(c2nc3ccc(F)c(Nc4cccc5c4CCNC5)c3o2)CCNC1,-7.561,-5.717,-13.277999999999999
HIT_0291,Oc1ccc(N2C[C@H]3CC[C@@H](C2)[C@@H]3c2nc3c(F)ccc(F)c3o2)c(F)c1,-7.416,-5.855,-13.271
HIT_0292,C[C@@H]([C@H]1CCCN1c1ccc2c(c1)[C@]1(CCC2)COCCN1)N1CCc2c(F)cccc21,-7.672,-5.598,-13.27
HIT_0293,CC1=CC(C)=NCCN1c1cc2c(cc1O)[C@H](N(C)c1ncccc1C)CC2,-7.853,-5.416,-13.269
HIT_0294,O=C(C1CCN(c2cc(F)ccc2O)CC1)N1CCCc2cc(Cl)ccc2C1,-7.856,-5.412,-13.268
HIT_0295,Cc1cc(Oc2cccc([C@@]3(C)CCNC[C@@H]3C)c2)c2c(c1)C(=O)NCC2,-7.675,-5.59,-13.265
HIT_0296,N#Cc1ccc2c(n1)N(C(=O)[C@H]1N(c3ccc4c(c3F)CCNC4)CCC1(F)F)CCC2,-7.978,-5.286,-13.264
HIT_0297,O[C@H]1CCCC[C@H]1N1CCN(c2ccc3c(n2)CCCN3)Cc2ccc(F)cc21,-7.313,-5.949,-13.262
HIT_0298,O=C1C[C@H]2C[C@@H]1[C@H](C(=O)NCc1cc(F)ccc1-c1ccc3c(c1)OCC3)C2,-7.444,-5.818,-13.262
HIT_0299,CC[C@@H]1[C@H](O)CCN1c1ccc(F)c2c1CN(c1ccc(C#N)c(F)c1)CC2,-8.322,-4.939,-13.261
HIT_0300,Cc1cccc(-c2cccnc2N2C[C@H]3CN(c4ccc5c(c4)C(=O)CN5)C[C@H]3C2)c1,-7.355,-5.902,-13.257000000000001
HIT_0301,C[C@H]1[C@H](O)CCN(c2ccc3c(n2)CCCN3c2ccc3c(c2)C(=O)COC3)[C@H]1C,-7.46,-5.794,-13.254
HIT_0302,COc1ccc(N2Cc3ccc(F)cc3C2)c2c1CN(C(=O)[C@H]1CN[C@@H]1C)CC2,-8.05,-5.202,-13.252
HIT_0303,Cc1cc(-c2ccc3c(c2)OC[C@H](Nc2nccc4c2CCN4)C3)cnc1C,-7.237,-6.015,-13.251999999999999
HIT_0304,O=C(N1C[C@@H]2CC(F)(F)C[C@H]2C1)[C@]1(Nc2nnc3n2CCCC3)Cc2ccc(O)cc2C1,-8.123,-5.128,-13.251
HIT_0305,c1cc2c(cc1-c1ccc3c(c1)N([C@H]1C[C@@]4(CCCNC4)C1)CC3)CCO2,-7.734,-5.516,-13.25
HIT_0306,O=C([C@H]1CNCCC1(F)F)N1Cc2ccc(-c3ccc(F)cn3)cc2C1,-7.7,-5.549,-13.249
HIT_0307,C[C@H]1NC[C@H]1C(=O)N1CCc2ccc(N3CCC[C@H](O)c4cc(F)ccc43)cc21,-8.01,-5.238,-13.248000000000001
HIT_0308,N#Cc1ccc(N2CCOC[C@@H](C(=O)N3CCc4ccc(O)cc4C3)C2)cc1O,-7.619,-5.628,-13.247
HIT_0309,C[C@@H]1[C@@H](C(=O)N2[C@H](C)[C@H]2c2ccccc2)CCN1[C@@H]1CCOc2c(F)cccc21,-7.463,-5.78,-13.243
HIT_0310,Nc1ncc(C(=O)N2CC[C@@]23CCOc2ccccc23)cc1N1CCCCCCC1,-7.644,-5.598,-13.242
HIT_0311,Cc1cnc(F)c(-c2ccc3c(c2)N(c2ccc4c(c2)CCN4)CC3)c1,-7.209,-6.033,-13.242
HIT_0312,Cc1cc2c(cc1C)CN(c1ccc3c(n1)NCCC3)CCC2,-7.31,-5.931,-13.241
HIT_0313,CN(C(=O)[C@H]1CN(c2ccc3c(c2)C(=O)CNC3)CC1(C)C)c1cccc(F)c1,-7.271,-5.967,-13.238
HIT_0314,Cc1c(-c2c(N3CCC[C@@]4(CCN(C)C4)C3)ccc3c2OC[C@@H]3N)ccc(Cl)c1F,-7.953,-5.285,-13.238
HIT_0315,Oc1cccc(N2CCC[C@H]3CN(c4ccc5c(c4)NCC5)C[C@@H]32)c1,-8.466,-4.772,-13.238
HIT_0316,C[C@@H]1CN(c2cccc3c2CCN(c2cc4c(cc2F)OCCN4)C3)C[C@@H](C)O1,-7.83,-5.407,-13.237
HIT_0317,N#Cc1cc(O)cc(N2CCc3ccc(N4CC[C@@]5(CCCCO5)C4)cc32)c1,-7.399,-5.836,-13.235
HIT_0318,c1cc2c(c(Oc3ccc4c(c3)[C@]3(CC4)COCCN3)c1)CCN2,-7.962,-5.272,-13.234
HIT_0319,Cn1ccc(-c2cccc3c2CN(C(=O)[C@@H]2CCCC24CCOCC4)CC3)cc1=O,-7.357,-5.875,-13.232
HIT_0320,C[C@H]1[C@@H](O)Cc2ccccc2N1c1ccc2c(c1)CN(C(=O)N1CCNCC1)C2,-7.622,-5.61,-13.232
HIT_0321,Cc1cccc2c1N([C@@H]1CNCc3ccc(N4Cc5ccc(O)cc5C4)cc31)CC2,-7.489,-5.742,-13.231
HIT_0322,C[C@H]1OCCC[C@H]1C(=O)N1CCOc2ccc(N3CCc4c(O)ccc(F)c4C3)cc21,-7.763,-5.468,-13.231
HIT_0323,Cc1cccc2c1CN([C@@H]1CCN(c3cnc4c(c3)NCC4)c3cccc(F)c31)C2,-7.613,-5.617,-13.23
HIT_0324,Cc1cc(N[C@H]2CCC[C@@H]2C(=O)N2CCOc3cc(F)ccc3C2)c2c(c1)[C@H](O)CO2,-7.721,-5.509,-13.23
HIT_0325,Cc1nc(N2CCO[C@H](C)[C@H]2C(=O)N2CCC(=O)c3ccccc3C2)ccc1O,-7.597,-5.632,-13.229
HIT_0326,C[C@@H]1NCCC[C@@H]1N1CCc2ccc(COc3cccc(F)c3)cc2C1,-7.605,-5.62,-13.225000000000001
HIT_0327,C[C@@]1(C(=O)N2Cc3ccc(N4CCCCc5ccccc54)cc3C2)CCN1,-7.94,-5.285,-13.225000000000001
HIT_0328,Cc1ccc(-c2ccc(C#N)c(F)c2)cc1C(=O)N1CCC(=O)[C@@H]2CCC[C@H]21,-7.561,-5.664,-13.225
HIT_0329,C[C@@H]1CN(c2cc(N3Cc4cccc5c4[C@@H](CCC5)C3)nc(O)n2)CCN1,-7.679,-5.544,-13.222999999999999
HIT_0330,C[C@]1(O)CN(C(=O)c2ccc3c(c2)CN(c2ccc4c(c2)C(=O)CO4)CC3)CC[C@H]1O,-7.481,-5.741,-13.222
HIT_0331,Fc1cc(Oc2cccc(N3CCCCc4ccncc43)c2)cc2c1CNCC2,-7.547,-5.675,-13.222
HIT_0332,N#CC1(C#N)CCCN(c2ccc3c(c2)CC[C@@H](N[C@H]2CCCc4cc(F)ccc42)C3)C1,-7.251,-5.969,-13.22
HIT_0333,NN1C(=O)Cc2ccc(O[C@H]3CCc4cc(F)ccc43)cc21,-8.122,-5.098,-13.219999999999999
HIT_0334,Cc1c(F)ccnc1N1CC[C@@H](C)[C@H](N(c2ccc(C#N)c(F)c2)[C@@H]2CCCNC2)C1,-8.337,-4.883,-13.219999999999999
HIT_0335,O=C([C@@H]1CC2(CC2)CN1c1ccc2c(c1)NCC2)N1C[C@H](F)c2ccccc21,-7.617,-5.602,-13.219000000000001
HIT_0336,Oc1ccc(Br)c(N2CCCNC[C@@H](N3CCCc4cc(F)ccc4C3)C2)n1,-7.703,-5.516,-13.219000000000001
HIT_0337,CC1(C)CN(c2cc(F)c3c(c2)CN(C(=O)c2ccc4c(c2)CNCC4)CC3)C1(C)C,-7.45,-5.767,-13.217
HIT_0338,CC1=C(C(=O)Nc2cccc(F)c2)[C@@H](C(=O)N2CCC(=O)c3ccccc3C2)CC1,-7.694,-5.521,-13.215
HIT_0339,COc1ccc(N[C@@H]2C[C@H](O)[C@@H](N3CCNC(=O)C3)C2)c2c1CN(c1ccc3c(c1)CNCC3)CC2,-7.513,-5.702,-13.215
HIT_0340,O=C(N1CCc2ccc(N3CCc4cc(F)c(F)cc4C3)cc21)C1(O)CNC1,-7.905,-5.308,-13.213000000000001
HIT_0341,Cc1ccc(-c2c(F)ccc3c2CC[C@@H]3N[C@H]2C[C@@H](C)[C@@H](C)C2)c(F)c1,-7.56,-5.653,-13.213
HIT_0342,C[C@@H]1CN(c2ccc3c(c2)CCCN(c2cccc(O)c2C#N)C3)[C@H](C)CO1,-7.374,-5.835,-13.209
HIT_0343,Cc1cc2c(c(N3CCC[C@@]34CCOC4)c1)CCN(C(=O)c1ccc3c(c1)CNCCC3)C2,-7.389,-5.818,-13.207
HIT_0344,C[C@H]1CN(c2cnc3c(c2)N(c2cc(F)c(F)cc2C#N)CCN3)CC[C@@]1(C)O,-8.438,-4.767,-13.205000000000002
HIT_0345,Cn1ccc(C(=O)Nc2c(N3CC=C(c4ccc(C#N)cc4)CC3)ccnc2C(F)(F)F)c1,-7.111,-6.094,-13.205
HIT_0346,Cc1ccc(CN[C@H]2CCc3cc(F)cc(F)c32)cc1N1CC2(CCOCC2)C1,-7.925,-5.279,-13.204
HIT_0347,O=C1NCCCc2c1cccc2N1CCc2nc(C(=O)N3CCCC4(CCOCC4)C3)ccc2C1,-8.226,-4.977,-13.203000000000001
HIT_0348,C=Cc1ccc(C(=O)N2CC[C@@H](C(=O)N[C@H]3CC(=O)c4ccccc43)[C@H]2C)cc1,-7.456,-5.747,-13.203
HIT_0349,Cc1cccc(C(=O)N2C[C@@H](C)NC[C@H](C)NC[C@@H](C)N(c3ccc(F)c(C#N)n3)C[C@H]2C)c1,-7.731,-5.472,-13.203
HIT_0350,O=C(c1ccn([C@@]2(C(=O)O)CNCc3ccccc32)c1)N1CC2(CCCCC2)C1,-7.883,-5.314,-13.197
HIT_0351,C[C@@H]1NC[C@H]1C(=O)N1CCOc2ccc(C(=O)N3CCCc4ccc(F)cc4C3)cc2C1,-7.515,-5.68,-13.195
HIT_0352,O=C(c1[nH]c2nccc-2cc1N1CCc2cc(F)ccc2C1)N1CCC[C@@H]2CC[C@H](C1)O2,-7.442,-5.751,-13.193000000000001
HIT_0353,O=C1CCc2cc(Sc3cc(F)cc4c3CN([C@@H]3CCNC(=O)[C@@H]3Cl)CC4)ccc21,-7.561,-5.632,-13.193
HIT_0354,Cc1ccc(F)c2c1N([C@@H]1CCCN(c3nc4c(cc3C#N)CNCC4)CC1)CCC2,-8.169,-5.022,-13.191
HIT_0355,C[C@@]12C[C@H]1CCC[C@@H]2N(c1ccc(O)nn1)[C@H]1CCc2ccccc2OC1,-7.784,-5.406,-13.19
HIT_0356,Fc1ccc2c(c1)[C@@H](Oc1ncnc3c1CC[C@@H](N1CCCCCCNCCNCC1)C3)CC2,-7.311,-5.879,-13.19
HIT_0357,C[C@]1(C#N)CCN(c2ccc3c(c2)N(c2ccc4c(c2)CNC4)CC3)C1,-7.892,-5.297,-13.189
HIT_0358,Oc1cccc2c1CCN([C@@H]1CCCCN(c3ccc4c(c3)CNC4)C1)C2,-7.389,-5.8,-13.189
HIT_0359,Cc1ccccc1C1=CCN([C@@H]2CCc3cccc(N4CCC[C@](F)(CO)C4)c32)C1,-7.702,-5.486,-13.187999999999999
HIT_0360,Cc1ccc(F)c(O)c1N1CCC[C@](O)(CC(=O)N2CCc3c(F)ccc(F)c32)C1,-8.201,-4.984,-13.185
HIT_0361,CC1(C)C[C@H](C(=O)N2Cc3cccc(F)c3C2)N(c2ccc3c(c2)NCC3)C1,-7.449,-5.735,-13.184000000000001
HIT_0362,Cc1cc(=O)n(C)cc1N1CCCNC[C@H](N2CCc3ccc(F)cc3[C@H](C)C2)C1,-7.639,-5.544,-13.183
HIT_0363,CC[C@H]1[C@@H](O)CCN1C(=O)CCc1c2c(nc3ccccc13)-c1c(Cl)ccc(O)c1C2,-7.849,-5.333,-13.182
HIT_0364,CCCc1ccc(NC(=O)Nc2ccc(F)c(-c3cnc(C)c(C)n3)c2)c(-c2nnc(-c3cccn3C3CCNCC3)o2)c1,-7.521,-5.66,-13.181000000000001
HIT_0365,Cc1cc(F)cc(C)c1-c1ccc2c(c1)NCC[C@H]2N1CCOCC[C@H]1C,-7.773,-5.407,-13.18
HIT_0366,CC1=C(N2CCc3cccc(F)c3C2)CN(c2cc(C#N)c(C#N)[nH]2)CC1,-7.752,-5.426,-13.178
HIT_0367,C[C@@H]1c2ccccc2[C@H](C)N1C(=O)[C@H]1CN(c2cnn3c2CNCC3)CC12CCCC2,-7.673,-5.505,-13.178
HIT_0368,Fc1ccc2c(c1)[C@H](N[C@H]1CCc3c1cccc3N1CC3(CSC3)C1)CO2,-8.083,-5.094,-13.177
HIT_0369,CC1=CCN[C@H]1c1nc2cc(N3CCCN[C@@H](C)C3)cc3c2n1CC3,-7.866,-5.309,-13.175
HIT_0370,C[C@H]1[C@@H](C(=O)N2CC(=O)c3ccccc32)CCCN1c1ccc2c(c1)CC[C@@H]2O,-7.498,-5.676,-13.174
HIT_0371,O=C1CCOc2ccc(N3CC[C@@](O)(c4nc5cccc6c5n4CCC6)C3)cc21,-7.377,-5.796,-13.173
HIT_0372,N#C[C@@]1(F)CCN(c2ccc3c(c2)CCN(c2ccc4c(c2)CCNC4)C3)C1,-7.214,-5.959,-13.173
HIT_0373,O=C(c1nc(Cl)ccc1F)N1CCc2c(Oc3ccc4c(c3)CCNC4)ccc(F)c2C1,-6.722,-6.45,-13.172
HIT_0374,Cc1nc(N2Cc3ccc(N4CC[C@](F)(C#N)C4)cc3C[C@H]2C)ccc1O,-7.24,-5.931,-13.171
HIT_0375,O=[S@@](c1cccc(-c2cnc3[nH]nnc3c2)c1)c1cccc2c1CCN2,-7.546,-5.625,-13.171
HIT_0376,O=C(Nc1ccc2c(c1)C(F)(F)CC2)N1CC[C@@]12CCCc1ccc(F)cc12,-7.791,-5.38,-13.171
HIT_0377,Cc1cc(C(N)=O)cc(N2CCOc3ccc(N4CCc5ccncc54)cc32)c1,-7.46,-5.71,-13.17
HIT_0378,C[C@H]1CC[C@H](C(=O)N2CCc3ccc(N4CCCc5cccc(F)c54)cc32)N1,-7.852,-5.318,-13.17
HIT_0379,O=C([C@H]1CCN1c1cccc2c1CNC2)N1Cc2cccc(Br)c2C1,-7.887,-5.283,-13.17
HIT_0380,C[C@H]1C(=O)CCC[C@]1(C)NC1(c2nc(-c3cccc4c3CCC4=O)no2)CC2(CNC2)C1,-7.604,-5.565,-13.169
HIT_0381,C[C@@H]1[C@@H](C(=O)N2CCCCCCC2)CCN1c1ccc2c(c1)N(c1ncccc1O)CCO2,-7.743,-5.426,-13.169
HIT_0382,COC1=NC[C@@H](C(=O)N2CCc3cc(-c4ccc(Cl)cc4F)ccc3C2)CC1,-6.901,-6.266,-13.167
HIT_0383,Cc1c(CN2CCCc3ccc(F)cc3C2)cncc1N1CCC12CCCC2,-7.933,-5.233,-13.166
HIT_0384,N#Cc1ccnc(-c2ccc3c(c2)N(C(=O)[C@H]2CCC(=O)N2)CC3)c1,-7.825,-5.341,-13.166
HIT_0385,O=C1NCCCc2c1cccc2N1CCC[C@@H](N2CCc3ncccc3C2)C1,-8.048,-5.116,-13.164
HIT_0386,C[C@H]1CCCN[C@H]1C(=O)N1CCc2cc(N3CCc4ccc(F)cc43)ccc21,-7.506,-5.656,-13.161999999999999
HIT_0387,Cc1ccc2c(n1)N([C@H]1CCNC[C@H]1C)CC[C@@H]2N1CCc2ccc(F)cc21,-8.006,-5.155,-13.161000000000001
HIT_0388,C[C@@H]1CN(c2ccc3c(c2)[C@@]2(CCO3)CCN2c2ccccc2F)CCN1C,-7.249,-5.91,-13.158999999999999
HIT_0389,O[C@H]1CCOc2cc(N3CCCc4ccc(F)cc4C3)ccc21,-8.007,-5.15,-13.157
HIT_0390,FC(F)[C@H]1CN(c2cccc3c2[C@H](Nc2ccc4c(c2)CNCCC4)CO3)CC12CC2,-7.429,-5.724,-13.153
HIT_0391,C[C@@]1(CO)CN(c2cc(F)c3c(c2)CN(c2cc4c(cc2F)CCN4)CC3)C[C@@]1(C)CO,-7.205,-5.947,-13.152000000000001
HIT_0392,C[C@@H]1CN(c2cnc(C=O)c(-c3nc4c5c(c(C6CC6)nc4o3)CCCC5)c2)CC[C@]1(C)O,-7.43,-5.722,-13.152000000000001
HIT_0393,CCOC(=O)c1ccc(C(=O)N2CCOc3cc(-c4nc5c(=O)oc6c(C)cccc6c5o4)ccc32)s1,-7.139,-6.013,-13.152000000000001
HIT_0394,Clc1cccc2c1CCCN([C@@H]1CCCCN(c3ccc4c(c3)CCNC4)C1)C2,-7.663,-5.488,-13.151
HIT_0395,Cc1ccc(-c2cc(C)cc3c2OC[C@H]3N2CCc3c(C)ncnc3C2)cc1,-7.187,-5.964,-13.151
HIT_0396,C[C@@H]1CN([C@@H]2CCN[C@@H](C(=O)N3CCc4cc(F)c(F)cc43)C2)c2ccccc21,-7.095,-6.056,-13.151
HIT_0397,Cc1cc(O)c(C(=O)Nc2c(C(=O)N3CCC4(CCN(C)CC4)CC3)ccnc2C)cc1Cl,-6.834,-6.316,-13.149999999999999
HIT_0398,N#Cc1cnccc1N1CCc2c(ncnc2Oc2ccc3c(c2)[C@]2(CCN2)CCO3)C1,-7.433,-5.716,-13.149000000000001
HIT_0399,O=C1c2c(cccc2N2CCc3ccc(F)cc32)CN1[C@@]1(C(=O)O)CCCc2c(O)cccc21,-8.313,-4.836,-13.149000000000001
HIT_0400,Cc1cccc(C#N)c1N1CCN(C)c2ccc(N3CC[C@@H](O)[C@@H](C)[C@@H]3C)cc21,-7.827,-5.32,-13.147
HIT_0401,C[C@H]1CC[C@H](N2CCCc3ccc(-c4cc(F)c(F)cc4C#N)cc3C2)CN1,-6.963,-6.184,-13.147
HIT_0402,Fc1cc2c(c(N3CC[C@]34CCOc3ccc(F)cc34)c1)CCNC2,-7.647,-5.5,-13.147
HIT_0403,Cc1c(C(=O)N2CC[C@@H](N)C2)cccc1-c1ccc2c(c1)C[C@H](C)O2,-7.21,-5.936,-13.146
HIT_0404,c1cncc(-c2ccc3c(c2)CCCN(C2CC4(COC4)C2)C3)c1,-7.291,-5.855,-13.146
HIT_0405,CCc1cc(-c2ccc3c(c2)N(C(=O)[C@H]2C[C@H](C)N2)CC3)ccc1C#N,-7.338,-5.808,-13.146
HIT_0406,Cc1nc(N2CCCc3ccc(Oc4c[nH]c(=O)cn4)cc3C2)ccc1O,-7.601,-5.543,-13.144
HIT_0407,Cc1cc(N2CCC[C@@H]([C@H](O)C(=O)N3CCCc4ccccc4C3)C2)cnc1O,-8.044,-5.099,-13.143
HIT_0408,N#Cc1cccc(C(=O)N2CCC3(CC2)C(=O)Nc2cccc(F)c23)n1,-7.821,-5.321,-13.142
HIT_0409,Cc1cncc(N2CCOc3cc(C(=O)N4CCN(C)[C@H](C#N)C4)ccc32)c1,-8.101,-5.04,-13.141000000000002
HIT_0410,O=C1CCc2ccc(N3CCCNCCCN(c4cnc5c(c4)CNC5=O)CCC3)cc21,-7.017,-6.123,-13.14
HIT_0411,Oc1cnccc1N1CC[C@@H](N2CCc3c(F)cccc3C2)c2ccccc2C1,-8.116,-5.024,-13.14
HIT_0412,CC(=O)Nc1cc(F)ccc1N1Cc2ccc(F)cc2C[C@@H]1C(=O)N1C[C@@H](C)C(=O)C[C@@H]1C,-7.432,-5.708,-13.14
HIT_0413,CCc1ccc2c(c1)N([C@@H]1CCCCN(c3ccc4c(c3)NCC4)C1)CCO2,-7.797,-5.342,-13.139
HIT_0414,Cc1cc2c(cc1N[C@@H]1CCOc3c(C)cccc3C1=O)CNCC2,-7.642,-5.494,-13.136
HIT_0415,Fc1cc2c(cc1N1CCCC3(COC3)C1)N([C@@H]1CNc3ccccc31)CC2,-8.18,-4.956,-13.136
HIT_0416,C[C@H]1CC(=O)CC[C@H]1Oc1ccc2c(c1)CN(c1ccc3c(c1)NCC3)CCC2,-7.106,-6.029,-13.135
HIT_0417,Cc1cc(-c2ccc3c(c2)N(C(=O)[C@@H]2CNCCN2C)CC3)cnc1F,-7.706,-5.428,-13.134
HIT_0418,Cc1c(F)ccc2c1CC[C@@H]2N[C@@H](C)c1ccc(N2CCCCc3n[nH]cc32)nn1,-7.393,-5.741,-13.134
HIT_0419,O=C(c1ccc(C(F)(F)F)o1)N1CCOC[C@]12CCCc1ccc(-c3ccc(CO)nc3)cc12,-7.476,-5.657,-13.133
HIT_0420,Cc1ccc(C(=O)N(c2ccc3c(c2)CC[C@@H]3O)[C@@H]2CCN[C@@H](C)C2)cc1,-7.15,-5.983,-13.133
HIT_0421,Cn1c2c(cc(N3CCn4cnc(N5CC(C)(C)c6ccc(N)cc65)c4C3)c1=O)CCC2,-7.363,-5.77,-13.133
HIT_0422,Oc1ccc2c(c1)CN([C@@H]1CNCCCN([C@H]3Cc4ccc(F)cc4C3)C1)CC2,-7.477,-5.655,-13.132000000000001
HIT_0423,Cc1cc(-c2ccc3c(c2)CN([C@H]2CC[C@](C)(N)CC2)CC3)cnc1O,-7.528,-5.603,-13.131
HIT_0424,c1ccc(N2CCOCCOCC2)c([C@H]2CCN(c3cccc4c3CCCNC4)C2)c1,-7.607,-5.521,-13.128
HIT_0425,C[C@H]1COc2ccccc2N1c1ccc2c(c1)[C@@H](N1CC(C)(C)C[C@]1(C)CO)CN2,-8.333,-4.794,-13.126999999999999
HIT_0426,C[C@H]1[C@H](C(=O)N2C[C@@H]3[C@H](C2)C3(F)F)CCN1c1c(O)cccc1Oc1ccc2c(c1)C(=O)CCN2,-7.427,-5.698,-13.125
HIT_0427,Cc1cc(C#N)cnc1N1CCC[C@]2(C1)C[C@H](N1CCCc3cccnc31)C2,-7.054,-6.071,-13.125
HIT_0428,C[C@@H]1[C@@H]2CN(c3ccc4c(c3)CCNC4)[C@@]1(c1nc3ncccc3o1)C2,-7.312,-5.812,-13.124
HIT_0429,O=C(O)c1cc(Cl)c2nc(-c3cc(Cl)c[nH]3)n([C@H]3CC(=O)N(C4Cc5ccccc5C4)C3)c2c1,-7.289,-5.835,-13.123999999999999
HIT_0430,CC(C)=C1CCN(c2cc(N[C@H]3CCCc4c(F)cccc43)cnc2N)CC1,-7.758,-5.365,-13.123000000000001
HIT_0431,Cn1cc(N2CCCN(c3cc(F)c4c(c3)NCCO4)CC(=O)C2)ccc1=O,-7.583,-5.537,-13.120000000000001
HIT_0432,Cc1cc(C)c2c(c1NC(=O)[C@@H]1CCCNC1)[C@H](N1CCCc3ccc(C=O)nc31)CCO2,-8.328,-4.792,-13.12
HIT_0433,Cc1cc(F)cc2c1CN([C@@H](C)[C@@H]1CCCN1c1ccc3c(c1)CNC3)CC2,-7.645,-5.474,-13.119
HIT_0434,N#Cc1ccc(N2CCOc3c(cccc3N3CCC4(CCCCC4)C3)C2)cc1F,-7.51,-5.608,-13.117999999999999
HIT_0435,Cc1cccc(-c2ccc3c(c2)OCC[C@]32CCN2)c1C(=O)N1CCC2(CN(C)C2)C1,-7.732,-5.385,-13.117
HIT_0436,C[C@]1(C#N)CCN(c2cccc3c2CCN(c2ccc4c(c2)C[C@H](O)C4)C3)C1,-7.637,-5.48,-13.117
HIT_0437,CC(C)C1(C(=O)N2CCc3c(N[C@@H]4CCCc5c(F)cccc54)cccc32)CCNCC1,-7.211,-5.906,-13.117
HIT_0438,CC1(C)CN[C@H]1C(=O)N1CCc2cc(N3CCc4ccc(F)cc4C3)ccc2C1,-7.221,-5.895,-13.116
HIT_0439,Cc1c(CO)cccc1N1CCOc2ccc(N3CCc4ccc(O)cc4C3)cc21,-7.894,-5.221,-13.115
HIT_0440,O=C1Cc2cc3c(cc21)C[C@@H]3N1CC[C@H](O)[C@@H]1C(=O)NCC1CCc2ccccc2CC1,-7.121,-5.992,-13.113
HIT_0441,Cc1ccc2c(c1)CCCN2C(=O)[C@H]1CC[C@@H](N2CC3(CCOCC3)c3c(F)cccc32)CN1,-7.057,-6.055,-13.112
HIT_0442,c1cc2c(cc1N1CCc3ccc(N4CC[C@@H]5COCC[C@@H]54)cc31)CNC2,-7.394,-5.718,-13.112
HIT_0443,Cc1c(N2CCC[C@](C)(C(=O)N3CCc4cc(O)ccc4C3(C)C)C2)cnc(O)c1Cl,-8.08,-5.032,-13.112
HIT_0444,Cc1cc(C)c2c(c1)N(c1ccc3c(c1)CCNC3=O)CC2,-7.593,-5.516,-13.109
HIT_0445,Cc1cccnc1N1CCC[C@H](C)[C@@H]1C(=O)N1c2ccccc2CC[C@H]1C,-8.011,-5.097,-13.108
HIT_0446,Clc1ccc2c(c1)CN([C@H]1C[C@]3(CCCN(c4ccc5c(c4)NCC5)C3)C1)C2,-7.784,-5.324,-13.108
HIT_0447,O=C1COc2ccc(N3CCN[C@@H](C(=O)N4CCCc5ccc(F)cc5C4)C3)cc21,-7.68,-5.428,-13.108
HIT_0448,O=C(c1ccc2c(c1)N(c1cncc3c1CCCN3)CCC2)N1CCCC12CCCC2,-7.536,-5.571,-13.107
HIT_0449,CC[C@H]1C[C@H](N2C[C@@H](C)Oc3cc(F)ccc32)CCN1c1cccc(O)c1,-8.049,-5.057,-13.106
HIT_0450,Cc1cnnc(N[C@@H]2CCOc3c2cccc3N2CCC(F)(F)[C@@H](F)C2)c1,-6.935,-6.171,-13.106
HIT_0451,Cc1cccc2c1C[C@@H]2NCc1cccc(N2CC[C@H]3CCN(C)[C@@H]3C2)c1C,-7.506,-5.599,-13.105
HIT_0452,Cc1ccc(-c2ccc3c(c2)[C@@]2(COCCN2C(=O)[C@H]2NCC[C@@H]2C)CO3)cc1C#N,-7.527,-5.576,-13.103
HIT_0453,N#Cc1ccc(N2CCc3ccc(F)c(F)c3C2)nc1NC(=O)[C@@H]1CCNC1,-8.158,-4.945,-13.103
HIT_0454,Cc1nc(O)ccc1N1CCN[C@H](C(=O)N2CCc3cc4c(cc3C2)CCCC4)C1,-6.894,-6.207,-13.100999999999999
HIT_0455,C[C@@H]1CN([C@@H]2CCN([C@@H]3COc4ccc(F)cc43)C(C)(C)C2)c2cccc(C(=O)O)c2N1,-8.276,-4.823,-13.099
HIT_0456,C[C@H](NC(=O)c1cccc2c1CNCC2)c1cc(-c2ccc3c(c2)NCC3)ccc1F,-6.988,-6.109,-13.097000000000001
HIT_0457,O=C(N[C@@H]1CNC[C@H]1O)N1CCc2ccc(N3c4ccccc4O[C@H]4CCC[C@H]43)cc21,-8.128,-4.968,-13.096
HIT_0458,Cc1cccc(C(=O)N2c3ccccc3O[C@H](C(=O)N3CCCCCNCCNCC3)[C@H]2C)c1,-7.168,-5.927,-13.094999999999999
HIT_0459,N[C@@H]1CCc2cccc(N3CC[C@@]34CCCc3cc(F)ccc34)c21,-7.572,-5.523,-13.094999999999999
HIT_0460,C[C@@H]1CN(C(=O)c2ccc3c(c2)N(c2ccc4c(c2)C(=O)NCC4)CCN3)CCN1CC#N,-7.497,-5.595,-13.091999999999999
HIT_0461,N#C[C@]1(F)CCN(c2cc3c([nH]2)CCC[C@@H]3N2CCc3cc(F)ccc3C2)C1,-7.056,-6.036,-13.091999999999999
HIT_0462,Cc1ccc(C(=O)N2CCC(=O)Nc3ccccc32)cc1Oc1nc(C(=O)O)ccc1F,-7.549,-5.542,-13.091000000000001
HIT_0463,C[C@H]1CN(c2ccc3c(n2)N([C@H]2Cc4ccc(F)cc42)CCC3)CC[C@@]1(C)O,-7.43,-5.66,-13.09
HIT_0464,C[C@H](N)c1cccc(Oc2cccc(N3CC[C@@H](O)c4ccc(F)cc43)c2)c1,-7.496,-5.594,-13.09
HIT_0465,O[C@H]1COc2cc(N3CCc4ccc(N5CC[C@]6(CCCO6)C5)cc43)ccc21,-7.403,-5.687,-13.09
HIT_0466,N#Cc1ccc(N2CCCC[C@@H](N3CCOc4cccc(F)c4C3)C2)cc1F,-7.721,-5.368,-13.089
HIT_0467,CC1=C(N2CCc3c(F)ccc(F)c3C2)CN(C(=O)N2CCC(N)CC2)CC1,-7.912,-5.176,-13.088000000000001
HIT_0468,C[C@@H]1Cc2cc(-c3cnc(F)c(-c4cncc(N5C[C@H]6CNC[C@H]6C5)n4)c3)ccc2O1,-7.148,-5.94,-13.088000000000001
HIT_0469,N#Cc1cccc(C#N)c1N1CC[C@H]([C@@H](c2ccccc2)N2CCc3ccc(F)cc3C2)C1,-8.265,-4.823,-13.088000000000001
HIT_0470,C[C@@H]1Cc2ccc(N3Cc4c[nH]nc4C3)cc2CN1c1ccc(O)nc1,-7.581,-5.506,-13.087
HIT_0471,Cc1cnc(N2CCc3ccc(F)cc3C2)c(-c2noc([C@H]3NCC[C@@H]3O)n2)c1,-7.837,-5.249,-13.085999999999999
HIT_0472,Cn1nnnc1-c1cccc(N2CCC3(CC2)C(=O)Nc2cc(N4CC[C@@]45CCOc4ccc(Cl)cc45)ccc23)n1,-6.845,-6.24,-13.085
HIT_0473,Cc1nc2n(n1)CCC[C@@H]2Nc1ccc(C(=O)N2CCc3c2ccc(C#N)c3F)cc1C#N,-7.173,-5.912,-13.085
HIT_0474,C[C@H]1CN(C(=O)c2ccc(Cl)nc2N[C@@H]2CCc3ccc(F)cc32)CC[C@@]1(C)O,-8.108,-4.976,-13.084
HIT_0475,C[C@H]1CN(c2cc3c(c(CNc4ccc5n4CCNC5=O)c2)OCC3)Cc2cccnc21,-7.759,-5.325,-13.084
HIT_0476,C[C@@H]1N(c2ccc3c(c2)[C@H](N2CCc4cc(=O)n(C)cc42)CCN3)CCC1(F)F,-8.178,-4.905,-13.083000000000002
HIT_0477,Cc1ccc(C2(O)CCN([C@@H]3Cc4cccc(-c5c(F)ccc(F)c5C)c4C3)CC2)cc1C,-7.352,-5.731,-13.083
HIT_0478,Cc1ccc2c(c1)CCN(C(=O)C1(C)CCN([C@@H]3COCc4ccccc43)CC1)C2,-6.489,-6.59,-13.079
HIT_0479,C[C@H]1CNC(=O)CCN1[C@]1(c2nc(-c3ccc(F)c4c3CCCC4=O)no2)CC[C@@H](F)CC1,-7.684,-5.395,-13.079
HIT_0480,C[C@@H]1OCCN[C@H]1C(=O)N1CCc2c(cccc2C(=O)N2CCc3ccccc32)C1,-7.349,-5.729,-13.078
HIT_0481,C[C@]1(C#N)CN([C@@H]2CN(c3ccc4c(c3)CNCCO4)c3ccc(Br)cc32)CCO1,-7.826,-5.252,-13.078
HIT_0482,N#Cc1ccc2c(c1)CN(C(=O)[C@H]1CN(c3ccc4c(c3)C(=O)COC4)CCCN1)C2,-7.007,-6.071,-13.078
HIT_0483,Fc1ccc2c(c1)CCN2c1ccc2c(c1)CNCCC2,-7.577,-5.497,-13.074
HIT_0484,O=C(c1ccc(F)cn1)N1CCCc2ccc(N3CCC[C@@]34CCOC4=O)cc2C1,-7.533,-5.54,-13.073
HIT_0485,C[C@@H]1CC(N2CCc3cc(F)cc(F)c32)C[C@@H](C)N1c1ccc2c(c1)CC[C@H]2N,-7.598,-5.475,-13.073
HIT_0486,Cc1cc(F)cc2c1N(c1cnc3c(c1)N(C(=O)N1CCOC[C@@H](C)C1)CCN3)CCC2,-7.857,-5.216,-13.073
HIT_0487,C[C@]1(F)CCCCN(c2cnc(O)c(-c3ccc(Cl)nc3C(F)(F)F)c2)C1,-7.697,-5.376,-13.073
HIT_0488,N#Cc1cc(N2CCc3ccc(N4C[C@H]5[C@H](C4)[C@@H]4CS(=O)(=O)C[C@H]54)cc3C2)ccc1F,-7.328,-5.744,-13.072
HIT_0489,C[C@@H]([C@@H]1CCCN1)N1CCc2ccc(N3Cc4ccc(F)cc4C3)cc21,-8.165,-4.906,-13.070999999999998
HIT_0490,C[C@@H]1C[C@@H](C(=O)N2CCCN(C)c3ccc(F)cc32)N1c1ccc(C#N)c(O)c1,-7.785,-5.285,-13.07
HIT_0491,C[C@H]1[C@@H](OC(=O)c2cccc3c2C(=O)CC3)[C@H](O)[C@@H](O)CN1[C@@H]1C(=O)c2ncccc2-c2cccnc21,-7.611,-5.458,-13.068999999999999
HIT_0492,C[C@@H]1CN(c2cc(N[C@@H]3CCc4c(F)cc(F)cc4C3)ccn2)CC[C@@H]1O,-7.431,-5.632,-13.062999999999999
HIT_0493,C[C@@H]1[C@@H](O)[C@@H](C(=O)O)CN1c1ccc2c(c1)[C@H](N1CC[C@](C)(c3ccc(F)cc3)C1)CO2,-8.103,-4.959,-13.062
HIT_0494,c1ccc(-c2cccc3c2C[C@H](N2CCOC[C@@]24CCOC4)C3)cc1,-7.39,-5.671,-13.061
HIT_0495,Oc1ccc(F)c(N2CCCCC(F)(F)C2)c1CN1CCc2cccnc2CC1,-7.248,-5.812,-13.06
HIT_0496,Cc1cnc(O)c(N2CCc3ccc(N4CCC[C@@]45CCOC5)cc32)c1,-8.034,-5.026,-13.06
HIT_0497,Cc1ccc(-c2cccc3c2CN(C(=O)[C@@H]2CCN[C@H]2C)CC3)cn1,-7.878,-5.182,-13.06
HIT_0498,Cn1cc(N([C@@H]2CCC(C)(C)C2)[C@H]2CCc3cc(O)ccc3C2)cc(C#N)c1=O,-7.521,-5.539,-13.059999999999999
HIT_0499,Fc1cc(F)c2c(c1)CCCN2c1nc(N2CCOCCOCC2)c(Cl)[nH]1,-7.973,-5.087,-13.059999999999999
HIT_0500,C[C@@H]1Cc2ccccc2[C@H]1Nc1cccc2c1CCCNC2,-7.52,-5.539,-13.059
HIT_0501,C[C@H]1c2ccccc2CN1c1cccc2c1CN([C@H]1CCCCNC1)C2,-8.053,-5.005,-13.058
HIT_0502,Cc1cc(-c2ccc3c(c2)N([C@]2(C(=O)O)CCN(C)[C@@H](C)C2)CC3)c(F)cc1F,-7.701,-5.355,-13.056000000000001
HIT_0503,Cc1ccc2c(c1)N([C@H]1CCN(c3ccc(O)cc3F)CC[C@H]1C)CCC2,-7.412,-5.644,-13.056000000000001
HIT_0504,C[C@H]1CC[C@H](N2C[C@@H](F)c3ccccc32)CN1c1cccc2c1CCCNC2,-7.913,-5.141,-13.054
HIT_0505,Cc1cc(N2CCc3ccc(N4CC5(CC[C@@H](O)C5)C4)cc32)cc(C)n1,-7.561,-5.493,-13.054
HIT_0506,Cc1ccc(N2CCCCC23CCC3)c(Oc2cc(C#N)cc(C#N)c2)c1,-7.459,-5.595,-13.053999999999998
HIT_0507,CN1CCN(C)C1N1CCOc2ccc(N3Cc4ccc(F)cc4C3)cc21,-7.821,-5.231,-13.052
HIT_0508,O=C1CC[C@H](N2CCC[C@]3(CCC[C@H]3O)C2)[C@H]1c1ccccc1,-7.981,-5.07,-13.051
HIT_0509,O=C1NCc2c(Oc3ccnc(Oc4cc5c(cn4)CNCC5)c3)cccc21,-7.344,-5.707,-13.051
HIT_0510,C[C@H]1C[C@H](O)CN(c2cc3c(cc2N[C@@H]2CCCOc4cc(F)ccc42)CNC3)C1,-7.362,-5.689,-13.051
HIT_0511,C[C@H]1CCC[C@@]1(N)C(=O)N1CCC[C@H](N2Cc3cccc(F)c3C2)c2ccccc21,-8.109,-4.941,-13.05
HIT_0512,Cc1cccc(C(C)(C)NC(=O)c2ccc3c(c2)N(C(=O)[C@@H]2CCN2C)CCO3)n1,-7.826,-5.223,-13.049
HIT_0513,NC(=O)[C@H]1CCC[C@](Oc2cccc(-c3cncc(C(F)(F)F)c3)c2F)(C(=O)O)C1,-7.612,-5.436,-13.048
HIT_0514,C[C@H]1CN(c2ccnc(O)c2)CC[C@]1(C(=O)O)N1CCCc2cccc(F)c2C1,-8.068,-4.979,-13.047
HIT_0515,Cc1cc(C#N)cc(-c2cccc3c(=O)n([C@@H]4C[C@]45CCCOC5)c(=O)[nH]c23)c1,-8.055,-4.992,-13.047
HIT_0516,CN1CCNc2cc(N3CCNCc4ccc(N5CCC(C)(F)CC5)cc43)ccc21,-7.891,-5.156,-13.047
HIT_0517,Fc1ccc2c(c1)CN(c1ccc3c(c1)COC31CCNCC1)CC2,-6.979,-6.067,-13.046
HIT_0518,Clc1ccc2c(c1)CCN2c1ccc2c(c1)[C@]1(CCC2)COCCN1,-7.48,-5.566,-13.046
HIT_0519,CC1(C)C[C@@H](Nc2cccc3c2CC3)CCN1c1ccc2c(c1)CNCCC2,-7.531,-5.513,-13.044
HIT_0520,Cc1cc(C#N)cc(-c2cccc3c2CCN(c2cnc4c(c2)CCNC4)C3)c1,-7.166,-5.876,-13.042000000000002
HIT_0521,C[C@H]1CC[C@@H](N2CCc3cc(F)ccc3C2)CN1c1cccc2c1OCC[C@H]2N,-7.084,-5.958,-13.042
HIT_0522,N#Cc1ccc2c(c1)CCN2Cc1cc(O)cc(N2CCc3ccncc32)c1,-6.752,-6.29,-13.042
HIT_0523,C[C@@H]1COCCCN1c1cc(N2CCc3ccc(Cl)cc3C2)cnc1O,-7.482,-5.56,-13.042
HIT_0524,C[C@H]1CC2(CCCC2)CN1Cc1ccc(F)c(-c2ccc3c(c2)OC[C@H]3O)c1,-7.151,-5.891,-13.042
HIT_0525,Cn1c(-c2cc(Cl)cc(C(=O)NC[C@@H]3CCS(=O)(=O)c4ccccc43)n2)nc2cc(C#N)c(C#N)cc21,-7.793,-5.248,-13.041
HIT_0526,Cc1ccc(C(=O)N2CCc3ccc(N4CCCCNCCNCC4)cc32)nn1,-8.092,-4.948,-13.040000000000001
HIT_0527,O=C(O)[C@@]1(n2ccc(=O)c3c2CCCC3)C=C(c2nc3cccc4c3n2CCO4)CCC1,-7.491,-5.548,-13.039
HIT_0528,C[C@H]1CC[C@H](N[C@H]2CCN(C)Cc3ccc(F)cc32)C[C@@H]1C,-7.829,-5.209,-13.038
HIT_0529,Cc1ccc2c(c1)CCN2[C@H]1COCc2cccc(N[C@]3(C)CCO[C@H]3C)c21,-8.03,-5.007,-13.036999999999999
HIT_0530,O=C1C[C@H]2c3c(cccc31)CCN2c1ccc2c(c1)[C@@H](O)CC2,-7.316,-5.721,-13.036999999999999
HIT_0531,Cc1cc(N2CCCc3ccc(N4CCOC(C)(C)[C@@H]4C)cc3C2)ncc1O,-7.545,-5.491,-13.036
HIT_0532,Cc1cnc(N2Cc3cccc(-c4noc([C@H]5CC(C)(C)CN5)n4)c3C2)c(C)c1,-7.792,-5.244,-13.036
HIT_0533,Cc1cc2c(cc1N1CCN(C)c3ncccc3C1)CN(C(=O)c1csc(Cl)c1)CC2,-7.59,-5.445,-13.035
HIT_0534,Cc1ccc2c(c1)CN([C@@H]1CCNc3nc(Cl)ccc31)CC2,-7.421,-5.614,-13.035
HIT_0535,O=C(O)c1ccc(F)c(N2CCc3cc(N4CCC(N5CC[C@](F)(CO)C5)CC4)ccc3C2)c1O,-7.764,-5.27,-13.033999999999999
HIT_0536,O=C1CCOc2cc(F)c(N3C[C@@H](C(=O)N4CCc5cc(F)c(F)cc54)C(F)(F)C3)cc21,-7.559,-5.473,-13.032
HIT_0537,C[C@H]1NCCN(c2cccc3c2CCCN(c2cncc4c2CCC4=O)C3)[C@H]1C,-8.147,-4.885,-13.032
HIT_0538,Cc1cc(N2CCNc3ccc(C(=O)N4CC[C@H](O)CC4(C)C)nc32)ccn1,-8.042,-4.989,-13.030999999999999
HIT_0539,CC[C@H]1CN(c2ccc(C#N)c(N3CCC4=C(C3)[C@@H](O)[C@@H](C)CS4)n2)CCC1=O,-7.739,-5.29,-13.029
HIT_0540,O[C@H]1COCC[C@]1(C#Cc1ccccc1)N1CCOc2ccc(Cl)cc21,-7.511,-5.518,-13.029
HIT_0541,C[C@@]1(NC(=O)[C@@H]2CCN2c2ccc(F)c(O)c2)CCOc2c(F)cccc21,-7.938,-5.091,-13.029
HIT_0542,Cc1c(N2CCCC[C@H](N3CCC(C)(N(C)C)CC3)C2)ccc2c1CNCC2,-7.801,-5.228,-13.029
HIT_0543,O=C([C@H]1CCCN(C(=O)[C@@]23CCC[C@@H]2NCC3)C1)N1CCCc2ccccc2C1,-7.383,-5.644,-13.027000000000001
HIT_0544,Cc1cccc(N2CCc3ccc(N4CCC[C@H](O)[C@H](C)C4)cc32)n1,-7.56,-5.467,-13.027
HIT_0545,C[C@H]1C(=O)CCCN1c1ccc2c(c1)N(c1ccc3c(c1F)CC(=O)N3)CCO2,-7.174,-5.851,-13.025
HIT_0546,C[C@H]1CC[C@@H](N2CCCN(C)c3cc(F)ccc32)CN1c1nc(F)ccc1N,-8.019,-5.005,-13.024000000000001
HIT_0547,Cc1cc(F)cc(-c2cc(F)cc3c2CCN(C(=O)[C@H]2C[C@]4(CCCN4)C2)C3)c1,-7.212,-5.812,-13.024000000000001
HIT_0548,N#C[C@@]1(F)CCN(C(=O)c2ccc(F)c3c2CN(c2ncccc2O)CC3)C1,-7.888,-5.134,-13.022
HIT_0549,COc1cc(O)ccc1-c1nc2ccc(O[C@]34CCCN[C@H]3c3ccccc3CC4)cc2o1,-7.36,-5.661,-13.021
HIT_0550,C[C@@H]1CN(c2cc(F)c3c(c2)NCCO3)CCC[C@@H]1N1C[C@H](C)c2ccccc21,-7.299,-5.722,-13.021
HIT_0551,C[C@@H]1CCC[C@@](C#N)(N(c2ccc3c(c2)CNC3)c2ccc3c(c2)C(=O)COC3)C1,-7.845,-5.174,-13.019
HIT_0552,O=C(c1ccc(F)c2c1CNCC2)N1CCc2c(O)ccc(F)c2C1,-7.641,-5.378,-13.019
HIT_0553,O=C1CN(c2c(F)ccc3c2CCN3C(=O)[C@H]2CCCO2)Cc2ccccc2N1,-8.169,-4.849,-13.018
HIT_0554,Cc1cnc(O)c(C(=O)N2CCc3ccccc3C(C)(C)C2)c1,-7.518,-5.5,-13.018
HIT_0555,COc1ncc(N2CCc3ccc(N4CCCN(C)c5ccccc54)cc32)cc1N,-8.015,-5.002,-13.017
HIT_0556,Fc1cccc2c1OCCN(c1ccc3c(c1)CNCC3)C2,-7.922,-5.094,-13.016
HIT_0557,C[C@@H]1CCN(c2ccc3c(c2)N(c2cnc(O)c(F)c2)CC3)CC[C@@H]1O,-7.283,-5.733,-13.016
HIT_0558,N[C@@H]1COc2ccc(N3CCc4c(F)cc(F)cc4C3)cc2C1,-7.947,-5.068,-13.015
HIT_0559,Oc1ncnc2cc(Nc3cc(F)cc4c3OCCC4)c(N3CCCCCCCC3)cc12,-7.559,-5.456,-13.015
HIT_0560,N#C[C@@H]1CCN(c2cccc3c2CCN(c2ccc4c(c2)OCC[C@H]4O)C3)CC1=O,-7.565,-5.45,-13.015
HIT_0561,C[C@]1(C#N)CCCN(c2ccc3c(n2)N(c2cccc4c2CCO4)CC3)C1,-7.858,-5.156,-13.014
HIT_0562,Cc1ccccc1N(C)c1c(C#N)cccc1NC(=O)N1CC[C@H](N)[C@@H](C)C1,-7.744,-5.27,-13.014
HIT_0563,Cc1cnc(N2CC3(CCOCC3)[C@@H]2C(=O)N2CCc3ccc(O)cc32)cc1C#N,-7.794,-5.219,-13.013
HIT_0564,O=C(c1n[nH]cc1F)N1CCOc2ccc(N3CC4(CCCCC4)C3)cc21,-7.542,-5.471,-13.013
HIT_0565,O=C1CCOc2c(F)ccc(N3CC[C@@H](O)C[C@@H]3C(=O)N3CCc4ccccc4CC3)c21,-7.777,-5.236,-13.013
HIT_0566,Cc1ccc2c(c1F)CN(C(=O)[C@H]1C[C@H](C)N1c1ccc3c(c1)CNCCO3)CC2,-7.706,-5.306,-13.012
HIT_0567,Cc1cc(C)c2c(c1)CCN(c1ccc3c(c1)NCC[C@@H]3N1CC[C@@H](O)[C@H](C)C1)C2,-6.373,-6.638,-13.011
HIT_0568,Fc1ccc(N2CC3(CCN(c4cccc5c4CCCNC5)C3)C2)cc1,-7.667,-5.342,-13.009
HIT_0569,O=C(N1CCOc2ccc(N3Cc4ccc(O)cc4C3)cc21)C1(F)CNC1,-7.655,-5.354,-13.009
HIT_0570,C[C@@H]1CN(c2ccc3c(c2)[C@@H](N2CCc4cccc(F)c4C2)CN3)C[C@H](C)N1,-7.668,-5.34,-13.008
HIT_0571,Cc1cnc(N2C[C@H](O)c3c(N4CCC(=O)c5c(C)cccc54)ccc(F)c32)cn1,-7.24,-5.767,-13.007000000000001
HIT_0572,Fc1ccc(F)c2c1CCN(c1ccc3c(c1)CCN3)C2,-7.579,-5.428,-13.007
HIT_0573,O=C1CNCc2ccc(N3CCc4ncc(N5CCc6ccncc65)cc4C3)cc21,-7.445,-5.561,-13.006
HIT_0574,Cc1cncc(N2CCCc3ccc(N4CC[C@H](O)[C@H](C)[C@H]4C)cc3C2)c1,-7.598,-5.408,-13.006
HIT_0575,O=C(c1ccc2c(c1)CCCN2)N1CC2(CC(N3CC=C(c4ccc(F)cc4)C3)C2)C1,-6.994,-6.011,-13.004999999999999
HIT_0576,CC1(C)[C@@H](N2CCC(=O)c3ccc(F)cc32)CCN1c1ccnc2c1CNCC2,-7.848,-5.157,-13.004999999999999
HIT_0577,C[C@@H]1CN(c2ccc3c(c2)N(c2ccc4c(c2)OCC4)CC3)[C@@H](C)CN1,-7.7,-5.305,-13.004999999999999
HIT_0578,Cc1cccc2c1N(c1ccc3c(c1)C(F)(F)C(=O)N3)CC21CCOCC1,-6.954,-6.05,-13.004
HIT_0579,C[C@H]1NCC[C@@H]1C(=O)N1CCCc2cc(N3Cc4cccc(O)c4C3)ccc2C1,-6.9,-6.103,-13.003
HIT_0580,Cc1cc(C)c2c(c1)C[C@H]2N1CCNc2ccc(O)cc2C1,-7.114,-5.889,-13.003
HIT_0581,Cc1cc(C)c2c(c1)N(c1ccc3c(c1)N(C(=O)[C@H]1CS(=O)(=O)N1)CC3)CC2,-7.703,-5.299,-13.002
HIT_0582,N#Cc1ccc(N2CCCc3nc(N(c4ncccc4C#N)C4CNC4)ccc32)nn1,-7.936,-5.065,-13.001000000000001
HIT_0583,Cc1cnc(O[C@@]2(C)CCN([C@H]3CCc4cc(F)cc(F)c43)C[C@H]2C)c(N)n1,-7.794,-5.207,-13.001
HIT_0584,C[C@@H]1CN(C(=O)c2cccc3c2CCN(c2ccc4c(c2)CCN4)C3)CCC[C@H]1O,-6.915,-6.084,-12.998999999999999
HIT_0585,O=C([C@H]1CCNC1)N1CCc2ccc(N3CCOc4ccc(F)cc43)nc21,-7.903,-5.096,-12.998999999999999
HIT_0586,Cc1cc2oc([C@H]3COCCN3c3ncc4c(n3)CCNC4)nc2cc1F,-7.775,-5.221,-12.996
HIT_0587,Cc1cccc(N2CCCc3nc(N4CC5(CCCCO5)C4)ccc32)c1O,-7.809,-5.182,-12.991
HIT_0588,Cc1cc(F)cc2c1N([C@@H]1CCN(c3ccc4c(c3)CNCCC4)C[C@@H]1C)CC2,-7.811,-5.18,-12.991
HIT_0589,Cc1ccc(-c2ccc3c(n2)N([C@@H]2CCN(C)C[C@H]2C)CC3)c(C)c1Cl,-7.991,-5.0,-12.991
HIT_0590,O=C1C[C@H](N2CCOc3cccc(F)c32)CN(c2cccc3c2CCCNC3)C1,-8.01,-4.979,-12.989
HIT_0591,C[C@@]1(c2nc3cc(-c4ccc5c(c4)NCC5)ccc3o2)CCCN1,-7.164,-5.824,-12.988
HIT_0592,N#Cc1cc(F)ccc1N1CCNCCNCCN([C@H]2Cc3cccc(F)c32)CC1,-7.575,-5.413,-12.988
HIT_0593,Cc1ccc(C#N)cc1NC(=O)[C@@H]1CC(F)(F)CN1[C@H]1CCc2cc(O)cc(F)c21,-7.256,-5.731,-12.987
HIT_0594,Cc1cc(N(c2ccc3c(c2)NC(=O)[C@H](C)O3)C2(C)CCOCC2)ncc1C#N,-7.606,-5.38,-12.986
HIT_0595,Cc1cc(C#N)ccc1-c1ccc2c(n1)N(c1ccccc1O)CC2,-7.666,-5.32,-12.986
HIT_0596,Cc1ccc(C#N)cc1N1CC2(CC2)c2cc(N3C[C@@H](O)CC[C@H]3C)cnc21,-7.73,-5.256,-12.986
HIT_0597,C[C@H]1CC[C@H](c2cccn2C)N(c2ccc(F)c3c2CN(C(=O)c2cnc(C4CC4)[nH]2)CC3)CC1,-8.239,-4.746,-12.985000000000001
HIT_0598,Cc1cc(N(c2ccc3c(c2)CN[C@H](C)C3)c2ccc3c(c2)NCC3)c(C)cc1C#N,-7.42,-5.565,-12.985
HIT_0599,C[C@@H]1C[C@@H](O)CN(C(=O)c2cccc(-c3ccc(C#N)c(O)c3)c2F)C1,-6.976,-6.009,-12.985
HIT_0600,C[C@]1(C(=O)Nc2ncc(F)cc2-c2ccc3c(c2)C(=O)NC3)CCNC1,-7.737,-5.247,-12.984
HIT_0601,C[C@H]1C[C@H](c2cccnc2)N(c2ccc3c(c2)OC[C@@H](N2CCCN[C@@H](C)C2)C3)C1,-7.282,-5.702,-12.984
HIT_0602,CO[C@H]1CCN(c2cccc3c2CN(c2ccc(F)c4c2CNCC4)C3)[C@H]1C,-7.958,-5.025,-12.983
HIT_0603,C[C@@H]1NCC[C@@H]1C(=O)Nc1cc(F)ccc1N[C@H]1CCCc2cc(F)ccc21,-7.49,-5.493,-12.983
HIT_0604,Oc1ncc(N2CCOc3cc(N4CCc5c(F)ccc(F)c5C4)ccc32)cc1Cl,-7.713,-5.268,-12.981
HIT_0605,C=C(C)c1ccc2c(c1)CN(c1nccc(C)c1NC(=O)C[C@H]1CNc3ccccc31)C2,-7.078,-5.903,-12.981
HIT_0606,Cc1cc(F)ccc1-c1ccc2c(c1)[C@H](N1CC(C#N)(C#N)C1)CNC2,-7.445,-5.536,-12.981
HIT_0607,C[C@@H]1C[C@@H](N2Cc3cc(F)cnc3C2)CCN1c1cccc2c1C(=O)CCN2,-7.811,-5.17,-12.981
HIT_0608,C[C@H]1CN(c2ccc3c(c2)N(c2ccc4c(c2)NCC4)CC3)CCC[C@@H]1O,-7.619,-5.361,-12.98
HIT_0609,O=C(Nc1cccnc1O)N1CCc2cc(N3CCCC34CCCC4)ccc21,-7.396,-5.584,-12.98
HIT_0610,C[C@H](c1ccc2c(c1)CN(C(=O)Nc1cccnc1O)CC2)N1CCCC(=O)[C@@H](C)C1,-7.304,-5.674,-12.978000000000002
HIT_0611,O=C([C@H]1CCN1)N1CCOc2ccc(N3CCOc4ccc(F)cc4C3)cc21,-7.986,-4.992,-12.978
HIT_0612,Nc1ccc(C(=O)N2CCc3ccc(-c4cnc(Cl)c(F)c4)cc3C2)[nH]1,-7.316,-5.66,-12.975999999999999
HIT_0613,Cc1ccc2c(c1N1Cc3cccc(C#N)c3C1)CN(C(=O)c1nnnn1C)C2,-7.562,-5.413,-12.975000000000001
HIT_0614,O=C(c1ccc(N2CCCc3cc(O)ccc3C2)[nH]1)N1CC2(COC2)C1,-7.728,-5.247,-12.975
HIT_0615,CC[C@@H]1[C@H](C)CCN1c1ccc2c(c1)[C@@H](N1Cc3cnc(C)nc3C1)CCN2,-7.513,-5.461,-12.974
HIT_0616,Cc1nc(C(=O)N2CCc3ccc(N4CC[C@@]45CCOc4ccc(F)cc45)cc3C2)oc1C,-7.213,-5.761,-12.974
HIT_0617,Cc1c[nH]c(=O)c(N2CCCc3ccc(N4CCC[C@]5(C4)CC5(F)F)cc3C2)n1,-7.322,-5.652,-12.974
HIT_0618,C[C@H]([C@H]1CCCCN1c1ccc2c(c1)CNC2)N1CCCc2ccc(F)cc21,-7.302,-5.671,-12.972999999999999
HIT_0619,Cc1cc(C#N)c(O)c(N([C@@H]2CCCc3c(C#N)ccc(F)c32)[C@@H]2CCC[C@H]3NCCC[C@@H]23)c1,-7.296,-5.676,-12.972000000000001
HIT_0620,Cc1cccc2c1N(c1nc(C(=O)N3CCC(C)(C)CC3)c(N)nc1C)CCC2=O,-7.738,-5.234,-12.972000000000001
HIT_0621,Cc1ccc2c(c1)CC[C@@H]2N1CCc2cc(F)ccc21,-7.717,-5.255,-12.972
HIT_0622,C[C@@H]1CN(c2ccc3c(c2)C[C@@H](O)C3)CC[C@H]1N1CCc2ccc(F)cc21,-7.077,-5.894,-12.971
HIT_0623,N#Cc1cccc(Nc2ccc(F)c(F)c2Cl)c1CC(=O)N1CC[C@H]2CC[C@@H]1CC2,-7.274,-5.697,-12.971
HIT_0624,C[C@H]1CN(c2cnc3c(c2)CN(c2occc2C#N)C3)[C@@H](c2ccccc2)CN1,-7.32,-5.649,-12.969000000000001
HIT_0625,O=C(C=C1CCC1)N1CCCc2cc(Oc3ccc(F)c4c3CCNC4)ccc21,-7.073,-5.895,-12.968
HIT_0626,Cc1cc(O)ncc1N1CC[C@@]12CCOc1ccc(N3CCCC(=O)[C@@H]3C)cc12,-7.221,-5.747,-12.968
HIT_0627,C[C@@H]1c2ccc(F)cc2CCN1c1ccc2c(c1)CCNC2,-7.548,-5.419,-12.966999999999999
HIT_0628,Cc1cc(F)cc(O)c1N1CCc2ccc(F)c(N3C[C@H](C)C(F)(F)C3)c2C1,-7.802,-5.165,-12.966999999999999
HIT_0629,Cc1cc2c(c(N3C[C@H](N4CCN(C)c5cccc(F)c54)CC[C@@H]3C)c1)OC[C@H]2O,-7.346,-5.62,-12.966000000000001
HIT_0630,Fc1ccc2c(c1)C1(CCN(c3ccc4c(c3)CNC4)CC1)OCC2,-7.619,-5.347,-12.966000000000001
HIT_0631,Cc1cc(N2CCCc3c(O)cccc32)cc2c1OCN(C)C2,-7.229,-5.737,-12.966000000000001
HIT_0632,Cc1cc(N2CCCc3nc(N4CCCC45CCC5)ccc32)ncc1O,-7.674,-5.291,-12.965
HIT_0633,C[C@@H]1CN([C@H]2CNCc3ccc(N4CCc5ccc(Cl)cc54)cc32)C[C@@H]1C#N,-8.013,-4.952,-12.965
HIT_0634,CC1(C)CN([C@H]2CNc3ccc(N4CCc5c(F)ccc(Cl)c54)cc32)CCS1,-7.34,-5.623,-12.963000000000001
HIT_0635,C[C@H]1[C@@H](O)CCCN1c1cn(C)c(=O)cc1N1CCc2ccc(C#N)cc2C1,-7.404,-5.559,-12.963000000000001
HIT_0636,C[C@H]1CCN(c2cccc3c2CN(c2ccc4c(c2)NCC4)CC3)CCC1=O,-7.546,-5.416,-12.962
HIT_0637,O=C([C@H]1Cc2ccc(F)cc2CN1)N1CCCNc2ccccc2C1,-7.862,-5.1,-12.962
HIT_0638,Cc1cc(F)c(NC(=O)[C@@H]2CCCC[C@@]2(C)N)cc1N1CCc2c(F)ccc(C(=O)O)c2C1,-7.613,-5.349,-12.962
HIT_0639,N#C[C@@]1(F)CCN(c2ccc3c(c2)N([C@]2(C(=O)O)CCc4ncccc42)C(=O)CC3)C1,-8.33,-4.632,-12.962
HIT_0640,C[C@@H]1C[C@H](C)CN([C@H]2CNCc3ccc(N4CCc5ccc(O)cc5C4)cc32)C1,-7.346,-5.615,-12.961
HIT_0641,Cn1ccc(-c2ccc3c(c2)OC[C@@]3(C(=O)O)N2CCc3ccc(O)cc3C2)cc1=O,-6.952,-6.009,-12.961
HIT_0642,CC1(C)NCC[C@H]1N1CCc2cc(-c3ccc4c(c3)CC4)ccc2C1,-7.214,-5.744,-12.958
HIT_0643,C[C@@H]1[C@@H](N2CCCc3cc(F)cc(F)c32)CCCN1c1cccc2c1CC[C@H]2O,-6.811,-6.147,-12.958
HIT_0644,O=C1c2cccc(N3CCc4ccc(F)cc43)c2CCCN1C1(C(=O)O)CCCCCC1,-6.953,-6.005,-12.958
HIT_0645,C[C@H]1CCN(c2ccc3c(c2)N(c2ccc4c(c2)NCCO4)CC3)[C@H](C)C1,-7.574,-5.383,-12.957
HIT_0646,N#C[C@]1(F)CCN(c2ccc3c(c2)CN([C@H]2CCc4c(F)cccc4[C@@H]2O)CC3)C1,-7.56,-5.396,-12.956
HIT_0647,CC[C@@H]1[C@@H](C)CCN1c1cccc2c1CN(c1cccc3c1OCC3)C2,-8.171,-4.785,-12.956
HIT_0648,Cc1ccc(-c2cccc3c2CCN(C(=O)[C@@H]2CCC(C)(C)N2)C3)c(F)c1,-7.839,-5.116,-12.955
HIT_0649,CC[C@H]1NCC[C@@H]1C(=O)N1CCc2ccc(-c3ccc(C)c(C#N)c3)cc21,-7.144,-5.811,-12.955
HIT_0650,Cc1ccc(N2CC[C@@H](N3CCc4cc(C#N)c(F)cc43)C2)cc1N1CC(C#N)(C(F)F)C1,-7.529,-5.426,-12.955
HIT_0651,CC[C@@H]1C[C@@H](N2CCCc3ccc(-c4ccc5c(c4)CCC5)cc3C2)CCN1,-7.241,-5.713,-12.954
HIT_0652,N#Cc1cccc2c1CCC[C@@]2(C(=O)O)N1Cc2cc(N3CCC4(C3)OCCO4)ccc2C1=O,-6.991,-5.961,-12.952
HIT_0653,N#Cc1cc(N2CCOc3c(F)cc(N4CCCO[C@@H](CO)C4)cc32)cc(C#N)n1,-7.836,-5.116,-12.952
HIT_0654,CC1=C(C(=O)N2CCc3cc(F)c(C(=O)N4CCC[C@H]4c4cc(C)on4)cc3C2)C(=O)CN1,-7.479,-5.473,-12.952
HIT_0655,O=C([C@@H]1Cc2cc(F)ccc2CN1c1ccc2c(c1)CCN2)N1CCOCC12CCC2,-7.366,-5.584,-12.95
HIT_0656,Cc1coc(CN2Cc3ccc(-c4ccc(C)nc4C)cc3[C@@H](O)C2)c1,-7.77,-5.18,-12.95
HIT_0657,COc1cccc2c1C[C@H](N(C(Cl)=CCN1CCC[C@@H]3COC[C@@H]31)c1ccc3c(n1)CCC[C@@H]3O)CO2,-7.675,-5.273,-12.948
HIT_0658,C[C@@]1(F)CCN(c2cc(F)cc(Cc3nc4ccc(Cl)nc4s3)c2)C[C@@H]1F,-7.161,-5.787,-12.948
HIT_0659,N#Cc1ccc(N2CCO[C@H](CN3CCC[C@@H](O)c4cc(F)ccc43)C2)cc1F,-7.666,-5.282,-12.948
HIT_0660,O=C([C@H]1[C@@H](O)CCN1c1cccc2c1[C@@H](O)CC2)N1CCc2ccncc21,-7.993,-4.955,-12.948
HIT_0661,Cc1cc(O)cnc1Sc1cc(-c2ccc3c(c2)CN(C)C3=O)c(C)nc1O,-7.058,-5.889,-12.947
HIT_0662,Cc1ccc(C2=NC(=Cc3cncc(N4CCCc5ccc(Cl)nc54)n3)C(=O)O2)c(Cl)c1,-7.831,-5.115,-12.946000000000002
HIT_0663,Cc1cc(N2c3cccc(O)c3CC[C@@H]2C)cc2c1CN(C(=O)C1CNC1)CC2,-7.276,-5.67,-12.946
HIT_0664,C[C@@H]1c2c(F)cccc2CCN1C(=O)[C@H]1CN(c2ccc(F)c(O)c2)[C@H]1C,-7.597,-5.348,-12.945
HIT_0665,COc1cccc2c1CN(c1ccc3c(c1)C(F)(F)C(=O)N3)C2,-7.663,-5.282,-12.945
HIT_0666,FC(F)(F)[C@H]1C[C@@H]1Nc1cccc2c1CN(c1c[nH]c3nccc-3c1)CC2,-7.37,-5.575,-12.945
HIT_0667,C[C@@H]1C[C@H](Nc2ccc(C(=O)N3CCc4ccc(F)cc4C3)o2)[C@H](C)C1=O,-7.633,-5.311,-12.943999999999999
HIT_0668,C[C@]1(C(=O)N2C[C@H](N3CCc4c(Cl)cccc4C3)c3ccccc32)CCN1,-7.527,-5.417,-12.943999999999999
HIT_0669,N#Cc1cc(N)c(C(=O)N2CCc3ccc(F)c(F)c32)cc1N1CCCNCC(=O)C1,-7.482,-5.462,-12.943999999999999
HIT_0670,C[C@@H]1CN(c2cccc3c2CN(c2cc(C#N)ccc2F)CC3)CC[C@H]1O,-8.14,-4.802,-12.942
HIT_0671,C[C@@H]1CCN(c2ccc(O)c(F)c2)CC[C@H]1N1CCc2c(F)cccc2C1,-7.662,-5.28,-12.942
HIT_0672,Cc1cccc(C(=O)N2CCCN(c3cccc(F)c3)CCNCCCNCC2)c1,-7.216,-5.726,-12.942
HIT_0673,C[C@]1(C#N)CCN(c2cc3c(cn2)N(c2ccc4c(c2)CCCNC4)CCO3)C1,-7.865,-5.077,-12.942
HIT_0674,C[C@@H]1[C@@H](C(=O)O)CCN1[C@@H]1CCc2cc(-c3ccc(F)cc3)ccc21,-7.377,-5.563,-12.94
HIT_0675,Cc1cc(O)cnc1C(=O)N1CC(C(=O)N2CCc3ccc(F)cc3C2)C1,-7.56,-5.378,-12.937999999999999
HIT_0676,O=C([C@H](Nc1cccc2c1CCNC2)[C@]12C[C@](F)(C1)C2)N1CCc2cccc(Cl)c2C1,-6.92,-6.018,-12.937999999999999
HIT_0677,C[C@@H]1C[C@@H](Nc2cccnc2N2C[C@H](C)NC[C@@H]2C)c2ccccc21,-7.542,-5.396,-12.937999999999999
HIT_0678,Cc1cc2c(c(N3CCc4nc(Cl)c(C#N)cc4C3)c1)CCNC2=O,-7.762,-5.176,-12.937999999999999
HIT_0679,Cc1ncc(C(=O)N2CC[C@@]3(CCN(c4ccc(F)c5c4OCCC5=O)C3)C2)cc1N,-7.706,-5.23,-12.936
HIT_0680,Cc1cccc2c1[C@H](N1CCCc3c(O)cccc31)CC2,-7.233,-5.703,-12.936
HIT_0681,Cc1nnc2c(n1)CN(c1ccc3c(c1)OCCN3C(=O)[C@H]1C[C@@H](C)C1)CC2,-7.848,-5.088,-12.936
HIT_0682,C[C@@H]1C[C@@H](C)CN(c2cc3c(cn2)N(c2cc4c(cn2)CCN4)CCO3)C1,-7.896,-5.038,-12.934000000000001
HIT_0683,C[C@]1(C(=O)N2CCC(=O)c3ccc(F)cc32)CCCN(c2cc(CN)c3c(c2)COCO3)C1,-7.757,-5.175,-12.931999999999999
HIT_0684,Cc1cccc(N2CC[C@@](C)(C#N)C2)c1N[C@@H]1CCc2cc(C#N)ccc21,-7.971,-4.959,-12.93
HIT_0685,Cc1nc(N2CCc3ccccc3[C@@H]2C(=O)N2CCC(C)(C)CC2)ccc1F,-7.674,-5.256,-12.93
HIT_0686,C[C@@H]1OCCN(c2ccc3c(c2)CCCN(c2cc(F)c4c(c2)CNCC4)C3)[C@H]1C,-6.936,-5.993,-12.929
HIT_0687,CCOc1cccc2c1OCCN(c1ccc3c(c1)C[C@@H](NC(=O)[C@H]1CCCO1)CC3)C2,-7.566,-5.363,-12.929
HIT_0688,Cc1ncc2c(n1)[C@]1(CCCN(c3cccc4c3CC[C@@H]4O)C1)CC2,-7.729,-5.2,-12.929
HIT_0689,C[C@H]1CC(=O)CCN1C(=O)N1C[C@H](c2nc(-c3cccc4c3CNC4)no2)C(C)(C)C1,-7.27,-5.659,-12.928999999999998
HIT_0690,C[C@H]1NCCC[C@@H]1N1CC[C@@H](c2cccc(N3CCCc4ccccc4C3)c2)C1,-7.379,-5.55,-12.928999999999998
HIT_0691,Cc1cccc2c1N(c1ccc3c(c1)C[C@@H](C)N(C(=O)[C@]1(C)CCCN1)C3)CCNC2,-8.062,-4.865,-12.927
HIT_0692,CC1(C)C[C@H](C(=O)N2CCc3ccc(F)cc32)N(c2ccc3c(c2)CNCCC3)C1,-7.233,-5.694,-12.927
HIT_0693,C[C@@H]1[C@@H](C(=O)O)CCN1c1ccc(F)c2c1CN(c1ncc(F)cc1CN)CC2,-7.723,-5.203,-12.926
HIT_0694,Fc1cc(Oc2cccc3c2CCN3)ccc1N1CCC2(CCCC2)CC1,-7.177,-5.748,-12.925
HIT_0695,Nc1ccc2c(c1)[C@@H](N1CCC(F)(F)CC1)c1ccccc1-2,-7.792,-5.133,-12.925
HIT_0696,C[C@@H]1CSC2=C(CN(c3c(N)cccc3F)CC2)[C@@H]1N1CCCc2cccc(F)c2C1,-7.663,-5.262,-12.925
HIT_0697,Cc1cccc(N2CCOc3ccc(N4CCN(C)[C@@H]5CCCC[C@H]54)cc32)n1,-7.62,-5.304,-12.924
HIT_0698,O=C([C@@H]1CSCCN1)N1CCCc2ccc(-c3ccc(F)cc3)nc21,-7.93,-4.994,-12.924
HIT_0699,Cc1cncc(-c2ccc3c(c2)C[C@H](NC(=O)[C@@H]2CNCC[C@H]2C)C3)c1,-6.916,-6.007,-12.923
HIT_0700,CC[C@H]1CCN(c2ccc(C)c(C#N)c2)[C@H]1C(=O)N1CCCc2cc(F)ccc2C1,-7.301,-5.622,-12.923
HIT_0701,Cc1cc(-c2cc(F)c(F)cc2C(=O)N2CC[C@@H](N3CCC(O)CC3)[C@H]2C)n[nH]1,-7.977,-4.946,-12.923
HIT_0702,O=C(c1cc(F)ccc1F)N1CCCc2ccc(Oc3ccccc3O)nc21,-7.149,-5.773,-12.922
HIT_0703,Cn1cc(C(=O)Nc2ccc3c(c2)CCN([C@H]2CCc4ccc(F)cc4C2)CC3)c(=O)n(C)c1=O,-6.517,-6.405,-12.922
HIT_0704,N#Cc1cccc2c1CN(c1cc(F)c3c(c1)CCNC3)CC2,-7.392,-5.529,-12.921
HIT_0705,C[C@H]1[C@H](C)CCC[C@H]1Oc1cc(F)cnc1-c1noc(-c2cccc3c2CNCC3)n1,-7.335,-5.586,-12.921
HIT_0706,Cc1cccc(N2CCc3c(F)ccc(N4CC5(CC(F)C5)C4)c3C2)n1,-7.081,-5.84,-12.921
HIT_0707,Cc1ccc2c(c1)N(c1ccc(C#N)c(N3CCN[C@@H](C)C3)c1)C[C@H](C)O2,-7.746,-5.173,-12.919
HIT_0708,C[C@H]1COc2cc(F)ccc2N1[C@H]1CCCCN(c2cccc3c2CC[C@H]3O)C1,-8.834,-4.084,-12.918
HIT_0709,Cc1[nH]c(C#N)cc1N1c2ccccc2[C@@]2(C)CCN(c3cc4c([nH]3)CCNC4)[C@]12C,-7.939,-4.979,-12.918
HIT_0710,C[C@@H]1C[C@H](N2CCCN(c3ccncc3C#N)CCCNCCNCC2)c2ccccc21,-7.643,-5.275,-12.918
HIT_0711,C[C@@H]1CCNCC[C@H]1N1CCCCc2ccc(-c3ccc(C#N)c(F)c3F)nc21,-7.368,-5.549,-12.917000000000002
HIT_0712,CNC(=O)Cc1cccc(N2CCC3(CC2)CC(C(=O)O)(N2CCCc4ccc(F)c(F)c42)C3)c1,-7.351,-5.566,-12.917
HIT_0713,O=C([C@@H]1CCCN(c2ccc3c(c2)CCO3)C1)N1CCc2c(F)cccc2C1,-7.398,-5.519,-12.917
HIT_0714,O=C([C@@H](O)c1ccc(F)c(F)c1)N1CCCc2cc(F)cc(F)c21,-7.862,-5.055,-12.917
HIT_0715,Cc1ccc(NC(=O)c2cc(F)cc3c2NCCC3)c(Sc2ccc3c(n2)CC(=O)N3)n1,-7.862,-5.055,-12.917
HIT_0716,c1cc2c(cc1N1CCCc3cc(N4CC[C@@]5(CCOC5)C4)ccc3C1)OCCN2,-7.225,-5.692,-12.917
HIT_0717,Cc1cc(C#N)cc(-c2cccc3c2CCN3[C@@H]2CCCC(=O)[C@H]2C)c1,-7.543,-5.373,-12.916
HIT_0718,CC(=O)C1CCN(C(=O)c2c(O)cncc2N2CCc3ccccc3CC2)CC1,-7.624,-5.292,-12.916
HIT_0719,C[C@@H]1CC[C@@H](N2CCCc3c(O)cccc32)CN1c1cccc2c1OCC[C@@H]2O,-7.249,-5.666,-12.915
HIT_0720,C[C@H]1CN(C(=O)[C@@H]2CN(c3ccc(F)c4c3CCNC4)[C@H]2C)c2cccc(F)c2O1,-7.964,-4.951,-12.915
HIT_0721,O=C1CCN(c2cccc(F)c2O)[C@@H](C(=O)N2CCc3c(F)ccc(Cl)c32)C1,-7.834,-5.081,-12.915
HIT_0722,C[C@@H](c1ccc2c(c1)N(C(=O)c1ccc[nH]1)CC2)N1CCn2cccc2[C@]12CCOC2,-7.565,-5.348,-12.913
HIT_0723,O=C(c1ccc2c(c1)NCCN2)N1CCc2ccc(N3CCC[C@]34CCOC4)cc21,-7.823,-5.09,-12.913
HIT_0724,Cc1ccc(C#N)cc1-c1cc(C)c2c(c1)CCN(C(=O)[C@@H]1CNC[C@@H]1C)C2,-6.656,-6.256,-12.911999999999999
HIT_0725,C[C@H]1C(F)(F)C12CCN(c1ccc3c(c1)[C@H](O)CC3)CC2,-7.603,-5.309,-12.911999999999999
HIT_0726,Cc1cccc2c1CN(C(=O)[C@@H]1NCCc3cc(N4CCN(C)C(C)(C)CC4)ccc31)CC2,-7.825,-5.086,-12.911000000000001
HIT_0727,C[C@H]1CC[C@@H](N2CCCc3c(Cl)cccc3C2)CN1c1ccc(=O)n(C)c1,-7.392,-5.517,-12.909
HIT_0728,Cc1c(N2CCc3ccc(N4CCN(C)[C@H](C#N)C4)cc3C2)ccnc1O,-7.851,-5.058,-12.908999999999999
HIT_0729,C[C@](O)(C(=O)N1CCc2cc(N3C[C@@H]4CCC[C@@H]4[C@@H]3C(=O)O)ccc21)c1ccc(Cl)cc1,-7.634,-5.274,-12.908000000000001
HIT_0730,Cn1ncc(F)c1N1CCNC(=O)c2cc(N3CCC[C@]4(C)CCC[C@@H]34)ccc21,-8.065,-4.843,-12.908
HIT_0731,Cc1ccc2c(c1)[C@H](N1CCCc3ccc(O)cc3C1)C2,-7.388,-5.52,-12.908
HIT_0732,C[C@@H]1CCN(c2cccc3c2CCN(c2cccc4c2C(=O)COC4)C3)CC[C@@]1(C)O,-7.64,-5.266,-12.905999999999999
HIT_0733,Cc1c(N2CCCN(c3ccc4c(c3F)CC(=O)N4)CCCNCC2)ccnc1C(=O)O,-7.347,-5.558,-12.905000000000001
HIT_0734,CC1(C(=O)N2CCc3ncccc3C2)CCN(c2ccc(F)c3c2NCC3)CC1,-8.102,-4.803,-12.905000000000001
HIT_0735,N#Cc1ccc2c(c1)CN(c1ccc3c(n1)N(c1cc4c(cc1F)OCCO4)CCC3)CC2,-7.066,-5.839,-12.905000000000001
HIT_0736,N#Cc1nccnc1C(=O)N1CCCc2c(cccc2N2C[C@H]3CCCCC[C@@H]32)C1,-6.925,-5.979,-12.904
HIT_0737,C[C@H]1CCc2ccccc2N1C(=O)[C@H]1C[C@@H](N2Cc3cnn(C)c3C2)CCN1,-7.311,-5.592,-12.902999999999999
HIT_0738,C[C@@H]1CCN(c2cnc3c(c2)N([C@H]2Cc4cccc(F)c42)CC3)CC[C@H]1O,-7.747,-5.155,-12.902000000000001
HIT_0739,CN(c1ccc2c(c1)CCC2)c1ccc2c(c1)OC[C@@H]2N,-6.971,-5.93,-12.901
HIT_0740,Oc1c(F)cccc1N1Cc2ccc(N3CC[C@H](O)CC34CCC4)cc2C1,-7.236,-5.665,-12.901
HIT_0741,C[C@@H]1CCN[C@H]1C(=O)N1CCCc2c(cccc2-c2ccc(C#N)cc2)C1,-7.19,-5.711,-12.901
HIT_0742,CC1(C(=O)N2CCCc3c(N4CCc5ccc(F)cc5C4)cncc32)CNC1,-6.608,-6.293,-12.901
HIT_0743,Cc1ccc(N2C[C@@H](C)C[C@H](C)[C@@H]2C)nc1NC1CCc2ccc(C)c(O)c21,-7.322,-5.578,-12.9
HIT_0744,C[C@@H]1CCCN([C@H]2CNCc3ccc(N4CCc5cccc(F)c54)cc32)[C@H]1C,-7.599,-5.301,-12.9
HIT_0745,Cc1cccc(C(=O)N2CCc3c(F)ccc(N4CC[C@](C)(O)[C@@H](C)C4)c3C2)c1O,-7.104,-5.795,-12.899000000000001
HIT_0746,C[C@H]1CNCc2cc(N3CCc4ccc(N5[C@@H](C)CCC[C@@H]5C)cc43)ccc2O1,-7.462,-5.437,-12.899000000000001
HIT_0747,C[C@@H]1OCCN(c2n[nH]c3ccccc23)[C@H]1C(=O)N1CCCOc2ccccc21,-8.165,-4.733,-12.898
HIT_0748,Cn1cc(N2Cc3ccc(-c4ccnc(Cl)c4)cc3C2)ccc1=O,-7.565,-5.333,-12.898
HIT_0749,C[C@@H]1C[C@@H](C(=O)N2CCCCC(=O)C2)CCN1c1ccc2c(c1)CNCCC2,-7.288,-5.609,-12.897
HIT_0750,Fc1cccc2c1CCN(c1ccc3c(c1)N([C@@H]1CCCNCC1)CCO3)C2,-7.943,-4.952,-12.895
HIT_0751,CC1(C)C[C@H](C(=O)N2Cc3cc(F)cnc3C2)CN1c1ccc2c(c1)NCC2,-7.971,-4.924,-12.895
HIT_0752,Cc1ncc(C(F)(F)F)cc1-c1cc(F)c(C(=O)N2CCN(C)[C@@H]3CCC[C@H]32)cc1F,-7.375,-5.52,-12.895
HIT_0753,Cc1cccc(N2CCC3(CC2)CC(N2CCOc4ccc(F)cc4C2)C3)c1O,-7.351,-5.544,-12.895
HIT_0754,C[C@@]1(C(=O)N2CCc3cc(C#N)ccc32)CCCN1c1cccc(C#N)c1,-7.425,-5.47,-12.895
HIT_0755,O=C(c1cncc(N2CC[C@@H]2C(=O)N2CCCCc3ccccc32)n1)N1CCCOCC1,-8.085,-4.809,-12.894000000000002
HIT_0756,Cc1cc(F)cc2c1N(c1ccc3c(n1)N(C(=O)[C@H]1CCNC1)CCC3)CC2,-8.032,-4.862,-12.894
HIT_0757,C[C@@H]1CCCCN(c2cncc3c2CCN3[C@H]2CCc3ccc(F)cc32)C1,-7.253,-5.64,-12.893
HIT_0758,O=C(c1ccc2c(c1)NCCC2)N1CCCc2ncccc2C1,-7.476,-5.416,-12.892
HIT_0759,COc1cc(O)c(F)cc1N1CCc2ccc(COc3cncc4c3CCC[C@@H]4O)cc2C1,-8.124,-4.768,-12.892
HIT_0760,Cc1cccc2c1C[C@H]2N1CCN[C@@H](C)CCNCCN[C@@H](C)CC1,-7.186,-5.706,-12.892
HIT_0761,O[C@H]1CCc2c1cccc2N1CCCN([C@H]2CCNc3cccc(F)c32)c2ncccc21,-7.855,-5.035,-12.89
HIT_0762,O[C@H]1COc2ccccc2[C@H]1Nc1cccc(N2CC[C@@H]3CCC[C@H]3C2)n1,-7.712,-5.178,-12.89
HIT_0763,O=C(N[C@H]1CCc2c(F)cccc21)C1=CNc2ccccc2C1,-6.773,-6.117,-12.89
HIT_0764,C[C@H]1C[C@@H](C(=O)N2CCc3ccc(C(N)=O)cc32)N(c2nc[nH]c3ncnc2-3)C1,-7.894,-4.996,-12.89
HIT_0765,C[C@H]1CN([C@H]2CNCCCN(c3cccc4c3C(=O)CC4)C2)c2cccc(F)c2O1,-6.674,-6.215,-12.889
HIT_0766,Cc1ccc(N2CCOC[C@@H](C(=O)N3CCCc4cc(F)cc(F)c43)C2)c(O)n1,-7.375,-5.513,-12.888
HIT_0767,Cc1cnc(F)c(-c2ccc3c(c2)N(C(=O)[C@H]2CC[C@@H](C)NC2)CC3)c1,-7.45,-5.438,-12.888
HIT_0768,Cc1cc(C)cc(C(=O)N2CC[C@](C)(O)[C@@H](N[C@H]3CCc4cccc(Cl)c43)C2)c1,-7.294,-5.593,-12.887
HIT_0769,CC1=C(N2CCCc3cc(F)ccc3C2)CN(C(=O)[C@@]2(O)CCNC2)CC1,-7.498,-5.387,-12.885
HIT_0770,Cc1cc(C(=O)N2CCC23CCCCC3)cc(N2CC[C@](C)(O)[C@H](C)C2)c1,-7.143,-5.741,-12.884
HIT_0771,C[C@H](NC(=O)N1Cc2cc(O)ccc2C[C@H]1C(=O)Nc1cc(F)c2ocnc2c1)c1ccnnc1,-7.115,-5.768,-12.883
HIT_0772,C[C@H]1[C@H](C(=O)Nc2c(C#N)cccc2C(F)(F)F)CCN1C(=O)C=C1CCC1,-7.121,-5.762,-12.883
HIT_0773,C[C@@H]1[C@H](O)CCN(c2ccc3c(c2)[C@H](N[C@@H]2COc4c(F)cccc42)COC3)[C@H]1C,-7.655,-5.227,-12.882000000000001
HIT_0774,C[C@H]1c2ccc(F)cc2CCN1C(=O)[C@@H]1Cc2ccccc2N1,-7.421,-5.46,-12.881
HIT_0775,C[C@H]1C[C@@H](N2CC3(CC3)c3c(F)cccc32)CCN1c1cccc2c1C(=O)CCN2,-7.132,-5.748,-12.879999999999999
HIT_0776,C[C@]1(N2CCNc3ccc(C(=O)N4CCc5ccc(F)c(F)c54)cc32)CCCC(=O)C1,-7.527,-5.353,-12.879999999999999
HIT_0777,C[C@@H]1[C@H](C)CN(c2ccc3c(n2)N(c2cnc4c(c2)CCC4)CCC3)[C@@H]1C,-8.094,-4.785,-12.879
HIT_0778,C[C@H]1CCc2c(sc3c2C(=O)N(C)[C@]2(CCN(c4ccc5c(c4)NCC5)[C@@H](C)C2)N3)C1,-6.928,-5.951,-12.879
HIT_0779,Oc1cc(N2CCc3ccc(N4CC5(CC(F)C5)C4)cc3C2)ccc1F,-6.983,-5.895,-12.878
HIT_0780,Cc1cc([C@@H]2CCCN([C@H]3CCN[C@@H](C(=O)N4CCC[S@](=O)c5ccccc54)C3)C2)on1,-7.529,-5.349,-12.878
HIT_0781,Cc1cncc(NC(=O)[C@H]2C[C@@H](C)CO2)c1C(=O)N1Cc2cccc(C#N)c2C(C)(C)C1,-7.924,-4.953,-12.877
HIT_0782,O=C(c1cnoc1)N1CCc2ncc(N3CCCc4ccc(F)cc4C3)cc2C1,-7.372,-5.505,-12.876999999999999
HIT_0783,N#Cc1cncc(CN(c2ccc3c(c2)CC[C@H]3N)c2cccc(F)c2O)c1,-7.436,-5.44,-12.876000000000001
HIT_0784,Cc1c(N2CCCCC(=O)C2)ccc2c1CN(C(=O)c1ccncc1)CC2,-7.39,-5.486,-12.876
HIT_0785,O=C1CC(=O)CN([C@@H]2CCCc3[nH]c(N4CCc5c(F)cccc5C4)cc32)C1,-7.708,-5.166,-12.874
HIT_0786,Cc1ccc(-c2cc3nc([C@H]4C[C@H](C)N4[C@H]4CCCc5c4ccc(O)c5C)oc3nn2)cc1,-7.037,-5.837,-12.873999999999999
HIT_0787,F[C@]1(c2cccc(N3Cc4ccccc4C3)c2)CCNC1,-7.535,-5.338,-12.873000000000001
HIT_0788,C[C@@H]1CN(c2ccc3c(c2)CN(C(=O)c2cc(Cl)cnc2N)CCC3)C[C@@H](C)O1,-8.063,-4.81,-12.873000000000001
HIT_0789,Cc1ccncc1-c1ccc2c(c1)N([C@@H]1CCN[C@H](C(C)(C)C)C1)CC2,-7.506,-5.363,-12.869
HIT_0790,Cc1cc(-c2noc([C@H]3C[C@H](C(=O)O)[C@H](C)N3c3ccc4c(c3)CC[C@@H]4O)n2)ccc1N1CC(N(C)C)C1,-7.705,-5.164,-12.869
HIT_0791,C[C@H]1C[C@H](C(=O)N2CCc3ccc(F)c(F)c32)N(c2ccc3c(c2)CCN3)C1,-7.466,-5.403,-12.869
HIT_0792,O=C1CCCc2c(N3CCc4c(F)ccc(F)c4C3)ccnc21,-7.577,-5.291,-12.868
HIT_0793,Cc1ccc(Oc2ccc(N3CCC4(CCO4)CC3)nc2)cc1N1CCCC2(COC2)C1,-7.353,-5.515,-12.867999999999999
HIT_0794,c1cc(-c2ccc3c(c2)CCNC3)cc(N2CC[C@@]23CCCOC3)n1,-7.296,-5.571,-12.867
HIT_0795,Cc1cc(Oc2ccc3c(c2)CCN(c2c(C#N)c(C)nn2C)[C@H]3C)nnc1O,-7.637,-5.229,-12.866
HIT_0796,Cc1cc(N2CCCc3ccc(N4CC[C@@](F)(C#N)C4)cc3C2)cnc1O,-7.664,-5.2,-12.864
HIT_0797,C[C@@H]1[C@@H](C(=O)N2C[C@H](O)C[C@@H]2c2ccc(F)c(F)c2)CCN1c1ccc(C#N)o1,-8.003,-4.861,-12.864
HIT_0798,C[C@@H]1CN(C(=O)[C@H]2C(=Cc3ccc(O)c(C#N)c3)C(=O)C2(C)C)C[C@@H]1N1CCOCC1,-7.612,-5.252,-12.864
HIT_0799,O=C(c1cc2c(nc1O)CCNC2)N1CCc2cc(F)c(F)cc2C1,-7.46,-5.404,-12.864
HIT_0800,Cc1ccc(F)cc1NC(=O)C1(O)CN(c2ccc3c(c2)CN(C(=O)c2ccc(F)s2)CCC3)C1,-7.645,-5.218,-12.863
HIT_0801,CNC(=O)c1ccc(F)c(-c2ccc3c(c2)CN(C(=O)c2nccc(C)n2)[C@@H](C)C3)c1,-6.697,-6.166,-12.863
HIT_0802,Fc1ccc2c(c1)CN(c1cc(F)c3c(c1)CCNC3)CCC2,-7.281,-5.582,-12.863
HIT_0803,Cc1cc(N2CC[C@@]3(C2)CC3(F)F)cnc1[C@@H](C)N1Cc2c(F)cccc2C(C)(C)C1,-6.657,-6.205,-12.862
HIT_0804,C[C@@H]1CCc2c(F)cccc2[C@@H]1Nc1cnc2c(c1)OCCN2,-7.446,-5.416,-12.862
HIT_0805,Cc1cc(F)ccc1-c1cc(N)c(F)c(C(=O)N2CC3(CCCC3)C2)c1,-7.454,-5.408,-12.862
HIT_0806,Cc1ccc2c(c1)N(c1ccc3ncoc3c1)CCC2,-7.508,-5.354,-12.862
HIT_0807,Oc1cccc(N2CCC[C@]23CCN(c2ccc(O)cc2F)C3)c1,-7.33,-5.531,-12.861
HIT_0808,C[C@@H]1[C@@H](C(=O)O)CCCN1c1ccc([C@H]2CCN2c2cc3c(cc2F)CCN3)cc1,-7.458,-5.401,-12.859
HIT_0809,O=C(c1cc2n(n1)CCC2)N1CCc2c(F)ccc(C(=O)N3CC4(CCCCC4)C3)c2C1,-7.239,-5.62,-12.859
HIT_0810,O=C(Nc1ccc(F)cc1-c1ccnc(O)c1)[C@H]1CC[C@@]2(CCNC2)CC1,-7.821,-5.037,-12.858
HIT_0811,Fc1cccc2c1CCN(C1CCC3(CC1)CCN(c1cccc4c1CCN4)CC3)C2,-7.066,-5.791,-12.857
HIT_0812,C[C@H]1CCCN(c2ccc3c(c2)N(c2cnn(C)c2N)CC3)CC1,-7.81,-5.046,-12.856
HIT_0813,COc1ccc(F)c2c1CCN(C(=O)[C@H]1CN(c3ccc4c(c3)C(=O)COC4)CC13CCCC3)C2,-7.237,-5.618,-12.855
HIT_0814,O=C(c1ccc2c(c1)CCCN2c1cncnc1O)N1CCCCC12CCC2,-8.02,-4.835,-12.855
HIT_0815,C[C@@H]1c2ccc(F)cc2CCN1c1ccc(F)c2c1CC(=O)C2,-7.646,-5.209,-12.855
HIT_0816,Cc1ccc2c(c1F)CN(C(=O)c1ccc3c(n1)CCNC3)CC2,-7.666,-5.188,-12.854
HIT_0817,Cc1c(N)cccc1N1CCCC[C@@H](N2CCSc3cc(F)ccc3C2)C1,-7.665,-5.188,-12.853
HIT_0818,Cc1cc(-c2ccc3c(c2)CN(C(=O)[C@H]2CN[C@H]2C)CCC3)cnc1C,-7.1,-5.753,-12.853
HIT_0819,C[C@]1(O)CCN(Cc2ccc(F)cc2N2Cc3ccc(F)cc3C2)C1,-7.777,-5.075,-12.852
HIT_0820,c1cnc2c(c1)CN(c1cnc3c(c1)N(c1ccc4c(c1)NCC4)CCO3)CC2,-7.185,-5.667,-12.852
HIT_0821,O=C(Cc1ccc(O)cc1N1CCC2(CC1)COc1ncccc12)N1CCn2c(Br)cnc2C1,-8.019,-4.833,-12.852
HIT_0822,Cc1nc[nH]c1C(=O)N(C1CC2(CCCC2)C1)[C@@H]1CCCc2cc(O)ccc21,-7.717,-5.135,-12.852
HIT_0823,C[C@H]1CCCN[C@H]1c1nc2ccc(-c3ccc4c(c3)CC4)cc2o1,-7.413,-5.437,-12.850000000000001
HIT_0824,O=C1c2cncc(N3CCC[C@@]34CCO4)c2CCN1[C@]1(C(=O)O)COc2ccc(F)cc2C1,-7.114,-5.736,-12.85
HIT_0825,C[C@@H]1N(c2ccc3c(c2)C[C@@H](O)[C@H]3Nc2ccc(C#N)c(F)c2)CCC1(C)C,-6.734,-6.115,-12.849
HIT_0826,Cc1cnc(O)cc1N1CCc2ccc(N3C[C@H]4CCN(C)[C@@H]4C3)cc21,-8.013,-4.835,-12.847999999999999
HIT_0827,O=C([C@H]1c2ccc(O)nc2CCN1[C@@H]1CCc2cccc(F)c21)N1CCCNCCC1,-7.591,-5.257,-12.847999999999999
HIT_0828,Cc1ncc(N2CC(=O)c3ccccc32)cc1NC(=O)N1CCN2C=CN[C@@H]2C1,-7.362,-5.485,-12.847000000000001
HIT_0829,Fc1cc2c(cc1Br)OCCN2[C@@H]1CCCCN(c2cccc3c2COC3)C1,-7.334,-5.513,-12.847
HIT_0830,O=C1OCc2ccc(N3CCNCCNCc4cccc(n4)C3)cc21,-7.602,-5.244,-12.846
HIT_0831,C[C@H]1C[C@@H](Nc2c(F)ccc(F)c2O)CN(c2cccc(F)c2O)C1,-7.639,-5.206,-12.845
HIT_0832,Cc1cc(C)c2c(n1)N(C(=O)[C@H]1CCN(c3ccc4c(c3)OCO4)[C@H]1C)CCC2=O,-7.482,-5.361,-12.843
HIT_0833,Cc1ccnc(N2CCc3ccc(N4CCC[C@@H](C)[C@H]4C)cc32)c1,-7.752,-5.091,-12.843
HIT_0834,CC[C@H]1[C@H](C)CCN1c1cc(C)cc(-c2ccc3c(c2)CCN3)c1,-6.883,-5.96,-12.843
HIT_0835,Cc1cc(F)cc2nc([C@H]3[C@H](C)OCCN3c3ccccc3O)oc12,-7.333,-5.51,-12.843
HIT_0836,Cc1ccc2c(c1)CN(c1c(F)cc(C)cc1NC(=O)[C@H]1CCN1)C2,-8.03,-4.812,-12.841999999999999
HIT_0837,C[C@@H]1[C@@H](C)NCCN1C(=O)Cc1ccc(-c2cccc3c2CCCNC3)c(F)c1,-7.558,-5.284,-12.841999999999999
HIT_0838,Cc1cc(C#N)cc(N[C@@]2(C(=O)N3CCCc4ccc(F)cc4C3)CC23CCC3)c1,-8.033,-4.809,-12.841999999999999
HIT_0839,Cc1ccc(Oc2ccc3c(c2)C(=O)CNC3)c(N2CCc3c(O)noc3C2)c1,-7.588,-5.253,-12.841000000000001
HIT_0840,CC1(C)C[C@H](C(=O)N2CCc3ccccc3CC2)CCN1c1ccc2c(c1)CCNC2,-7.304,-5.536,-12.84
HIT_0841,C[C@@H]1CC[C@@H](C(=O)Nc2cc(-c3cc(F)c(O)c(F)c3)cnc2F)[C@@H](C)N1,-6.769,-6.071,-12.84
HIT_0842,O=C1Nc2cc(N3CCCNC[C@@H](N4CCCc5c(F)cc(F)cc54)C3)ccc2[C@H]1F,-6.792,-6.048,-12.84
HIT_0843,C[C@@H]1CCCC[C@H]1N(C)[C@H]1COc2cccc(N[C@H](C)c3ncccc3F)c2C1,-7.441,-5.398,-12.838999999999999
HIT_0844,Cc1ccc2c(c1)[C@@H](N(C(=O)c1cc(Br)n(C)n1)c1ccc3c(c1)C(=O)N(C)C3)CCC2,-7.263,-5.576,-12.838999999999999
HIT_0845,C[C@]1(Oc2cc(F)cc3c2CCN(C(=O)c2ccc(C#N)c(F)c2)C3)CC[C@H](N)C1,-7.132,-5.707,-12.838999999999999
HIT_0846,Cc1ccc(CC(=O)N2CC[C@@H](N3CCCN[C@H](C)C3)c3ccc(C)nc32)c(F)c1,-7.512,-5.326,-12.838
HIT_0847,FC(F)(F)c1ccc2c(n1)CCCN2c1cccc2c1CCCNC2,-7.723,-5.114,-12.837
HIT_0848,CCNC(=O)N1CCc2ccc(N3CCc4cccc(C)c4C3)cc21,-7.045,-5.792,-12.837
HIT_0849,N#Cc1ccc(F)c(O)c1O[C@H]1CCO[C@]2(CCN(c3ccc4c(c3)C(=O)COC4)C2)C1,-7.265,-5.572,-12.837
HIT_0850,Cc1nc(Nc2ccc3c(c2)CCNC3)c(N2CCC(=O)[C@H]3CCC[C@H]32)nc1C,-7.108,-5.729,-12.837
HIT_0851,C[C@@]1(C#N)CCN(C2=C[C@H](N3CCc4ccc(C#N)cc43)CCC2)C1,-7.244,-5.592,-12.835999999999999
HIT_0852,Cc1ccnc(-c2ccnc(C(C)C)c2)c1CN1CCOc2cc(F)ccc2C1,-7.51,-5.326,-12.835999999999999
HIT_0853,C[C@H](C1=Cc2cc(F)cc(F)c2OC1)N1CCc2ncc(N3CC[C@@H]4CCCC[C@@H]4C3)cc21,-7.343,-5.492,-12.835
HIT_0854,Cc1cc(CO)cc(N2CC[C@H](N3CCC(=O)C[C@@H]3C)c3ccccc3C2)c1,-7.496,-5.338,-12.834
HIT_0855,C[C@H]1Cn2ncc3nc([C@@H]4CCN(c5cccc(C(=O)N6CCNC[C@@H]6C)n5)[C@H]4C)n(c32)C1,-7.864,-4.97,-12.834
HIT_0856,Cc1cnc(F)c(-c2cccc(N(C)c3ccc4c(c3)CNC4)c2C#N)c1,-6.809,-6.024,-12.833
HIT_0857,Cc1cc(F)c2c(c1)CCCN2C(=O)[C@H]1NCCc2nc3cc(F)ccc3c(C(F)(F)F)c21,-6.913,-5.92,-12.833
HIT_0858,C[C@@H]1NCc2cc(N[C@@H]3CCc4ccc(F)cc4C3)cnc21,-7.415,-5.418,-12.833
HIT_0859,Cc1cc(N2CCc3ccc(F)cc3C2)cc(C)c1NC(=O)[C@]1(C)CCCNC1,-7.21,-5.622,-12.832
HIT_0860,Cc1cc(F)c2c(c1)[C@@H](NC(=O)c1ccc(C#N)[nH]1)CCC2,-7.517,-5.313,-12.83
HIT_0861,CN(c1ccc(C#N)c(F)c1)c1cccc2c1CCN2C(=O)[C@@]1(C)CCNC1,-6.758,-6.071,-12.829
HIT_0862,Fc1cc(N2CCCc3cc(Cl)ccc3C2)cc2c1CCNC2,-6.961,-5.867,-12.828
HIT_0863,Cc1cncc(F)c1C(=O)N1CCCNC[C@H](N2CCc3ccc(O)cc3C2)C1,-7.653,-5.174,-12.827
HIT_0864,C[C@@H]1CCCN(c2cc(N(C)c3ccc(F)c4c3CCNC4)ccc2C#N)CC1,-7.958,-4.869,-12.827
HIT_0865,Cc1ccc2c(c1)N([C@@H]1CCNc3cccc(N4CCC(C)(F)CC4)c31)CCC2=O,-7.897,-4.93,-12.827
HIT_0866,N#CC1(N2CCc3ccc(Oc4cccc5c4CCN5)cc32)CCCCC1,-7.302,-5.525,-12.827
HIT_0867,O=C(N1CCCCN(c2cc(O)ncc2F)CCCNCCC1)C(F)(F)c1ccccn1,-8.006,-4.82,-12.826
HIT_0868,C[C@@H]1c2cc(F)ccc2CCN1[C@@H]1CCCCN([C@@H]2CCNc3ccccc32)C1,-7.532,-5.293,-12.825
HIT_0869,C[C@@H]1CN[C@H](C(=O)N2CCC3(C2)Oc2ccccc2O3)c2ccccc21,-7.562,-5.261,-12.823
HIT_0870,CC1(C)[C@H](F)C[C@H]1C(=O)n1c(-c2ccc(F)c(C#N)c2)nc2cc(O)ccc21,-7.894,-4.929,-12.823
HIT_0871,C[C@]1(F)CCCN(c2ccnc3c2CN(c2ccc4c(c2)NCC4)CC3)C1,-7.489,-5.333,-12.822
HIT_0872,Cc1c(F)ccc2c1CCN2c1cccc(C2CN(C(=O)[C@@]3(C)CCN3)C2)c1,-7.597,-5.225,-12.822
HIT_0873,Cc1cc([C@@H](N)C(=O)N2C[C@H](N3CCN[C@H](C)[C@H]3C)c3ccccc32)ccc1F,-7.498,-5.324,-12.822
HIT_0874,Cc1cnc(O)c(C(=O)N2CC(c3ccc(N4CC(F)(F)C45CCOCC5)cc3)C2)c1,-7.139,-5.683,-12.822
HIT_0875,Cc1cc(N2CCc3cccc(F)c32)nc(N(C[C@H](C)O)[C@@H]2CCc3cccc(C)c32)c1,-7.553,-5.268,-12.821
HIT_0876,Cc1cccc2c1N(C(=O)[C@H]1C[C@H](C)N1c1ccc3c(c1)NCC3)CCC2=O,-7.479,-5.342,-12.821
HIT_0877,C[C@@H]1C[C@@H](O)CN(c2ccc3c(c2)N(c2ccc4c(n2)NCC4)CC3)C1,-7.907,-4.914,-12.821
HIT_0878,Cc1ccc(-c2cccc3c2CN([C@H]2CCNC4(CCCC4)[C@H]2C)C3)c(F)c1,-6.346,-6.475,-12.821
HIT_0879,N#Cc1cc(N2C[C@@H](c3nc4cccc(C#N)c4o3)CC(F)(F)C2)ccc1O,-7.598,-5.222,-12.82
HIT_0880,Cc1cc(-c2ccc3c(n2)N(C(=O)[C@H]2NCCC[C@H]2C)CC3)ccc1F,-7.983,-4.837,-12.82
HIT_0881,Oc1ccc2c(c1)CCOC21CCN([C@H]2CCc3cc(F)ccc32)CC1,-7.514,-5.306,-12.82
HIT_0882,Cc1c(N2CCc3ccc(F)c(N4CC[C@@](C)(C#N)C4)c3CC2)cnc(O)c1C#N,-7.903,-4.917,-12.82
HIT_0883,O=C1CC[C@@H](Cn2cnc(N(c3ccc4c(c3)CCN4)[C@H]3Cc4ccc(F)cc4[C@@H]3O)n2)O1,-7.06,-5.759,-12.818999999999999
HIT_0884,C[C@H]1CN(C(=O)c2cc(N3CCCc4cc(F)c(F)cc43)c(O)nn2)CCCC1=O,-7.624,-5.195,-12.818999999999999
HIT_0885,Cc1cc(-c2ccc3c(c2)[C@H]2CNCCN2CC3)cnc1C,-7.008,-5.81,-12.818
HIT_0886,Oc1ccc(F)cc1N1CCCC[C@@H](N2Cc3ccc(F)cc3C2)C1,-7.745,-5.072,-12.817
HIT_0887,O=C([C@H]1CSCN1)N1CCc2ccc(N3CCc4cc(F)c(F)cc4C3)cc21,-7.859,-4.958,-12.817
HIT_0888,Cc1cc(F)ccc1N(C)[C@@H]1CCN[C@H](C(=O)N2CCc3c(F)cc(F)cc32)C1,-7.63,-5.187,-12.817
HIT_0889,Cc1c(C#N)cccc1N1CCCN(c2ccc(C#N)c(F)c2)CCNCCCNCC1,-7.231,-5.586,-12.817
HIT_0890,C[C@@H]1C[C@@H](C(=O)O)N([C@H]2CCN([C@@H]3c4cc(F)cc(F)c4C[C@H]3O)c3cccc(Cl)c32)C1,-7.858,-4.958,-12.815999999999999
HIT_0891,C[C@@H]1C[C@H](N)CN1C(=O)NC1(c2cccc(N3CCc4cc(F)ccc43)c2)CC1,-7.649,-5.166,-12.815000000000001
HIT_0892,O=C(N[C@@H]1COc2cc(Cl)ccc21)c1ccc2c(c1)NCC2,-7.571,-5.244,-12.815
HIT_0893,C[C@@H]1C(=O)CCC[C@@]1(O)Oc1ccc2c(c1)CCN(c1onc3c1CCC3)C2,-7.063,-5.752,-12.815
HIT_0894,O=C([C@@H]1NC[C@@H]2C[C@@H]21)N1CCN(c2c(Cl)cccc2-c2ccc(F)cc2)CC1,-7.639,-5.174,-12.813
HIT_0895,Cc1ccc2c(c1)N(c1ccc3c(n1)N(C(=O)[C@@H]1CNCCCO1)CCC3)CC2,-7.577,-5.235,-12.812000000000001
HIT_0896,C[C@@]1(C#N)CCN(c2ccc3c(n2)N(c2cc(F)c4c(c2)C(=O)CO4)CCC3)C1,-7.837,-4.974,-12.811
HIT_0897,C[C@H]1CC[C@@H](C(=O)Nc2ncccc2N2CCc3ccc(O)cc3C2)C1,-7.487,-5.324,-12.811
HIT_0898,Cc1ccc(N2CCc3ccc(N4CCC[C@@H](O)[C@@H]4C)cc3C2)cn1,-7.822,-4.989,-12.811
HIT_0899,C[C@@H](N)Cc1ccc(F)c(N2C[C@H](C(=O)N3CCC(=O)c4c(F)cccc43)C3(CCC3)C2)c1,-7.745,-5.065,-12.81
HIT_0900,Fc1cccc2c1N([C@@H]1CNc3ccccc31)CCC2,-7.505,-5.305,-12.809999999999999
HIT_0901,Cn1ccc(-c2ccc3c(c2)CN(c2n[nH]c4c2CCC4)CCC3)cc1=O,-7.068,-5.742,-12.809999999999999
HIT_0902,C[C@H]1COC[C@@H](c2nc3ccccc3n2C(=O)[C@@H]2NCC2(C)C)N1c1ccc2c(c1)N(C)C(=O)CC2,-7.812,-4.997,-12.809000000000001
HIT_0903,Cc1ccc2c(c1)[C@H](C(=O)N[C@H]1c3cc(F)ccc3O[C@@H]1C)C2,-7.554,-5.255,-12.809000000000001
HIT_0904,O=C1C[C@H](c2nc([C@@H]3CCC[C@H]3n3c(=O)[nH]c4ccccc4c3=O)no2)[C@@H]2CCCC[C@H]2N1,-7.302,-5.507,-12.809
HIT_0905,CC1(C)CN(C(=O)[C@@H]2[C@@H](c3ccccc3)N2c2ccc3c(c2)NCC3)CCCCO1,-7.398,-5.411,-12.809
HIT_0906,O=Cc1[nH]ccc1N1CCOc2ccc(N3CCC4(CCNCC4)CC3)cc2C1,-8.035,-4.773,-12.808
HIT_0907,C[C@@H]1NCC[C@H]1C(=O)N1CCc2ccc(-c3ccncc3)cc2C1,-7.606,-5.202,-12.808
HIT_0908,O=C(NC1Cc2ccccc2C1)[C@H]1CC2(CC2)CN1c1ccc2c(c1)[C@H](O)CCO2,-7.413,-5.395,-12.808
HIT_0909,O=C1COCc2ccc(N3CC4(CCCC4)[C@@H]3C(=O)N3CCc4cc(O)ccc4C3)cc21,-7.429,-5.378,-12.807
HIT_0910,CN1CCN([C@@H]2CNCCN(c3ccc4c(c3)OCCC4=O)C2)c2ccc(F)cc21,-7.271,-5.536,-12.806999999999999
HIT_0911,C[C@@]1(c2cccc(F)c2)CCN(C(=O)c2ccc(C#N)c(N)c2)C1,-7.681,-5.125,-12.806000000000001
HIT_0912,C[C@@H]1CC[C@@H](Oc2ccc3c(c2)NC(=O)CC3)CN1c1ccc(F)c2c1NC[C@@H]2O,-7.58,-5.226,-12.806000000000001
HIT_0913,Cc1ccc2c(c1)[C@H](C)CN[C@H]2C(=O)Nc1ccc(O)cc1C,-7.237,-5.568,-12.805
HIT_0914,NC1(C(=O)N2CCc3ccc(N4CCc5ccc(F)cc54)cc32)CC1,-7.686,-5.119,-12.805
HIT_0915,O=C(O)[C@H]1CN(c2cnn3c2CN(c2ccc4c(c2)CCN4)CC3)CC12CCCC2,-7.144,-5.661,-12.805
HIT_0916,C[C@H]1CC[C@@H](N2CCc3ncnc(-c4ccc(Cl)cc4F)c3C2)CS1,-7.779,-5.026,-12.805
HIT_0917,Cc1nc(N2CCC[C@@](C)(O)[C@@H](C)C2)c(N[C@@]2(C#N)CCc3ccccc3C2)[nH]1,-7.888,-4.916,-12.804
HIT_0918,Cc1ncccc1COC(=O)[C@@]1(N2C(=O)Cc3cc4c(cc32)CC(=O)N4)CC[C@H](C)[C@H](C)C1,-7.545,-5.259,-12.804
HIT_0919,C[C@]1(Oc2ccc3c(n2)N(c2cc(F)c4c(c2)CCNC4)CC3)CCNC[C@@H]1F,-7.804,-4.999,-12.803
HIT_0920,Cc1ccc2nc([C@H]3C[C@@H](NC(=O)[C@@H]4CNCc5cc(O)ccc5N4)C3(C)C)oc2c1C,-6.837,-5.966,-12.803
HIT_0921,CN1CCC[C@H]2CN(c3ccc4c(c3)CC[C@H]4Oc3c(F)ccc(F)c3O)CC[C@H]21,-6.917,-5.886,-12.803
HIT_0922,C[C@H]1C(=O)OCC(C)(C)N1c1ccc2c(c1)CN(c1cccc3c1OC[C@@H](O)C3)C2,-7.114,-5.689,-12.803
HIT_0923,O=C(Nc1c(F)cccc1C(=O)N1CCC[C@]12CCCS(=O)(=O)C2)N[C@@H]1CCCc2cc(F)ccc21,-7.364,-5.438,-12.802
HIT_0924,Fc1ccc2c(c1)CC[C@H]2NC1Cc2cc(F)c(F)cc2C1,-7.565,-5.237,-12.802
HIT_0925,CC1(C(=O)Nc2ncccc2N2CCCc3ccc(Cl)cc3C2)COC1,-7.208,-5.593,-12.801
HIT_0926,N#Cc1cc(NC(=O)[C@H]2CNCC23CC3)cc(N2CCCc3ccc(F)cc3C2)c1,-7.198,-5.603,-12.801
HIT_0927,CC1=C(N2CCCC[C@H]2C#N)CN(c2ccc3c(c2)CNCC3)CC1,-7.48,-5.32,-12.8
HIT_0928,O=C([C@@H]1Cc2cc(F)ccc2CN1)N1CCCc2cc(F)ccc2C1,-7.277,-5.523,-12.8
HIT_0929,O=C1CCCCC[C@H](N2CCCNCCCN(c3ccnc4c3CCO4)CCC2)[C@@H]1F,-7.145,-5.653,-12.797999999999998
HIT_0930,Cc1cccc(-c2ccc3c(n2)N(C(=O)[C@]2(C)CCOC2)CCC3)n1,-7.88,-4.917,-12.797
HIT_0931,C[C@@H]1CNCC[C@@H]1N1CCc2cc(-c3ccc(F)cc3F)ccc21,-7.586,-5.211,-12.797
HIT_0932,Cc1cc(C)c2c(c1)N([C@H]1C=C(NC(=O)c3cccc4c3CCNC4)CCC1(C)C)CC2,-7.043,-5.753,-12.796
HIT_0933,N#Cc1cccc2c1CCN(c1ccc3c(c1)CNCC3)C2,-7.245,-5.551,-12.796
HIT_0934,Cc1cccnc1-c1nc2c(cc1C#N)CN([C@@H]1CCCc3[nH]cc(C)c31)CC2,-6.739,-6.057,-12.796
HIT_0935,Fc1cncc(-c2ccc3c(c2)CCC[C@]32COCCN2)c1,-7.352,-5.444,-12.796
HIT_0936,N#Cc1cncc(-c2cncc(N3CCCn4nc(C#N)cc4C3)n2)c1,-7.583,-5.213,-12.796
HIT_0937,Cc1cc(N(C(=O)[C@@H]2Cc3c(cccc3-c3cccc(C(=O)N(C)C)c3)S2)[C@H]2C[C@@H](C)C2)nc(C)n1,-7.205,-5.59,-12.795
HIT_0938,Cc1cccc(N2Cc3ccc(N4CCC(C)(O)CC4)cc3C[C@H]2C)n1,-7.121,-5.672,-12.793
HIT_0939,Cn1nccc1-c1cc(N(c2ccc3c(c2)CNCCC3)[C@H]2C[C@@H](O)C2(C)C)ccn1,-7.697,-5.096,-12.793
HIT_0940,Cc1cc2c(c(N3CC4(CC(N5CCc6ccc(F)cc65)C4)C3)c1)OC[C@H]2O,-7.793,-5.0,-12.793
HIT_0941,O=C1CCNc2cccc(N3CCC[C@@H](N4CCc5ccc(F)c(F)c54)CC3)c21,-7.359,-5.434,-12.793
HIT_0942,Cc1ccc2c(c1)N(C(=O)[C@@H]1CCCN1C(=O)[C@@H]1NCCc3cc(F)ccc31)CC2,-7.36,-5.432,-12.792000000000002
HIT_0943,C[C@@]1(C(=O)N2CCc3c(ccc(N4CCc5c(Cl)cccc54)c3F)C2)CCNC1,-7.424,-5.368,-12.792000000000002
HIT_0944,Cn1cc(N2CCc3c(cccc3Oc3cccc4c3CCO4)C2)cc1C(=O)N1CCCCN1,-7.001,-5.791,-12.792000000000002
HIT_0945,N#C[C@]1(F)CCN(c2ccc3c(c2)CN(c2ccc4c(c2)OCC4=O)C3)C1,-6.756,-6.036,-12.792
HIT_0946,C[C@]1(C#N)CCN(c2ccc3c(c2)CCN(c2c(F)cccc2C#N)C3)C1,-7.239,-5.553,-12.792
HIT_0947,Cc1cccc2c1C[C@@H](C(=O)N1Cc3c(C(=O)N[C@@H]4CC[C@@]5(CCCO5)C4)cccc3C(C)(C)C1)O2,-6.907,-5.883,-12.79
HIT_0948,Cc1cc(C#N)cc(-c2ccc3c(c2)OCCN3C(=O)[C@@H]2CN[C@@H]2C)c1,-6.913,-5.876,-12.789000000000001
HIT_0949,Clc1cccc2c1CN(c1ccc3c(c1)CNCCC3)CC2,-7.544,-5.245,-12.789
HIT_0950,Oc1ccc2c(c1)N(c1ccc3c(c1)[C@@]1(CC3)COCCN1)CCC2,-7.76,-5.029,-12.789
HIT_0951,C[C@@H]1[C@@H](C(=O)N2CC[C@@]23CCOc2ccc(F)cc23)CCN1c1ccc2c(c1)CNC2,-7.587,-5.201,-12.788
HIT_0952,C[C@@H]1CNCCN1C(=O)N1CCc2ccc(N3CCc4c(F)cccc43)cc21,-7.35,-5.438,-12.788
HIT_0953,O=C(N1CCc2ccncc21)[C@]12CCC[C@@H]1CN(c1ccc3c(n1)NCCC3)C2,-7.703,-5.085,-12.788
HIT_0954,CNC(=O)N1CCCc2ccc(N3CCc4c(F)cc(F)cc43)nc21,-7.552,-5.235,-12.786999999999999
HIT_0955,Cn1ccc2c1CCC[C@H]2N1CCCN(c2cc(F)cnc2O)CCNCCNCC1,-7.271,-5.516,-12.786999999999999
HIT_0956,Cc1cnc(F)c(-c2ccc3c(c2)[C@H](C(=O)O)N([C@H]2CCN[C@@H](C(C)(C)C)C2)CC3)c1,-7.121,-5.665,-12.786000000000001
HIT_0957,Cc1[nH]c(C)c(O[C@H]2CC[C@H](N3CCc4cccc(C5=CCOCC5)c4C3)C[C@H]2C)c1C#N,-7.165,-5.621,-12.786000000000001
HIT_0958,C[C@H]1CN(c2ccc3c(c2)N(c2ccc4n2CCNC4=O)CCC3=O)C(C)(C)C1,-7.243,-5.543,-12.786000000000001
HIT_0959,C[C@@H]1CCN(C)[C@H]1C(=O)N(c1ccc2c(c1)NCC2)[C@@H]1CCc2ccccc21,-7.185,-5.601,-12.786
HIT_0960,Cc1cc(C#N)cc(NC(=O)[C@@]23C[C@H]4CC[C@]2(C)[C@@]4(C)CN3c2nc3ccccc3[nH]2)c1,-7.523,-5.263,-12.786
HIT_0961,C[C@@H]1CN(c2ccc(F)cn2)CC[C@@H]1N1CCc2c(F)cccc2C1,-7.523,-5.262,-12.785
HIT_0962,Fc1ccc2c(c1)COC21CCN([C@@H]2CCc3cc(F)cc(F)c32)CC1,-7.459,-5.326,-12.785
HIT_0963,C[C@@]1(C(=O)N2CCC23CCCC3)CN(c2ccc(F)cc2C#N)CCO1,-7.471,-5.313,-12.783999999999999
HIT_0964,C[C@H]1CC[C@@H](c2nc3cc(-c4cccc(C#N)c4)c(Cl)cc3o2)NC1,-7.201,-5.583,-12.783999999999999
HIT_0965,Oc1ncc(F)cc1N1CCCc2cc3c(cc21)NCCC3,-7.846,-4.937,-12.783000000000001
HIT_0966,Cc1cccc2c1CCN2c1cc(NC2=C(C#N)CCCC2)ccn1,-7.706,-5.076,-12.782
HIT_0967,C[C@@H]1C[C@@H](C(C)(C)O)N(c2ccc3c(c2)CCN3c2ccc3c(c2)C(=O)COC3)C1,-7.213,-5.569,-12.782
HIT_0968,c1cc2c(cc1N1CCc3ccc(N4CC[C@]45CCOC5)cc3C1)OCCN2,-7.013,-5.769,-12.782
HIT_0969,COc1cccc2c1CN(c1cccc(Oc3cc4c(cc3F)C(=O)CO4)n1)CC2,-7.969,-4.812,-12.781
HIT_0970,N#Cc1ccc(F)c(Oc2ccc3c(c2)N(C(=O)[C@H]2C[C@H]4C(=O)OC(=O)[C@H]4C[C@@H]2C(=O)O)CC3)c1,-7.227,-5.554,-12.781
HIT_0971,Cc1cc(C(=O)N2CC(F)C2)cc(N2CCN(Cc3ccccc3F)[C@@H](C)[C@H]2C)c1,-8.13,-4.651,-12.781
HIT_0972,Cc1ccnc(O)c1C(=O)N1CCc2ccc(N3C[C@@H](C)OC4(CCCC4)C3)cc2C1,-7.967,-4.813,-12.78
HIT_0973,C[C@@H](O)[C@@H]1CNc2cc(N3CCc4ccc(F)cc43)ccc21,-7.528,-5.252,-12.78
HIT_0974,C[C@@H]1[C@@H](O)CCCN1c1cc(F)c2c(c1)CCN(C(=O)c1cccc(O)n1)C2,-7.507,-5.272,-12.779
HIT_0975,c1ccc2c(c1)NCCN2[C@H]1CNCc2ccc(N3CCCNCCC3)cc21,-7.692,-5.087,-12.779
HIT_0976,CC[C@@H]1CNCC[C@]1(C(=O)O)N1CCc2c(-c3cnc(O)c(F)c3)ccc(F)c2C1,-7.2,-5.578,-12.778
HIT_0977,CC[C@H]1CNCC[C@H]1N1CCc2cccc(N3CCCc4ccc(F)cc4C3)c21,-7.21,-5.568,-12.777999999999999
HIT_0978,Cc1ccc(F)c(-c2cc(C)cc3c2CN(C(=O)[C@H]2CCCN[C@H]2C)CC3)c1,-7.858,-4.92,-12.777999999999999
HIT_0979,C[C@H]1C(=O)CC[C@]1(O)N1CCOc2nc(N3CCCc4ccc(O)cc43)ccc21,-7.949,-4.829,-12.777999999999999
HIT_0980,Cc1nc2c([nH]1)CN(c1cc(-c3nc4cc(C)c(C)nc4o3)c(C)cc1O)CC2,-7.774,-5.003,-12.777000000000001
HIT_0981,C[C@H]1C[C@@H](C(=O)Nc2cc3c(cc2N2CCCNc4cc(F)c(F)cc42)OCC3)C1,-7.341,-5.436,-12.777000000000001
HIT_0982,Cc1cccc(-c2cncc(N(c3cccc4c(O)nccc34)[C@@H]3CCCSC3)n2)c1,-7.623,-5.153,-12.776
HIT_0983,Cc1cc2c(c(N3CCC=C(C(=O)N4c5ccc(F)cc5OC[C@@H]4C)C3)c1)CCNC2=O,-7.827,-4.949,-12.776
HIT_0984,CC1=C(Nc2cc3c(cc2-c2cccc(N(C)C)c2)CNC3)CNCC1,-7.428,-5.348,-12.776
HIT_0985,Cc1nc2c(cc1N1C[C@H]3CCC[C@H]3C1)N(c1ccc3c(c1)NCC3)CCN2,-7.904,-4.871,-12.775
HIT_0986,O=C([C@@H]1CCOC1)N1CCCc2ccc(N3CCc4cccc(F)c43)nc21,-7.453,-5.322,-12.775
HIT_0987,O[C@@]1(Oc2nc3ccccc3[nH]2)CCN([C@@H]2CCOc3cc(F)ccc32)CC1(F)F,-7.753,-5.022,-12.775
HIT_0988,Cc1cc(-c2cnc(C)c(C)c2)ccc1CNC(=O)C1(C#N)CCCC1,-6.913,-5.862,-12.775
HIT_0989,Cc1nc(Oc2cc3c(cc2O)N([C@H]2CCOc4ccc(C#N)cc42)CC3)ccc1O,-7.427,-5.348,-12.774999999999999
HIT_0990,Cc1ccc(-c2cc(N3CCc4cc(F)ccc43)ccn2)nc1,-7.543,-5.231,-12.774000000000001
HIT_0991,Cc1ncc(Nc2ccc3c(c2)C(=O)CCO3)cc1N1CC(F)(F)C12CCC2,-7.558,-5.216,-12.774000000000001
HIT_0992,Cc1c(N2CCCC23CCCC3)ccc2c1CN(C(=O)c1ccc3c(c1)NCC3)CC2,-7.018,-5.756,-12.774000000000001
HIT_0993,Cc1ccc(Nc2cc(F)ccc2C#N)cc1N1CCC[C@]2(CCO2)C1,-7.907,-4.867,-12.774000000000001
HIT_0994,Cc1ccc2c(c1)C1(CCN(c3cc(Nc4cccnc4N[C@H]4CO[C@@H](C)C4)cnc3C)CC1)CO2,-7.14,-5.633,-12.773
HIT_0995,N#Cc1cc(C(=O)O)ccc1O[C@@H]1CCC[C@H](N2CCCc3cc(F)ccc32)C1,-7.352,-5.421,-12.773
HIT_0996,CO[C@@H]1CCC[C@@]12CCCN(c1ccc(C(C)=O)c(Nc3cc(C)cc4c3CCNC4=O)c1)C2,-7.304,-5.469,-12.773
HIT_0997,CN1CCN(c2ccc3c(c2)CN(c2ccc(O)cc2)C3)C2(CCCC2)C1,-7.846,-4.927,-12.773
HIT_0998,Cc1cc(-c2cccc3c2CCN3C(=O)[C@@H]2NCC[C@H]2C)ccc1F,-6.969,-5.804,-12.773
HIT_0999,N#Cc1ccc(N2CCCc3cc(C(=O)N4CCCCNCCNCC4)ccc32)cc1F,-7.246,-5.526,-12.772
HIT_1000,C[C@]1(C(=O)N2CCc3c(F)ccc(F)c32)CCN(c2cccc3c2CC(=O)NC3)C1,-7.16,-5.611,-12.771
