hit_id,smiles,vina_PD-L1,vina_TGF-bR1,dual_score
HIT_0001,c1cc2c3c(c1)CN(c1ccc4c(c1)CCC[C@]41COCCN1)C[C@@H]3CCC2,-8.328,-5.833,-14.161
HIT_0002,Cc1ncc(Nc2ccc3c(c2)C(=O)CCO3)cc1N1CC(F)(F)C12CCC2,-7.558,-6.49,-14.048
HIT_0003,c1ccc2c(c1)CCN2[C@H]1CCCCN(c2cccc3c2CCN2CCNC[C@H]32)C1,-8.514,-5.309,-13.823
HIT_0004,Cc1c(N2CC[C@@H](c3c(F)cccc3F)C2)ccc2c1CNCC2,-8.274,-5.503,-13.777
HIT_0005,N#Cc1cc(N2CCc3ccc(N4CC[C@H](O)[C@H]5CCC[C@@H]54)cc32)[nH]c1C#N,-8.554,-5.192,-13.746
HIT_0006,N#Cc1cccc2c1[C@@](C(=O)O)(N1CCCc3ccc(N4CC[C@@](F)(C#N)C4)cc3C1=O)CC2,-7.242,-6.422,-13.664
HIT_0007,CC(C)=C1CCN(c2cc(N[C@H]3CCCc4c(F)cccc43)cnc2N)CC1,-7.758,-5.877,-13.635
HIT_0008,O=C(N[C@H]1CC[C@H]1c1nc(-c2cc3cccc4c3n(c2=O)CCC4)no1)[C@H]1CCCCO1,-7.959,-5.623,-13.582
HIT_0009,O=C1CCc2cccc(N3CCC[C@@H](O)[C@H]3C(=O)N3CCCc4c(F)cc(F)cc43)c21,-8.382,-5.186,-13.568
HIT_0010,Oc1cccc(N2CCC[C@H]3CN(c4ccc5c(c4)NCC5)C[C@@H]32)c1,-8.466,-5.086,-13.552
HIT_0011,O=C(Nc1ccc2c(c1)C(F)(F)CC2)N1CC[C@@]12CCCc1ccc(F)cc12,-7.791,-5.756,-13.547
HIT_0012,c1ccc(-c2cc(-c3ccc4c(c3)COC4)nc3cnccc23)cc1,-8.427,-5.108,-13.535
HIT_0013,FC(F)(F)c1cccc2c1CCN(c1ccc3c(c1)CNCCC3)C2,-7.839,-5.654,-13.493
HIT_0014,C[C@H]1[C@H](C(=O)N2Cc3cccc(F)c3C2)CCCN1c1ccc2c(c1)NCC2,-7.469,-6.009,-13.478000000000002
HIT_0015,C[C@H]1CO[C@@H](c2nc3cccc(N4CCc5cccc(F)c54)c3n2C)C1,-7.257,-6.218,-13.475
HIT_0016,C[C@]1(F)CCCN(C(=O)c2ccc(N3CCc4cc(F)cc(F)c4C3)[nH]2)CC1,-7.383,-6.064,-13.447
HIT_0017,Fc1cc(N2CC3(CCOCC3)C2)cnc1N[C@@H]1CCc2c(F)ccc(F)c21,-7.46,-5.979,-13.439
HIT_0018,Cc1cc(C)c(-c2noc([C@H]3CN([C@@H]4OC(=O)c5c(F)cccc54)CC34CC4)n2)cn1,-7.997,-5.407,-13.404
HIT_0019,C[C@H]1NC[C@@H]1C(=O)N1CCCc2ccc(N3CCc4ccc(F)cc4C3)nc21,-8.576,-4.824,-13.4
HIT_0020,C[C@@H]1c2c(F)cccc2CCN1C(=O)[C@H]1CN(c2ccc(F)c(O)c2)[C@H]1C,-7.597,-5.8,-13.397
HIT_0021,Cc1cnc(N)c(N2C[C@@H](C)C[C@@H]2C(=O)N2CCc3c(F)ccc(F)c32)c1,-8.019,-5.369,-13.388
HIT_0022,Cc1cnc(O)cc1N1CCc2ccc(N3C[C@H]4CCN(C)[C@@H]4C3)cc21,-8.013,-5.353,-13.366
HIT_0023,C[C@H]1C(=O)CC[C@]1(O)N1CCOc2nc(N3CCCc4ccc(O)cc43)ccc21,-7.949,-5.409,-13.358
HIT_0024,Cc1ccccc1[C@H]1CCN(c2ccc3c(c2C)C(=O)NC3)C1,-7.763,-5.592,-13.355
HIT_0025,O=C(c1cnc2nc([C@H]3CC3(F)F)oc2c1)N1CCC[C@@H]1c1cccc(F)c1F,-7.524,-5.821,-13.344999999999999
HIT_0026,C[C@@]1(C(=O)N2Cc3ccc(N4CCCCc5ccccc54)cc3C2)CCN1,-7.94,-5.403,-13.343
HIT_0027,N[C@@H]1CCc2cccc(N3CC[C@@]34CCCc3cc(F)ccc34)c21,-7.572,-5.762,-13.334
HIT_0028,C[C@H]1NC[C@H]1C(=O)N1CCc2ccc(N3CCC[C@H](O)c4cc(F)ccc43)cc21,-8.01,-5.312,-13.322
HIT_0029,Cc1cc2c(o1)CCN(C(=O)c1nn([C@@]3(C(=O)O)CCc4cccc(C#N)c43)cc1C)C2,-6.753,-6.534,-13.286999999999999
HIT_0030,CC1(C)CCN(C(=O)N2CCOc3ccc(N4CCCc5cc(O)c(O)cc5C4)cc32)C1,-8.881,-4.398,-13.279
HIT_0031,Cc1cc(F)c(F)cc1-c1cc2c(cc1F)CCN2C(=O)[C@H]1CNCCCO1,-8.645,-4.63,-13.274999999999999
HIT_0032,C[C@@]1(C#N)CCN(C(=O)c2ccc3c(c2)N(c2ccc(C#N)c(F)c2)CCN3)C1,-7.497,-5.776,-13.273
HIT_0033,N#Cc1ccc(F)c2c1[C@H](N1CCc3ncnc(O)c3C1)CC2,-7.407,-5.853,-13.26
HIT_0034,CN1C(=O)Cc2cc(N3CCCC[C@H](N4CCC(=O)c5cc(F)ccc54)C3)ccc21,-8.281,-4.967,-13.248000000000001
HIT_0035,Cc1c(N2CCc3ccc(N4CCN(C)[C@H](C#N)C4)cc3C2)ccnc1O,-7.851,-5.392,-13.243
HIT_0036,Cc1ccc(C2(O)CCN([C@@H]3Cc4cccc(-c5c(F)ccc(F)c5C)c4C3)CC2)cc1C,-7.352,-5.888,-13.24
HIT_0037,O[C@H]1CCCC[C@H]1N1CCN(c2ccc3c(n2)CCCN3)Cc2ccc(F)cc21,-7.313,-5.914,-13.227
HIT_0038,C[C@H]1Cc2ccccc2N(c2ccc(F)c(NC(=O)N3CC[C@H]4CC[C@@H]3CC4)c2)C1,-8.263,-4.957,-13.219999999999999
HIT_0039,O=C([C@@H]1CCCN(c2ccc3c(c2)CCO3)C1)N1CCc2c(F)cccc2C1,-7.398,-5.816,-13.213999999999999
HIT_0040,Cc1cc(NC(=O)[C@]2(C)CCNC2)nc(N2CCc3c(F)cccc3C2)c1,-7.386,-5.822,-13.208
HIT_0041,Fc1cc(-c2nc3cc(Cl)c4cccnc4c3o2)c2oc(C3CCOCC3)nc2c1,-8.039,-5.161,-13.2
HIT_0042,C[C@@H]1[C@H](O)CCN(c2ccc3c(c2)[C@H](N[C@@H]2COc4c(F)cccc42)COC3)[C@H]1C,-7.655,-5.542,-13.197
HIT_0043,C[C@@H]1c2cc(F)ccc2CCN1[C@H]1CCCCN(c2cc(N)n(C)n2)C1,-7.92,-5.273,-13.193
HIT_0044,CC[C@@H]1Cc2ccccc2CN1C(=O)[C@@H]1N(c2ccccc2O)CC12CCCC2,-8.042,-5.137,-13.178999999999998
HIT_0045,O=C1CCN(c2cncc(N3CCc4cccc(F)c4C3)n2)[C@H]2CCC[C@@H]12,-7.107,-6.071,-13.178
HIT_0046,Fc1cc2c(cc1N1CCCC3(COC3)C1)N([C@@H]1CNc3ccccc31)CC2,-8.18,-4.983,-13.163
HIT_0047,O=C1NCCCc2c1cccc2N1CCc2cc(F)c(F)cc2C1,-8.459,-4.7,-13.158999999999999
HIT_0048,Oc1cccc2c1[C@@H](N1CCN(c3ncc(F)cn3)CC(F)(F)C1)CC2,-8.016,-5.138,-13.154
HIT_0049,N[C@]12CC[C@](C(=O)N3CCc4ccc(N5CCc6c(F)cc(F)cc6C5)cc43)(C1)C2,-7.986,-5.167,-13.152999999999999
HIT_0050,CC1(C)CN(c2cc(C(=O)N3CCc4c(F)ccc(F)c43)ccn2)[C@@H]1C(=O)O,-7.501,-5.637,-13.138
HIT_0051,C[C@H]1CCc2c(F)cccc2[C@@H]1Nc1ccc2c(c1)CCN2,-8.197,-4.941,-13.137999999999998
HIT_0052,Cc1cc(F)cc2c1N(c1ccc3c(n1)N(C(=O)[C@H]1CCNC1)CCC3)CC2,-8.032,-5.098,-13.129999999999999
HIT_0053,N#C[C@]1(F)CCN(c2cccc([C@@H]3CCN3[C@@H]3CCCCC(=O)CC3)c2)C1,-8.269,-4.851,-13.120000000000001
HIT_0054,Cc1cc2c(cc1N[C@@H]1CCOc3c(C)cccc3C1=O)CNCC2,-7.642,-5.472,-13.114
HIT_0055,O=C1c2c(cccc2N2CCc3ccc(F)cc32)CN1[C@@]1(C(=O)O)CCCc2c(O)cccc21,-8.313,-4.794,-13.107
HIT_0056,C[C@@H]1CN(c2cccc3c2CCN(c2cc4c(cc2F)OCCN4)C3)C[C@@H](C)O1,-7.83,-5.277,-13.107
HIT_0057,O[C@H]1CCc2cc(N3CCc4ccc(F)c(F)c43)ccc21,-7.89,-5.205,-13.094999999999999
HIT_0058,Cc1ccc(Oc2cc(O)c(N3CCc4cccc(F)c4[C@@H]3C)c(C)n2)c(O)c1,-7.092,-6.0,-13.091999999999999
HIT_0059,Fc1ccc(F)c2c1CCN(c1ccc3c(c1)OCCN3)C2,-7.544,-5.546,-13.09
HIT_0060,Cc1ccc(C(=O)N2CCCc3n[nH]cc32)cc1N1CC2(CCC2)[C@H]1C(=O)O,-7.42,-5.667,-13.087
HIT_0061,C[C@H]1CN(c2cnc3c(c2)CCN(c2cccc4c2CCCNC4)C3)CCC[C@]1(C)O,-7.474,-5.611,-13.085
HIT_0062,Cc1cc(F)nc(Nc2ccc3c(c2)NCC[C@@H]3N2CCC(=O)[C@H](C)C2)c1,-7.466,-5.619,-13.085
HIT_0063,Cc1cccc(-c2ccc3c(n2)N([C@H]2CCCCNC2)CCCC3)c1F,-7.951,-5.125,-13.076
HIT_0064,Cc1ccc(F)c2c1N(c1ccc3c(c1)C[C@@H](C)C(=O)N3)CCC2,-7.877,-5.193,-13.07
HIT_0065,CO[C@H]1CCN(c2ccc3c(c2)N(c2ccc4c(c2)[C@@]2(CCC4)COCCN2)CC3)[C@H]1C,-7.965,-5.102,-13.067
HIT_0066,C[C@H]1C[C@H](O)CN(c2cccc(N3CCC(=O)c4ccccc4C3)n2)C1,-8.217,-4.842,-13.059000000000001
HIT_0067,O[C@@H]1CCN(c2ccc3c(c2)N(c2cccc(F)c2)CC3)C[C@H]1F,-8.211,-4.848,-13.059000000000001
HIT_0068,Oc1cnccc1N1CC[C@@H](N2CCc3c(F)cccc3C2)c2ccccc2C1,-8.116,-4.932,-13.048
HIT_0069,N#Cc1ccc(N2CCc3ccc(F)c(F)c3C2)nc1NC(=O)[C@@H]1CCNC1,-8.158,-4.886,-13.044
HIT_0070,Cn1c(N2CCNc3ccc(N4CC[C@@]5(CCCS5(=O)=O)C4)cc3C2)cccc1=O,-7.723,-5.315,-13.038
HIT_0071,C[C@@H]1[C@H](O)Cc2ccccc2N1[C@@H]1CNCCN([C@@H]2COCc3ccccc32)C1,-6.814,-6.22,-13.033999999999999
HIT_0072,C[C@@H]1CCNCC[C@H]1N1CCCCc2ccc(-c3ccc(C#N)c(F)c3F)nc21,-7.368,-5.657,-13.025
HIT_0073,Fc1ccc(N2CC3(CCN(c4cccc5c4CCCNC5)C3)C2)cc1,-7.667,-5.351,-13.018
HIT_0074,c1ccc(N2CCOCCOCC2)c([C@H]2CCN(c3cccc4c3CCCNC4)C2)c1,-7.607,-5.41,-13.017
HIT_0075,C[C@@H]1[C@H](C)CN(c2ccc3c(n2)N(c2cnc4c(c2)CCC4)CCC3)[C@@H]1C,-8.094,-4.919,-13.012999999999998
HIT_0076,C[C@]1(C(=O)N2CCC[C@@]23CCc2cc(F)ccc23)CCN(c2cccc3c2C2(CC2)C(=O)N3)C1,-8.719,-4.286,-13.004999999999999
HIT_0077,C[C@H]1CN([C@H]2CNCCCN(c3ccc(=O)n(C)c3)C2)c2ccccc21,-7.821,-5.183,-13.004
HIT_0078,CC(C(=O)N1C[C@H](c2nc3cc(F)c(C)cc3o2)[C@H](O)[C@H]1C)=C1CC1,-7.556,-5.447,-13.003
HIT_0079,O=C1CCc2cc(C(=O)N3CC[C@@]34CCOc3ccc(F)cc34)[nH]c2C1,-7.061,-5.942,-13.003
HIT_0080,N#Cc1c(F)cccc1N1CCc2cc3c(cc2C1)CCCC3,-7.757,-5.243,-13.0
HIT_0081,Cc1[nH]cc2c1[C@@H](N1CCc3c(ccc(O)c3Br)C1)CCC2,-7.848,-5.145,-12.992999999999999
HIT_0082,Cc1ccc(Nc2ccc3c(c2)CCN3)cc1N1CCC12CN(C)C2,-7.091,-5.897,-12.988
HIT_0083,O=C([C@@H]1CCCN1c1ccc2c(c1)CC[C@H]2O)N1CCCc2ccc(F)cc21,-7.161,-5.816,-12.977
HIT_0084,Cc1ccc(C2=NC(=Cc3cncc(N4CCCc5ccc(Cl)nc54)n3)C(=O)O2)c(Cl)c1,-7.831,-5.144,-12.975000000000001
HIT_0085,Cc1cc(N2CCCc3ccc(N4CC[C@@](F)(C#N)C4)cc3C2)cnc1O,-7.664,-5.311,-12.975
HIT_0086,O[C@H]1CCOc2ccc(N3CC[C@]4(C3)OCc3ccccc34)cc21,-6.988,-5.983,-12.971
HIT_0087,Fc1cc2c(c(N3CC[C@]34CCOc3ccc(F)cc34)c1)CCNC2,-7.647,-5.317,-12.964
HIT_0088,C[C@@]12CC[C@@H](Oc3ccnc4c3CN([C@@H]3CCCc5ncncc53)C4)[C@@H](CN1)C2,-7.084,-5.88,-12.963999999999999
HIT_0089,N#Cc1ccc(N2CCOc3cc(N4C[C@H](O)CC5(CCC5)C4)ccc32)cc1F,-7.785,-5.178,-12.963000000000001
HIT_0090,C[C@@H]1CC[C@H](N2c3ccc(F)cc3OC[C@@H]2C)CN1c1cncc2c1CCCN2,-8.63,-4.333,-12.963000000000001
HIT_0091,Oc1cccc2c1CCN([C@@H]1CCCCN(c3ccc4c(c3)CNC4)C1)C2,-7.389,-5.571,-12.96
HIT_0092,CC1(C(=O)N2CCCc3cc(F)cc(F)c32)CN(c2cccc3c2CNCC3)C1,-7.029,-5.93,-12.959
HIT_0093,CC(=O)Nc1cnc(Oc2ccc3c(c2)N(c2cccc(Cl)n2)CCN3)c(C)c1,-7.505,-5.452,-12.957
HIT_0094,Cc1cc(-c2ccc3c(n2)N(C(=O)[C@H]2NCCC[C@H]2C)CC3)ccc1F,-7.983,-4.973,-12.956
HIT_0095,O=C1NCCc2cc(N3CCC4(CC3)OCc3ccc(Cl)cc34)ccc21,-7.662,-5.29,-12.952
HIT_0096,c1cc2c(c(N3CCCNC[C@H](N4CCc5ccncc54)C3)c1)CCN2,-7.732,-5.217,-12.949
HIT_0097,Cc1ncnc2c1CN(c1ccc3c(c1)[C@@]1(CC3)COCCN1)CC2,-7.877,-5.068,-12.945
HIT_0098,Cc1cccc2c1[C@H](N1CCCc3c(Cl)cccc3C1)CCN2,-7.791,-5.153,-12.943999999999999
HIT_0099,C[C@H]1C[C@@H](O)CCN1[C@H]1COCc2ccc(N3CCc4cccc(O)c43)cc21,-7.652,-5.286,-12.937999999999999
HIT_0100,N#Cc1ccc(N2CCO[C@H](CN3CCC[C@@H](O)c4cc(F)ccc43)C2)cc1F,-7.666,-5.266,-12.932
HIT_0101,Cc1ccnc(N2C[C@H](O)CC[C@@H]2C(=O)N2CCc3c(F)cccc32)c1,-8.039,-4.892,-12.931000000000001
HIT_0102,COc1cccc2c1CN(c1ccc3c(c1)NCC3)CCCO2,-7.603,-5.321,-12.924
HIT_0103,Fc1ccc(-c2nccc3c2CCN(c2cnc4n2CCNC4)C3)cc1,-8.403,-4.517,-12.920000000000002
HIT_0104,N#CC1=C(C(=O)N2Cc3cc(F)ccc3C[C@@H]2C(=O)N2Cc3ccc(F)cc3C2)CCC1,-7.407,-5.501,-12.908000000000001
HIT_0105,CC1=C(N2CCc3c(F)ccc(F)c3C2)CN(C(=O)N2CCC(N)CC2)CC1,-7.912,-4.995,-12.907
HIT_0106,N#C[C@]1(F)CCN(c2ccc3c(c2)CN([C@H]2CCc4c(F)cccc4[C@@H]2O)CC3)C1,-7.56,-5.346,-12.905999999999999
HIT_0107,c1cc2c(cc1N1CCCCCCC1)[C@H](Oc1cnn3c1CNCC3)CO2,-7.356,-5.55,-12.905999999999999
HIT_0108,Cc1cccc(-c2ccc3c(n2)N(C(=O)[C@]2(C)CCOC2)CCC3)n1,-7.88,-5.026,-12.905999999999999
HIT_0109,CCc1cccc(C)c1Cc1nc2cc(N3Cc4cccc(C#N)c4C(C)(C)C3)ccc2n1C,-7.5,-5.402,-12.902000000000001
HIT_0110,Cc1ncc(NC(=O)[C@@H]2C[C@H](C)N2[C@H]2CCc3c(F)ccc(C#N)c32)cn1,-7.593,-5.305,-12.898
HIT_0111,Oc1ncc(N2CCOc3cc(N4CCc5c(F)ccc(F)c5C4)ccc32)cc1Cl,-7.713,-5.18,-12.893
HIT_0112,C[C@H]1CC2(CCC2)CN1c1cc(N[C@@H]2CCc3cc(F)ccc32)c(=O)n(C)c1,-7.232,-5.661,-12.893
HIT_0113,Oc1ccc(F)cc1N1CCCC[C@@H](N2Cc3ccc(F)cc3C2)C1,-7.745,-5.146,-12.891
HIT_0114,Cn1ncc2nccc(N3Cc4cccc5c4[C@@H](CCC5)C3)c21,-7.52,-5.366,-12.886
HIT_0115,Cc1c(N2CCc3ccc(F)c(N4CC[C@@](C)(C#N)C4)c3CC2)cnc(O)c1C#N,-7.903,-4.982,-12.885
HIT_0116,Cc1cccc2c1N(C(=O)[C@]1(C)CCN1c1ccc3c(c1F)CCNC3)CC21CC1,-7.041,-5.842,-12.883
HIT_0117,C[C@@H]1C[C@H](Nc2ccc(C(=O)N3CCc4ccc(F)cc4C3)o2)[C@H](C)C1=O,-7.633,-5.244,-12.876999999999999
HIT_0118,Cc1cc(N2CCC3(CC2)OCCc2ccc(F)cc23)nnc1C,-7.385,-5.49,-12.875
HIT_0119,Cc1cccc2c1CN(c1ccc3c(c1)[C@@]1(CCN1)CCO3)CC2,-7.825,-5.047,-12.872
HIT_0120,Cc1ccc2c(c1)[C@@H](N1CCC(=O)c3c(Cl)cccc31)CCN2,-7.281,-5.589,-12.870000000000001
HIT_0121,CC1(C)C[C@@H](Nc2cccc3c2CC3)CCN1c1ccc2c(c1)CNCCC2,-7.531,-5.339,-12.870000000000001
HIT_0122,Oc1ncc(O[C@H]2CCc3c2cccc3N2CCc3c(F)cccc32)cc1Cl,-7.424,-5.441,-12.865
HIT_0123,N#C[C@H]1CCC[C@@H]1NC(=O)c1ccc2c(c1)N(c1cc(F)c(Cl)nn1)CC2,-8.313,-4.549,-12.862000000000002
HIT_0124,O=[S@@](c1cccc(-c2cnc3[nH]nnc3c2)c1)c1cccc2c1CCN2,-7.546,-5.311,-12.857
HIT_0125,C[C@H]1CC[C@H](N2C[C@@H](F)c3ccccc32)CN1c1cccc2c1CCCNC2,-7.913,-4.942,-12.855
HIT_0126,C[C@H]1OCCC[C@H]1C(=O)N1CCOc2ccc(N3CCc4c(O)ccc(F)c4C3)cc21,-7.763,-5.09,-12.853
HIT_0127,Cc1cc(F)ccc1N(C)[C@@H]1CCN[C@H](C(=O)N2CCc3c(F)cc(F)cc32)C1,-7.63,-5.223,-12.853
HIT_0128,Cn1cc(N[C@H]2CC[C@@](C)(C(=O)N3CCc4cccc(F)c4C3)C2)ccc1=O,-7.151,-5.701,-12.852
HIT_0129,C[C@H]1c2ccc(F)cc2CCN1c1scc2c1CCNC2,-7.586,-5.261,-12.847000000000001
HIT_0130,C[C@H]1OCC[C@@]1(C)Nc1cc(-c2nc3cc(F)cnc3o2)ccc1C#N,-7.624,-5.217,-12.841
HIT_0131,Cc1cc(N2CC3(CCN(c4ccc(F)c5c4CCNC5)CC3)C2)ccn1,-7.36,-5.479,-12.839
HIT_0132,Clc1ccc2c(c1)CCN2c1ccc2c(c1)[C@]1(CCC2)COCCN1,-7.48,-5.357,-12.837
HIT_0133,Fc1ccc(F)c(N2CC3(C2)CC2(COC2)C3)c1Oc1ccc2c(n1)NCCC2,-7.443,-5.391,-12.834
HIT_0134,O[C@@H]1Cc2ccc(N3CCCc4ccccc43)cc2C1,-7.794,-5.039,-12.832999999999998
HIT_0135,C[C@H](c1nc2cc(Cl)ccc2[nH]1)N1CCc2cc(F)c(F)cc2C1,-7.447,-5.384,-12.831
HIT_0136,C[C@@H]1[C@@H](O)CCCN1c1cccc(N2CCOc3ccc(F)cc3C2)n1,-7.505,-5.319,-12.824
HIT_0137,CN1CCN(C)C1N1CCOc2ccc(N3Cc4ccc(F)cc4C3)cc21,-7.821,-5.001,-12.822
HIT_0138,N#Cc1c(O)cccc1N1CCCNC[C@H](N2CCc3ccccc32)C1,-7.776,-5.046,-12.822
HIT_0139,C[C@H]1CN(c2cc(Cl)cc3c2CCNC3=O)Cc2cc(Cl)ccc2O1,-8.116,-4.704,-12.82
HIT_0140,Cc1cc(F)cnc1N1CC[C@@]2(C(=O)N3CC[C@H](O)c4ccc(F)cc43)CCC[C@H]12,-8.272,-4.547,-12.818999999999999
HIT_0141,C[C@@H](C(=O)n1c(=O)[nH]c2c(F)cccc2c1=O)c1cccc(F)c1,-7.292,-5.527,-12.818999999999999
HIT_0142,c1cc2c(c(Nc3ccc4c(c3)[C@@H](N[C@H]3CCCCNC3)CC4)c1)CC2,-7.721,-5.097,-12.818000000000001
HIT_0143,Cc1ccc2c(c1)[C@H](N1CCC([C@H](O)C(=O)N3CCc4cc(Cl)ncc4C3)CC1)CO2,-7.417,-5.4,-12.817
HIT_0144,Cc1ncc(NC(=O)[C@]2(F)CC[C@H](N)CC2)cc1N1CCc2ccc(F)cc2C1,-6.496,-6.319,-12.815000000000001
HIT_0145,C[C@H]1N(c2ccc3c(c2)[C@@H](Oc2ccc4c(c2F)OCC4=O)CC3)CCC1(F)F,-7.985,-4.829,-12.814
HIT_0146,COC1(C(=O)N2CCc3c(F)cc(F)cc32)CN([C@@H]2CCNCc3ccccc32)C1,-7.208,-5.606,-12.814
HIT_0147,C[C@@H]1CN(c2ccc3c(c2)N(c2ccc4c(c2)OCC4)CC3)[C@@H](C)CN1,-7.7,-5.113,-12.813
HIT_0148,Cc1cc(-c2cc(C)c3c(c2)CCN([C@H]2C[C@H](C)NC[C@@H]2C)C3)cnc1F,-7.9,-4.91,-12.81
HIT_0149,O=C([C@@H]1CNCCCO1)N1CCOc2ccc(N3CCc4c(F)cccc4C3)cc21,-8.37,-4.437,-12.806999999999999
HIT_0150,N#Cc1cc(N2C[C@@H](c3nc4cccc(C#N)c4o3)CC(F)(F)C2)ccc1O,-7.598,-5.204,-12.802
HIT_0151,CC[C@@H]1[C@H](O)CCN1c1ccc(F)c2c1CN(c1ccc(C#N)c(F)c1)CC2,-8.322,-4.48,-12.802
HIT_0152,O=C1CCOc2ccc(N3CC[C@@](O)(c4nc5cccc6c5n4CCC6)C3)cc21,-7.377,-5.424,-12.801
HIT_0153,c1cc2c(cc1N[C@H]1CCCC3(CCCC3)C1)CC[C@@]21COCCN1,-7.236,-5.564,-12.8
HIT_0154,N#Cc1ccc(N2CCOc3ccc(N4CCOCOCC4)cc32)o1,-7.942,-4.854,-12.796
HIT_0155,Cc1cnc(O)c(N[C@]2(C(=O)N3CCCc4ccc(O)cc4C3)C[C@@H](F)C2)c1,-7.347,-5.446,-12.793
HIT_0156,Cc1cccc2c1N(C(=O)[C@@H]1[C@H](C)CCN1c1nccc3c1CCNC3)CCC2,-7.741,-5.049,-12.79
HIT_0157,O[C@H]1CCc2ccc(N3CCc4ccc(F)cc4C3)cc21,-7.975,-4.809,-12.783999999999999
HIT_0158,C[C@@H]1CCN(c2c(O)ccc3c2CCN([C@H]2COCc4c(F)cccc42)C3)CCC1=O,-6.827,-5.954,-12.780999999999999
HIT_0159,N#Cc1cccc2c1[C@@H](N1CCNc3ccc(O)cc3C1)C2,-7.623,-5.154,-12.777000000000001
HIT_0160,O=C1NCCc2ccc(N3CCC[C@]34CCc3cc(F)ccc34)nc21,-7.371,-5.4,-12.771
HIT_0161,COc1ccc(Oc2cccc3c2CCNC3=O)c(N2CCCC[C@](C)(O)C2)c1,-7.775,-4.995,-12.77
HIT_0162,C[C@@H]1CN(c2cnccc2-c2nc3c(F)ccc(F)c3o2)CCCC1=O,-7.488,-5.281,-12.769
HIT_0163,N#Cc1c[nH]nc1Oc1cccc2c1CN(c1ccnc3cn[nH]c13)CC2,-7.862,-4.906,-12.768
HIT_0164,C[C@@H]1CC[C@H](N2CCCc3c(F)ccc(F)c32)CN1Cc1c(O)cccc1F,-7.472,-5.296,-12.768
HIT_0165,Cc1ccoc1C(=O)N1CCc2cccc(N3CCN[C@H](C)CC3)c2C1,-7.954,-4.813,-12.767
HIT_0166,O=C1Cc2c(N3CCc4nc(C(=O)N5CCC[C@]56CCCOC6)ccc4C3)ccc(F)c2N1,-7.108,-5.651,-12.759
HIT_0167,CO[C@H]1CCN(c2cccc3c2CN(c2ccc(F)c4c2CNCC4)C3)[C@H]1C,-7.958,-4.795,-12.753
HIT_0168,O=C1CC(=O)CN([C@@H]2CCCc3[nH]c(N4CCc5c(F)cccc5C4)cc32)C1,-7.708,-5.044,-12.751999999999999
HIT_0169,N#Cc1cccc(F)c1N1CCC(C(=O)N2C[C@@H](F)c3ccccc32)CC1,-6.811,-5.94,-12.751000000000001
HIT_0170,Cc1cnc(N2CCNc3ccc(C(=O)N4CCC[C@@](C)(F)CC4)cc32)cn1,-7.625,-5.125,-12.75
HIT_0171,O[C@H]1CCOc2cc(N3CCCc4ccc(F)cc4C3)ccc21,-8.007,-4.742,-12.748999999999999
HIT_0172,Cc1cccc2c1C(=O)CCN2c1nccc2c1CCCN2,-7.576,-5.171,-12.747
HIT_0173,O=C1Cc2ccc(N3CCOc4ccc(CO)cc4C3)cc2N1,-7.277,-5.47,-12.747
HIT_0174,Cc1ccn(N)c1C(=O)N1CCC[C@@]12CCN(c1cccc3c1CCNC3=O)C2,-7.491,-5.255,-12.745999999999999
HIT_0175,Cc1ccc(N2CCC(c3ccc4c(c3)N(c3cccc(C#N)c3C)CC4)CC2)c(F)n1,-7.541,-5.202,-12.743
HIT_0176,N#Cc1cc(N2CC[C@@]23CCCc2ccccc23)c(F)cc1O,-7.151,-5.591,-12.742
HIT_0177,O=C(c1ccc2c(c1)NCCN2)N1Cc2cccc3c2[C@H](CCC3)C1,-7.16,-5.582,-12.742
HIT_0178,Brc1cncc([C@@H]2CCCN2c2ccc3c(c2)[C@]2(CC3)COCCN2)c1,-7.393,-5.345,-12.738
HIT_0179,O=C([C@@H]1CC2(CC2)CN1c1ccc2c(c1)NCC2)N1C[C@H](F)c2ccccc21,-7.617,-5.118,-12.735
HIT_0180,N#Cc1ccccc1N1CCc2nc(N3CCCCOCC3)ccc2C1,-7.307,-5.426,-12.733
HIT_0181,O=C([C@@H]1[C@@H]2CC[C@H]1CN(c1cccc3c1NCC3)C2)N1Cc2cc(F)cnc2C1,-6.915,-5.817,-12.732
HIT_0182,C[C@@H]1Cc2ccccc2CN1c1cc(F)cc2c1CCN(C(=O)C1(O)CNC1)C2,-7.65,-5.081,-12.731000000000002
HIT_0183,CC(=O)[C@H]1CCN(c2cccc3c2CCN(c2ccc4c(c2)[C@]2(CCN2)CCO4)C3)C1,-8.064,-4.667,-12.731
HIT_0184,CC1(C(=O)N2CCc3ncccc3C2)CCN(c2ccc(F)c3c2NCC3)CC1,-8.102,-4.628,-12.73
HIT_0185,C[C@@H]1CN(c2cccc3c2CN(c2cc(C#N)ccc2F)CC3)CC[C@H]1O,-8.14,-4.589,-12.729000000000001
HIT_0186,N[C@@H]1COCc2ccc(N3CCCc4ccc(F)cc43)cc21,-8.059,-4.665,-12.724
HIT_0187,Cc1cc(-c2ccccc2[C@H]2CCN(c3ccc(C#N)c(O)c3F)C2)ccc1F,-7.152,-5.571,-12.722999999999999
HIT_0188,O=C1C[C@H]2C[C@@H]1[C@H](C(=O)NCc1cc(F)ccc1-c1ccc3c(c1)OCC3)C2,-7.444,-5.278,-12.722
HIT_0189,O=C(c1cc2c(nc1O)CCNC2)N1CCc2cc(F)c(F)cc2C1,-7.46,-5.261,-12.721
HIT_0190,Fc1cncc(-c2ccc3c(c2)[C@@H](N2CC[C@@]24CCOC4)CCN3)c1,-7.706,-5.014,-12.72
HIT_0191,Cc1cccc2c1CN(c1ccc(C#N)nc1N1CC[C@](F)(C#N)C1)C2,-7.772,-4.947,-12.719000000000001
HIT_0192,O=C1NCCOc2ccc(Nc3cc4c(cc3N3CC(F)(F)C35CCCC5)OCC4)cc21,-7.63,-5.087,-12.716999999999999
HIT_0193,CC1=CC(C)=NCCN1c1cc2c(cc1O)[C@H](N(C)c1ncccc1C)CC2,-7.853,-4.863,-12.716000000000001
HIT_0194,C[C@](C#N)(NC1CC2(CCN(c3c[nH]c(C(N)=O)c3)CC2)C1)c1ccc(F)cc1,-7.375,-5.339,-12.714
HIT_0195,C[C@@H]1NCC[C@H]1C(=O)N1CCc2ccc(-c3ccncc3)cc2C1,-7.606,-5.106,-12.712
HIT_0196,Cc1[nH]c(C(=O)N2CCCOC[C@@H]2C)cc1N1CCc2cc(F)ccc21,-7.462,-5.249,-12.710999999999999
HIT_0197,C[C@]1(C#N)CN([C@@H]2CN(c3ccc4c(c3)CNCCO4)c3ccc(Br)cc32)CCO1,-7.826,-4.884,-12.71
HIT_0198,N#Cc1ccc(-c2cccc3c2CCN(C2CC4(CNC4)C2)C3)c(F)c1,-8.517,-4.193,-12.709999999999999
HIT_0199,C[C@@H]1C[C@@H](O)CN(c2ccc3c(c2)N(c2ccc4c(n2)NCC4)CC3)C1,-7.907,-4.801,-12.708
HIT_0200,O=C([C@H]1CCN1c1cccc2c1CNC2)N1Cc2cccc(Br)c2C1,-7.887,-4.821,-12.707999999999998
HIT_0201,Cc1cc(N2C[C@H](C)OC3(CCCC3)C2)ccc1Oc1ccc2c(c1)OCCN2,-7.275,-5.43,-12.705
HIT_0202,C[C@@H]1[C@@H](C(=O)O)CCN1[C@@H]1CCc2cc(-c3ccc(F)cc3)ccc21,-7.377,-5.327,-12.704
HIT_0203,Cc1ccc(F)c2c1N(C(=O)[C@]1(F)CCN(c3c[nH]nc3C#N)C1)CCC2,-6.96,-5.742,-12.702
HIT_0204,CC1(C)C[C@H](C(=O)N2CCCNc3ccccc3C2)N(c2cccnc2O)C1,-8.2,-4.501,-12.701
HIT_0205,Cc1ccc2c(c1)CC[C@@H]2N1CCc2cc(F)ccc21,-7.717,-4.982,-12.699
HIT_0206,C[C@@]1(c2cccc(F)c2)CCN(C(=O)c2ccc(C#N)c(N)c2)C1,-7.681,-5.017,-12.698
HIT_0207,Cc1cncc(-c2ccc3c(c2)N(C2CNCCCNC2)CCO3)c1C,-7.099,-5.599,-12.698
HIT_0208,O[C@@H]1CCN(c2cnc(N[C@@H]3CCCc4c(F)cccc43)c(F)c2)C[C@H]1F,-8.308,-4.39,-12.698
HIT_0209,Cc1cc(Nc2ccc3c(c2)NCCC3=O)cc(N2CCC[C@H]3COCC[C@@H]32)n1,-7.133,-5.563,-12.696
HIT_0210,Fc1ccc2c(c1)CCN2c1ccc2c(c1)CNCCC2,-7.577,-5.119,-12.696
HIT_0211,CNC(=O)Cc1cccc(N2CCC3(CC2)CC(C(=O)O)(N2CCCc4ccc(F)c(F)c42)C3)c1,-7.351,-5.345,-12.696
HIT_0212,Cc1cc(NC(=O)C2(C)CNC2)cc(N2CCCc3cc(F)ccc32)c1,-7.374,-5.321,-12.695
HIT_0213,CC1(Nc2cc(-c3ncccc3F)c3c(n2)NCC3)CCCCCC1,-7.181,-5.514,-12.695
HIT_0214,C[C@@H]1CN(c2cc(N[C@@H]3CCc4c(F)cc(F)cc4C3)ccn2)CC[C@@H]1O,-7.431,-5.258,-12.689
HIT_0215,Cc1ccc(N2Cc3cccc(C)c3C2)c(-c2noc(-c3ncccc3O)n2)n1,-8.026,-4.663,-12.689
HIT_0216,O=C(C1CCN(c2cc(F)ccc2O)CC1)N1CCCc2cc(Cl)ccc2C1,-7.856,-4.832,-12.687999999999999
HIT_0217,Fc1cc(Oc2cccc(N3CCCCc4ccncc43)c2)cc2c1CNCC2,-7.547,-5.138,-12.684999999999999
HIT_0218,C[C@H]1CC[C@H](N[C@H]2CCN(C)Cc3ccc(F)cc32)C[C@@H]1C,-7.829,-4.856,-12.684999999999999
HIT_0219,Cc1cc(C#N)c(N2CCc3c(O)ccc(F)c3C2)nc1C,-7.784,-4.9,-12.684000000000001
HIT_0220,N[C@@H]1COc2ccc(N3CCc4c(F)cc(F)cc4C3)cc2C1,-7.947,-4.737,-12.684000000000001
HIT_0221,Fc1ccc2c(c1)[C@H](N1CCCc3cccc(F)c3C1)CCN2,-7.429,-5.252,-12.681000000000001
HIT_0222,Cc1nc(N2CCCC(C)(C)[C@@H]2C)ccc1Oc1ccc2c(c1)OCC[C@H]2O,-7.413,-5.268,-12.681000000000001
HIT_0223,CC1(C)CN(c2ccc3c(c2)N(c2ccc(F)cc2)CC3)CCN1,-7.929,-4.751,-12.68
HIT_0224,C[C@H]1[C@@H](c2nc3cc(F)c(F)cc3o2)CCCN1c1ccc(C#N)s1,-7.489,-5.19,-12.679
HIT_0225,Cc1cccc2c1N(C(=O)[C@@H]1CC[C@H](C)N1c1cncc3c1CCN3)CCNC2,-7.076,-5.603,-12.678999999999998
HIT_0226,Cc1ccc(N[C@H]2C[C@@](F)(C(=O)N(C)c3ccc(F)c(F)c3F)C2)nc1,-7.231,-5.447,-12.678
HIT_0227,C[C@H]1C[S@](=O)CCN1c1cccc(N(C)c2ccc3c(c2)CCCNC3)c1,-6.907,-5.771,-12.678
HIT_0228,O=C(Nc1cnc2c(c1)CCC2)N[C@@H]1CCc2cc(F)cc(F)c2C1,-6.822,-5.855,-12.677
HIT_0229,CC1(C)CN(c2ccc3c(c2)CN(c2ccc(F)c4c2CC(=O)N4)CC3)CCCN1,-8.396,-4.28,-12.676000000000002
HIT_0230,Ic1ccc2c(c1)N(c1ccc3c(c1)[C@@]1(CCN1)CCO3)CC2,-7.553,-5.123,-12.676
HIT_0231,Fc1cccc2c1CN(c1ccc3c(c1)CCN3)CCC2,-7.456,-5.219,-12.675
HIT_0232,C[C@@H]1CN(C(=O)N2CCN(c3cccc(C#N)c3)c3ccccc32)CC[C@@H]1N,-7.09,-5.581,-12.671
HIT_0233,O=[S@]1CCCN(c2ccc3c(c2)CN(c2ccc(F)cc2O)CCC3)CC1,-7.238,-5.433,-12.671
HIT_0234,Cn1nc(N2CCC[C@](C)(C#N)C2)cc1Nc1ccc(F)c2c1CNCC2,-7.802,-4.867,-12.669
HIT_0235,Oc1ccc2c(c1)CN(C1=CC[C@@H](O)c3ncccc31)CCC2,-7.877,-4.792,-12.669
HIT_0236,Oc1cccnc1N1CCc2ccc(N3CCCC34CCOCC4)cc21,-7.412,-5.257,-12.669
HIT_0237,N#Cc1ccc(N)cc1N1CC[C@@]12CCCc1ccccc12,-7.725,-4.943,-12.668
HIT_0238,O=C([C@@H]1CC2(CC2)CN1)N1CC2(CCCc3ccccc32)C1,-6.956,-5.711,-12.667000000000002
HIT_0239,Cc1cccc2c1CCC[C@H]2Nc1ccc2c(c1)OCC[C@]21CCN1,-7.613,-5.054,-12.667000000000002
HIT_0240,C[C@H]1CN(c2cnc3c(c2)N(c2cc(F)c(F)cc2C#N)CCN3)CC[C@@]1(C)O,-8.438,-4.224,-12.662
HIT_0241,C[C@@H]1CCc2cccc(O)c2N1C(=O)c1cccc2c1COCC2,-7.456,-5.203,-12.659
HIT_0242,Cc1cnc(C#N)c(N2CCCc3ccc(Oc4ccc(=O)n(C)c4)cc3C2)c1,-7.272,-5.387,-12.658999999999999
HIT_0243,Cc1ccc(N2CCc3c(C#N)cccc3C2)nc1NC(=O)N1CCOCC1,-7.26,-5.396,-12.655999999999999
HIT_0244,CN1CCN(C(=O)c2cc(N3CCOc4c(F)cccc43)c[nH]2)C(C)(C)C1,-7.68,-4.973,-12.652999999999999
HIT_0245,O[C@]1(c2ccccc2)CCCN(c2ccc3c(c2)CNCC3)C1,-7.663,-4.989,-12.652000000000001
HIT_0246,C[C@@H]1CN(c2ccc3c(c2)CNCC3)CC[C@H]1N1CCc2ccc(F)cc21,-7.194,-5.453,-12.647
HIT_0247,C[C@H]1C(=O)CCC[C@@H]1N1CCNc2ccc(-c3ccc(O)nc3)nc21,-7.475,-5.172,-12.646999999999998
HIT_0248,c1ccc2c(c1)CCN(c1cncc(N[C@@H]3CC34CCCC4)n1)C2,-7.239,-5.403,-12.642
HIT_0249,C[C@@H]1CN(c2cc(O[C@H]3CCc4ccccc43)cnc2N)C[C@H](C)N1,-7.435,-5.207,-12.642
HIT_0250,C[C@@H]1OCC[C@H]1OC(=O)c1cc(N2CCCNc3cc(F)c(F)cc32)n(C)n1,-7.452,-5.188,-12.64
HIT_0251,Cc1cc(F)cc2c1CN(c1ccc3c(c1)OCCN3)CC2,-8.034,-4.606,-12.64
HIT_0252,C[C@@]1(O)Cc2cccc(N3CCOc4cc(F)ccc43)c21,-7.364,-5.272,-12.636
HIT_0253,CC(=O)[C@H]1CCN(c2ccc3c(c2)N(c2cc4c(cc2F)CCN4)CC3)C1,-7.626,-5.01,-12.636
HIT_0254,Cc1cc(-c2ccc3c(c2)N(C(=O)[C@H]2NCC[C@H]2C)CCN3)ccc1C#N,-7.828,-4.807,-12.635000000000002
HIT_0255,O=C(N1CCc2ccc(N3CCc4cc(F)c(F)cc4C3)cc21)C1(O)CNC1,-7.905,-4.729,-12.634
HIT_0256,Cc1cc(N2CCc3ccc(N4CC5(CC[C@@H](O)C5)C4)cc32)cc(C)n1,-7.561,-5.068,-12.629
HIT_0257,c1ccc2c(c1)CN([C@@H]1CCN(C3CNCCCNC3)c3ncccc31)C2,-8.102,-4.524,-12.626000000000001
HIT_0258,C[C@H]1Oc2cc(F)ccc2[C@H]1Nc1ccc2c(c1)CNCC2,-7.606,-5.02,-12.626
HIT_0259,CC1(C)N[C@@H](C(=O)N2CCc3ccc(-c4ccc(Cl)cc4C#N)cc32)CS1,-7.92,-4.705,-12.625
HIT_0260,Cc1[nH]c(C(=O)N[C@@H]2CCc3nn(C)cc32)cc1N1CCC(F)(F)[C@H]1C(=O)O,-6.674,-5.948,-12.622
HIT_0261,C[C@@H]1C[C@@H](C)CN(c2cc3c(cn2)N(c2cc4c(cn2)CCN4)CCO3)C1,-7.896,-4.725,-12.620999999999999
HIT_0262,Cc1cccc(C(=O)N2CCCc3cc(C(=O)NC4CCC(=O)CC4)ccc32)c1,-7.438,-5.182,-12.620000000000001
HIT_0263,C[C@@H]1NCc2cc(N(CCO)c3cccc(N4CCc5c(F)cc(F)cc54)c3)cnc21,-7.22,-5.4,-12.620000000000001
HIT_0264,C[C@]1(Oc2ccc3c(n2)N(c2cc(F)c4c(c2)CCNC4)CC3)CCNC[C@@H]1F,-7.804,-4.816,-12.620000000000001
HIT_0265,Cc1c(F)ccc2c1N(C(=O)c1ccc3c(c1)CCN3)CCC2,-7.904,-4.714,-12.618
HIT_0266,Cc1ncn(C)c1N1CCOc2ccc(N3CCc4cc(O)ccc4C3)cc21,-7.086,-5.53,-12.616
HIT_0267,C[C@]1(C(=O)N2Cc3ccc(N4CCc5cc(F)ccc5C4)cc3C2)CCN1,-7.881,-4.734,-12.615
HIT_0268,Cc1c(NC(=O)N2CCNC[C@H]2C)ccc(N2CCc3cccc4c3[C@H](CCC4)C2)c1F,-7.365,-5.25,-12.615
HIT_0269,Cc1c(N2CCc3cc(F)cc(F)c3C2)ccc2c1CNC2,-7.897,-4.716,-12.613
HIT_0270,CN(c1ccc2c(c1)CN(C(=O)[C@@]1(F)CNCC13CCC3)C2)c1cc(Cl)nnc1O,-7.722,-4.888,-12.61
HIT_0271,Cc1nc(C)c(N2CCOC[C@H]2C(=O)N2CCCCc3ccccc32)[nH]1,-7.356,-5.253,-12.609
HIT_0272,CC1(C)CN(c2occc2C#N)[C@H]1C(=O)Nc1cc(N2CCC(=O)c3c(F)cccc32)ccn1,-7.053,-5.555,-12.608
HIT_0273,C[C@@H]1Cc2cccc(O)c2N(c2ccc3c(c2)[C@@]2(CC3)COCCN2)C1,-8.627,-3.98,-12.607000000000001
HIT_0274,NC(=O)[C@H]1CCC[C@](Oc2cccc(-c3cncc(C(F)(F)F)c3)c2F)(C(=O)O)C1,-7.612,-4.995,-12.607
HIT_0275,O=C(c1ccc2c(c1)CNC2)N1CCc2ccc(O)cc2CC1,-7.499,-5.108,-12.607
HIT_0276,C[C@@H]1CN(c2cc(N3CCc4cc(Br)cc(F)c4C3)ccc2C#N)CCN1,-7.249,-5.355,-12.604
HIT_0277,Cc1c(F)ccc(N[C@H]2CCc3ccc4c(c32)CCC4)c1N1CC[C@](C)(O)[C@H](C)C1,-7.845,-4.759,-12.604
HIT_0278,Cc1ccc(F)c2c1N(c1cnc(NC(=O)C3(N)CC4(CC4)C3)cn1)CCC2,-7.447,-5.156,-12.603
HIT_0279,Cn1ncc(-c2nc3cc(F)ccc3n2C2(C)CCCCC2)n1,-7.709,-4.893,-12.602
HIT_0280,Cc1c(C#N)cncc1N[C@H]1CC2(C1)C[C@H](C(=O)N1Cc3ccc(F)cc3C1)C2,-7.525,-5.077,-12.602
HIT_0281,Oc1ccc2c(c1)N(c1ccc3c(c1)[C@@]1(CC3)COCCN1)CCC2,-7.76,-4.841,-12.600999999999999
HIT_0282,Cc1cccc2c1CCN2c1cc(NC2=C(C#N)CCCC2)ccn1,-7.706,-4.895,-12.600999999999999
HIT_0283,N#CCC(=O)N1CCCc2ccc(N3CCc4cccc(F)c43)cc2C1,-6.785,-5.813,-12.597999999999999
HIT_0284,O=C(c1[nH]cnc1CO)N1CCc2ccc(N3C[C@@H](F)c4ccccc43)cc21,-7.356,-5.241,-12.597
HIT_0285,C[C@@H]1CCN(C(=O)[C@@H]2CCN([C@H]3CCc4c(F)cccc4C3)C2)[C@@H]1C(=O)O,-7.337,-5.26,-12.597
HIT_0286,O=C1c2c(cccc2C2=CCCC2)CN1[C@@]1(C(=O)O)COc2ncccc21,-7.383,-5.213,-12.596
HIT_0287,C[C@H]1CN(c2ccc(F)c3c2CN(c2cnc4c(c2)NCC4)CC3)[C@@H](C)CO1,-7.574,-5.021,-12.594999999999999
HIT_0288,O[C@@H]1CCc2c(O[C@@H]3CCc4c(F)ccc(F)c43)cccc21,-7.703,-4.891,-12.594000000000001
HIT_0289,C[C@]1(F)C[C@@H](c2nc3nc(Cl)cnc3n2[C@H]2Cc3ccccc32)C1,-7.115,-5.478,-12.593
HIT_0290,O=C(Nc1ncccc1N1CC2(CC2)c2cccc(F)c21)[C@@H]1CCCN1,-7.181,-5.409,-12.59
HIT_0291,Cc1cc(-c2ccc3c(c2)N(C(=O)[C@@H]2NCC2(C)C)CCN3)ncc1F,-7.5,-5.089,-12.589
HIT_0292,Cc1ccc(F)c(O)c1N1CCC[C@](O)(CC(=O)N2CCc3c(F)ccc(F)c32)C1,-8.201,-4.382,-12.583
HIT_0293,CN1CC[C@H]1C(=O)N1CCc2cc(N3CCc4cc(F)cc(C(=O)O)c4C3)ccc2C1,-7.327,-5.256,-12.583
HIT_0294,C[C@H]1NCC[C@@H]1C(=O)Nc1ccc(F)c(CN2CCc3ccc(F)cc3C2)c1,-7.162,-5.42,-12.582
HIT_0295,Oc1cccc2c1CCC[C@@H]2N[C@@H]1CCc2ccc3c(c21)CCO3,-7.27,-5.312,-12.582
HIT_0296,CN1CC[C@@H]2CN(c3cccc(Oc4ccc(F)c5c4OCCC5=O)n3)C[C@H]21,-7.314,-5.267,-12.581
HIT_0297,O=C([C@H]1Cc2cc(F)ccc2CN1)N1CCc2c(O)ccc(F)c2C1,-7.5,-5.079,-12.579
HIT_0298,C[C@@H]1CCCN([C@H]2CNCc3ccc(N4CCc5cccc(F)c54)cc32)[C@H]1C,-7.599,-4.977,-12.576
HIT_0299,O=C1CCCc2c(N3CCc4c(F)ccc(F)c4C3)ccnc21,-7.577,-4.998,-12.575
HIT_0300,CC1(C)CCN[C@H]1c1nc(-c2cc(N3CCCc4c(F)cc(F)cc43)ccc2O)no1,-7.782,-4.793,-12.575
HIT_0301,C[C@@H]1CN(c2cnccc2C#N)C[C@H]1c1nc(-c2cccc3c2CCN3)no1,-7.373,-5.201,-12.574
HIT_0302,Cc1cc(C#N)cnc1N1CCC[C@]2(C1)C[C@H](N1CCCc3cccnc31)C2,-7.054,-5.517,-12.571000000000002
HIT_0303,N#CC1(C#N)CN(c2cc(N3CC[C@H]3c3ccccc3F)nc3c2CCN3)C1,-7.02,-5.551,-12.571
HIT_0304,CC1(C)CCCCN1[C@@H]1CCc2ccc(N3CCc4c(O)ccc(O)c4C3)cc21,-8.19,-4.381,-12.571
HIT_0305,Cc1c(O)cccc1N1CCc2ccc(N3CCC(C#N)CC3)cc21,-7.372,-5.197,-12.568999999999999
HIT_0306,C[C@@H]1[C@H](O)CCCN1c1ccc2c(c1)CN(c1c(F)cccc1C#N)CC2,-7.267,-5.301,-12.568000000000001
HIT_0307,N#Cc1cc(N)c(N)cc1N1CC2(CCOCC2)c2c(F)cccc21,-7.304,-5.264,-12.568000000000001
HIT_0308,Cc1cccc(-c2ccc3c(c2)[C@@H](N2CC[C@@H](O)[C@H](C)[C@@H]2C)CO3)c1C,-7.969,-4.598,-12.567
HIT_0309,CCN1CC(=Cc2ccc(-c3ccc(F)nc3C)o2)C(=O)NC2(CCCC2)C1=O,-6.876,-5.69,-12.566
HIT_0310,C[C@@H]1COCCCN1c1cc(N2CCc3ccc(Cl)cc3C2)cnc1O,-7.482,-5.084,-12.565999999999999
HIT_0311,NC(=O)c1cc(F)cc(N2CC[C@H](c3c(F)cccc3F)C2)c1F,-7.294,-5.271,-12.565
HIT_0312,N#Cc1cc(N2CCCc3ccc(O)cc3C2)ccc1O,-7.387,-5.177,-12.564
HIT_0313,C[C@@H]1CCCCN(c2ccc3c(c2)CCN(c2ccc4c(c2)[C@]2(CCN2)CCO4)C3)C1,-7.079,-5.484,-12.562999999999999
HIT_0314,Cc1cc2nc([C@H]3CNCC3(C)C)oc2cc1N1CCC2(CCCC(=O)N2)CC1,-7.354,-5.207,-12.561
HIT_0315,Cc1cccc2c1CCN2[C@H]1CC[C@@H](C)N(c2ccc3c(c2)CC[C@@H](O)C3=O)C1,-7.18,-5.381,-12.561
HIT_0316,N#Cc1ccncc1-c1cccc2c1CCN(c1ccc3c(c1)CNC3)C2,-6.972,-5.589,-12.561
HIT_0317,Cc1ccnc(O)c1C(=O)N1CCc2c(F)ccc(N3C[C@@H]4CCC[C@@]4(C#N)C3)c2C1,-7.879,-4.676,-12.555
HIT_0318,CC1=C(N2CCC(=O)[C@H](C)C2)CN(c2cnc3c(c2)C(=O)CCN3)CC1,-6.765,-5.787,-12.552
HIT_0319,C[C@@H]1CCCN(c2ccc(-c3ccc4c(c3)[C@]3(CCN3)CCO4)nc2)[C@@H]1C,-7.313,-5.239,-12.552
HIT_0320,O=C([C@H]1CCCN(C(=O)[C@@]23CCC[C@@H]2NCC3)C1)N1CCCc2ccccc2C1,-7.383,-5.166,-12.549
HIT_0321,FC1CCN(c2cncc(N3CCC[C@@H]3c3nc4cccc5c4n3CCO5)n2)CC1,-7.189,-5.356,-12.545
HIT_0322,O=C([C@H]1CCNC1)N1CC[C@@H](N2CCc3ccc(F)cc32)c2c(F)cccc21,-7.349,-5.194,-12.543
HIT_0323,CC1(C)CN(c2ccc3c(c2)[C@@H](N(c2ncncc2F)C2CC(=O)C2)CCN3)CCO1,-7.464,-5.078,-12.542000000000002
HIT_0324,O=C(N[C@@H]1CCc2cc(F)ccc21)c1ccc2c(n1)CCCN2,-7.482,-5.06,-12.542
HIT_0325,O=C(c1cccc2c1CN(c1ccc3c(n1)NCCC3)CC2)N1CCCNCCC1,-7.685,-4.857,-12.542
HIT_0326,Cc1cccc(C#N)c1N[C@@H]1CCOc2c(F)cc(-c3cccnc3F)cc21,-7.516,-5.025,-12.541
HIT_0327,Cc1cc(Oc2cc(C(=O)N3CCCOc4ccccc43)cnc2C)ccc1O,-6.788,-5.752,-12.54
HIT_0328,O=C([C@@H]1CN=CN1)N1CCc2ccc(N3CCc4c(F)cccc4C3)nc21,-7.378,-5.162,-12.54
HIT_0329,C[C@H]1Oc2c(F)cccc2[C@@H]1NC(=O)Cc1cc(N2CCC23CCOCC3)ccn1,-7.938,-4.602,-12.54
HIT_0330,O=C([C@@H]1Cc2cc(F)ccc2CN1)N1CCCc2cc(F)ccc2C1,-7.277,-5.262,-12.539
HIT_0331,C[C@H]1CCC(=O)CN1c1ccc2c(c1)CN([C@@H]1CNc3ccccc31)C2,-7.804,-4.734,-12.538
HIT_0332,Fc1ccc(-c2ccc3c(n2)N(c2ccc4c(c2)NCC4)CC3)c(Cl)c1,-7.578,-4.959,-12.536999999999999
HIT_0333,F[C@]1(c2cccc(N3Cc4ccccc4C3)c2)CCNC1,-7.535,-4.999,-12.533999999999999
HIT_0334,Fc1cccc2c1CCN(c1ccc3c(c1)N([C@@H]1CCCNCC1)CCO3)C2,-7.943,-4.59,-12.533
HIT_0335,Cc1ccc(-c2c(F)ccc3c2CC[C@@H]3N[C@H]2C[C@@H](C)[C@@H](C)C2)c(F)c1,-7.56,-4.972,-12.532
HIT_0336,Cn1cnc(Nc2cnc3c(c2)NCC3)c1C(=O)N1CCCc2cccc(F)c2C1,-7.748,-4.784,-12.532
HIT_0337,O=C1NCCN1c1cccc(N2CCCc3ccc(F)cc3C2)c1,-7.602,-4.929,-12.531
HIT_0338,CC1CC2(C1)CN(c1ccc3c(c1)COC[C@H]3N1CCCc3ccc(O)cc31)C2,-7.383,-5.147,-12.530000000000001
HIT_0339,Cc1ccc2c(c1)[C@H](N[C@H]1CCc3cccc(F)c31)CCN2,-7.222,-5.307,-12.529
HIT_0340,CC1=C(N2CCC(C)(C)[C@H]2C)CN(c2cc3c(cc2F)OCCN3)CC1,-6.793,-5.734,-12.527000000000001
HIT_0341,Nc1cnccc1N1CCC[C@@]12CCN([C@]1(C(=O)O)COc3ccc(F)cc3C1)C2,-8.027,-4.499,-12.526
HIT_0342,C[C@]1(O)CCC[C@H]1Nc1ccc2c(c1)CN([C@H]1CC[C@H](C)CC1)CCC2,-7.405,-5.119,-12.524000000000001
HIT_0343,Oc1cccc(F)c1-c1ccc2c(c1)NCC[C@H]2N1CCCCOCC1,-6.768,-5.754,-12.521999999999998
HIT_0344,CN(c1ccc2c(c1)CNC2)c1cccc(N2CC3(CCCCCO3)C2)n1,-6.939,-5.581,-12.52
HIT_0345,Fc1cc(Cl)ccc1-c1ccc2c(c1)CN(c1ccc3c(c1)CCNC3)CC2,-7.589,-4.929,-12.518
HIT_0346,Cc1ccc(-c2cccc3c2CCN(C(=O)[C@H]2CNCCCO2)C3)c(F)c1,-8.017,-4.5,-12.517
HIT_0347,C[C@H]1C[C@H](C)CN(c2ccc3c(c2)N(c2cccc4c2NC(=O)C42CC2)CC3)C1,-7.411,-5.106,-12.517
HIT_0348,C[C@H]1COCCCN1c1cnc2c(c1)CN(c1cccc3c1CNCC3)CC2,-7.692,-4.824,-12.516
HIT_0349,Cc1ccc(N2CCc3ccc(N4CCC[C@@H](O)[C@@H]4C)cc3C2)cn1,-7.822,-4.691,-12.513
HIT_0350,O=C(c1ccccc1[C@H]1CCCN1)N1CCCc2cc(F)ccc2C1,-7.493,-5.02,-12.513
HIT_0351,Cc1ccc(F)c2c1N([C@@H]1CCCN(c3nc4c(cc3C#N)CNCC4)CC1)CCC2,-8.169,-4.343,-12.512
HIT_0352,Cc1oncc1N(C)c1ccc2c(c1)[C@H](Oc1ccc(O)nc1N)CC2,-7.43,-5.082,-12.512
HIT_0353,N#C[C@]1(F)CCCN(c2cc3c(cc2F)[C@H](N2CCc4ccc(F)c(F)c42)CO3)C1,-7.633,-4.879,-12.512
HIT_0354,FC(F)(F)[C@H]1C[C@@H]1Nc1cccc2c1CN(c1c[nH]c3nccc-3c1)CC2,-7.37,-5.141,-12.511
HIT_0355,Cc1ccc(C(=O)N2CCCCNc3ccccc32)cc1,-7.641,-4.869,-12.51
HIT_0356,Cc1ncc(C(=O)Nc2ccc(=O)n(C)c2)cc1N1CCc2oncc2C1,-7.263,-5.247,-12.51
HIT_0357,Cc1cnc(-c2ccc(C#N)cc2)cc1Oc1ccc2c(c1)NC(=O)CO2,-7.659,-4.848,-12.507
HIT_0358,C[C@@H]1Cc2ccc(N3CCC(F)(F)[C@@H](C)C3)cc2CN1c1cc2c(cc1F)NCCO2,-6.95,-5.556,-12.506
HIT_0359,O=C(c1n[nH]cc1F)N1CCOc2ccc(N3CC4(CCCCC4)C3)cc21,-7.542,-4.962,-12.504
HIT_0360,c1cc2c(c(N3CCCNC[C@@H](N4CCc5ccncc54)C3)c1)CNCC2,-7.624,-4.88,-12.504
HIT_0361,O=C1OCc2ccc(N3CCNCCNCc4cccc(n4)C3)cc21,-7.602,-4.897,-12.499
HIT_0362,O=C1COc2ccc(N3CCN[C@@H](C(=O)N4CCCc5ccc(F)cc5C4)C3)cc21,-7.68,-4.817,-12.497
HIT_0363,C[C@]1(O)CCN(Cc2ccc(F)cc2N2Cc3ccc(F)cc3C2)C1,-7.777,-4.72,-12.497
HIT_0364,C[C@@H]1c2c(F)cccc2CCN1C(=O)[C@@]1(C)CCN(c2ccc(F)cn2)C1,-6.849,-5.648,-12.497
HIT_0365,N#Cc1c[nH]nc1N1CCCc2ccc(N3CC[C@@](F)(C#N)C3)cc2C1,-7.222,-5.273,-12.495000000000001
HIT_0366,Cc1cc(-c2ccc3c(c2)CN(C(=O)[C@H]2CN[C@H]2C)CCC3)cnc1C,-7.1,-5.395,-12.495
HIT_0367,C[C@H]1NCCC[C@@H]1C(=O)N1CCCCc2ccc(-c3ccc(O)nc3F)nc21,-7.717,-4.778,-12.495
HIT_0368,C[C@@H]1c2ccccc2[C@H](C)N1C(=O)[C@H]1CN(c2cnn3c2CNCC3)CC12CCCC2,-7.673,-4.82,-12.493
HIT_0369,C[C@@H]1CC(=O)CCN1c1cnc2c(c1)N([C@H]1CCCCCC(=O)[C@H]1F)CC2,-7.62,-4.873,-12.493
HIT_0370,Nc1ccc2c(c1)[C@@H](N1CCC(F)(F)CC1)c1ccccc1-2,-7.792,-4.7,-12.492
HIT_0371,O=C[C@@H]1CN(C(=O)[C@H]2CC[C@@H](C(=O)N3CCC[S@](=O)c4ccccc43)C2)c2ccccc21,-6.683,-5.808,-12.491
HIT_0372,C[C@H]1CCN[C@H]1C(=O)N[C@H]1CCc2c1ccc(F)c2-c1ccc(C#N)c(F)c1,-6.707,-5.782,-12.489
HIT_0373,C[C@H]1[C@H](c2ccccc2)NCC[C@@H]1N1[C@@H]2CCC[C@H]1C[C@H](C#N)C2,-7.501,-4.988,-12.489
HIT_0374,C[C@@H]1Cc2nc(Nc3ncccc3N(C)[C@H]3CCc4ccc5c(c43)CCC5)sc2CN1,-7.655,-4.831,-12.486
HIT_0375,Cc1ccnc(N2CCc3ccc(N4CCC[C@@H](C)[C@H]4C)cc32)c1,-7.752,-4.733,-12.485
HIT_0376,COc1cccc2c1CN(c1cccc(Oc3cc4c(cc3F)C(=O)CO4)n1)CC2,-7.969,-4.515,-12.484
HIT_0377,Cc1cc(O)ncc1N1c2ccccc2C[C@H]1C(=O)N1CCCC2(CC2)C1,-8.117,-4.366,-12.483
HIT_0378,C[C@]1(C#N)CCN(c2cc3c(cn2)N(c2ccc4c(c2)CCCNC4)CCO3)C1,-7.865,-4.617,-12.482
HIT_0379,Cc1cccc(N)c1N1CCN(c2cccc3c2NCC3)CC(=O)C1,-7.057,-5.425,-12.482
HIT_0380,CC1(C)CN(c2cc(-c3ccc(C#N)cc3F)cnc2C(N)=O)CCS1(=O)=O,-7.057,-5.424,-12.481000000000002
HIT_0381,Cc1cccc(C#N)c1N1CCCn2nc(C(=O)N3CCC(=O)C3(C)C)cc2C1,-7.193,-5.288,-12.481
HIT_0382,C[C@@H]1C(=O)CCC[C@@]1(O)Oc1ccc2c(c1)CCN(c1onc3c1CCC3)C2,-7.063,-5.418,-12.481
HIT_0383,Cc1cccc2c1N(c1ccc3c(c1)C[C@@H](C)N(C(=O)[C@]1(C)CCCN1)C3)CCNC2,-8.062,-4.417,-12.479
HIT_0384,c1cc(N2CC[C@@]3(CCCO3)C2)c2c(c1)N(c1c[nH]c3nccc-3c1)CC2,-7.543,-4.936,-12.479
HIT_0385,O=C([C@@H]1CC[C@H]1c1nc2ccnc(-c3cc4cccnc4[nH]3)c2o1)N1CCC(F)(F)C1,-8.006,-4.473,-12.479
HIT_0386,C[C@]1(C#N)CCN(c2cc(Nc3ccc4c(c3)C(=O)CO4)c3c(c2)OCCO3)C1,-7.481,-4.998,-12.479
HIT_0387,C[C@H]1C[C@H](C(F)(F)F)CN(c2ccc3c(c2)N(C(=O)c2ccc(Cl)cc2F)CCN3)C1,-7.638,-4.84,-12.478
HIT_0388,C[C@@H]1[C@@H](C)N(c2ccc(F)c3c2CC(=O)N3)CCN1c1ccc2c(c1)CCCNC2,-8.125,-4.351,-12.475999999999999
HIT_0389,C[C@@]1(c2ccccc2)CCCN1C(=O)C1(NC(=O)N[C@@H]2CCCOc3cc(F)ccc32)CCCC1,-7.405,-5.07,-12.475000000000001
HIT_0390,Cc1cc(-c2cccc3c2O[C@@H](C(=O)N2C[C@@H](C)O[C@@H](C)[C@@H]2C)N3)ccc1F,-7.323,-5.152,-12.475000000000001
HIT_0391,O=C([C@@H]1C[C@]12CCNC2)N1Cc2cccc3cccc(c23)C1,-7.318,-5.157,-12.475
HIT_0392,C[C@@H]1CCN(c2ccc(O)c(F)c2)CC[C@H]1N1CCc2c(F)cccc2C1,-7.662,-4.813,-12.475
HIT_0393,O=C([C@@H]1CNCCO1)N1CCc2cccc(N3CCc4ccc(O)cc4C3)c2C1,-8.431,-4.044,-12.474999999999998
HIT_0394,FC(F)(F)c1ccnc(N[C@H]2C[C@@H](N3CCOc4ccc(Cl)cc4C3)C2)n1,-6.777,-5.697,-12.474
HIT_0395,O=C(c1ccc2c(c1)CNC2)N1CCc2ccc(F)c(F)c21,-7.239,-5.234,-12.472999999999999
HIT_0396,CN(C)c1nc(O)cc([C@H]2CCN(c3ccc4c(c3)C(=O)CCN4C(=O)c3cccc(F)c3)C2)n1,-6.671,-5.799,-12.47
HIT_0397,c1cc2c(c(Oc3ccc4c(c3)[C@]3(CC4)COCCN3)c1)CCN2,-7.962,-4.506,-12.468
HIT_0398,Cc1nc2c(o1)CCN([C@@H]1CC[C@H](C)N(c3ccc4c(c3)CCCNC4)C1)C2,-7.403,-5.065,-12.468
HIT_0399,O=C(c1n[nH]c(N2CCC3(CCCC3)C2)n1)N1CCc2cccc(Cl)c2C1,-6.606,-5.86,-12.466000000000001
HIT_0400,C[C@@H]1NCc2cc(N[C@@H]3CCc4ccc(F)cc4C3)cnc21,-7.415,-5.049,-12.464
HIT_0401,C[C@@H]1CN(c2ccc3c(c2)C[C@@H](O)C3)CC[C@H]1N1CCc2ccc(F)cc21,-7.077,-5.387,-12.463999999999999
HIT_0402,Cc1cccc(C#N)c1N1CCc2c(ccc(O)c2N2CCC[C@](C)(F)C2)C1,-7.431,-5.032,-12.463000000000001
HIT_0403,Cc1cncc(F)c1C(=O)N1CCCNC[C@H](N2CCc3ccc(O)cc3C2)C1,-7.653,-4.81,-12.463
HIT_0404,O=C(N[C@H]1[C@@H]2COC[C@@H]21)N1CC[C@H](N2CCc3c(Cl)cccc32)c2ccccc21,-7.358,-5.103,-12.460999999999999
HIT_0405,O=C(c1ccc2c(c1)CCN2)N1CCc2c(F)cc(F)cc2C1,-7.225,-5.235,-12.46
HIT_0406,C[C@@H]1CNCC[C@@H]1N1CCc2ccc(N3CCC34CCOCC4)cc21,-7.323,-5.136,-12.459
HIT_0407,Cc1cc2c(c(N3CC4(CC(N5CCc6ccc(F)cc65)C4)C3)c1)OC[C@H]2O,-7.793,-4.666,-12.459
HIT_0408,C[C@@H]1CCC12CN(c1ccc3c(c1)CN(C(=O)[C@H]1NCC[C@H]1O)CC3)C2,-7.709,-4.749,-12.457999999999998
HIT_0409,COc1ccc(N2CCC3(CC2)CC(F)(F)CO3)c(CCN2CCc3ccccc3C2)c1,-7.11,-5.344,-12.454
HIT_0410,O=C1NCCCc2c1cccc2N1CCc2c1ccc(F)c2F,-7.063,-5.391,-12.454
HIT_0411,O=C1CCOc2cc(N3CC(F)(C(=O)N4CCC[C@H](O)c5cc(F)ccc54)C3)ccc21,-6.644,-5.81,-12.454
HIT_0412,C[C@@H]1CN(c2cc(F)cc3nc([C@H]4NCC[C@@H]4C)oc23)[C@H](C)CO1,-7.125,-5.328,-12.453
HIT_0413,Cc1ccc(N2CC[C@H](C)[C@H]2C(=O)N2CCCNc3cc(F)c(F)cc32)nc1,-7.789,-4.664,-12.453
HIT_0414,Fc1cccc2c1N([C@@H]1CNc3ccccc31)CCC2,-7.505,-4.948,-12.453
HIT_0415,Cc1ccc(F)c(-c2cc(C)cc3c2CN(C(=O)[C@H]2CCCN[C@H]2C)CC3)c1,-7.858,-4.594,-12.452
HIT_0416,Cc1nccc(N2CC(Oc3nc4ccc([N+](=O)[O-])cc4[nH]3)C2)c1-c1ccc2c(c1)OCO2,-6.767,-5.682,-12.449000000000002
HIT_0417,O=C(Nc1cncc(N2CCc3cc(O)ncc3C2)c1)N1CCCCC1,-6.986,-5.463,-12.449
HIT_0418,CC1(C)CCCN[C@@H]1c1nc2cc(C(=O)N3Cc4cccc(C#N)c4C3)ccc2o1,-6.978,-5.469,-12.447
HIT_0419,Cc1ccc(Nc2cc(F)ccc2C#N)cc1N1CCC[C@]2(CCO2)C1,-7.907,-4.539,-12.446
HIT_0420,N#Cc1ccc(-c2ccc3c(c2)CN(c2cccc4c2CNC4)CC3)c(F)c1,-6.809,-5.636,-12.445
HIT_0421,O=C1C[C@H]2c3c(cccc31)CCN2c1ccc2c(c1)[C@@H](O)CC2,-7.316,-5.127,-12.443
HIT_0422,O=C1CCCCC[C@H](N2CC[C@@H](c3nc4cc(F)c(F)cc4o3)C2)[C@@H]1F,-7.212,-5.23,-12.442
HIT_0423,N#Cc1cccnc1N1CCNc2ccc(-c3ccnc(F)c3)cc21,-7.007,-5.435,-12.442
HIT_0424,Cc1cccc(N2CCCc3nc(N4CC5(CCCCO5)C4)ccc32)c1O,-7.809,-4.63,-12.439
HIT_0425,CCc1ncccc1N1CCc2ccc(N3CCC[C@H](CO)[C@H]3C)c(C)c2C1,-8.246,-4.192,-12.438
HIT_0426,CC[C@H]1[C@@H](O)CCN1C(=O)CCc1c2c(nc3ccccc13)-c1c(Cl)ccc(O)c1C2,-7.849,-4.589,-12.438
HIT_0427,N#Cc1cc(NC(=O)[C@H]2CNCC23CC3)cc(N2CCCc3ccc(F)cc3C2)c1,-7.198,-5.24,-12.438
HIT_0428,Fc1ccc(N2CCN(c3ccc4c(n3)OCCN4)CC2)cc1F,-7.069,-5.369,-12.437999999999999
HIT_0429,Cc1c(N2CCCC[C@H](N3CCC(C)(N(C)C)CC3)C2)ccc2c1CNCC2,-7.801,-4.636,-12.437000000000001
HIT_0430,CN1CCCN([C@@H]2CCNc3cc(F)ccc32)c2ccccc21,-7.827,-4.609,-12.436
HIT_0431,Cc1ccc(-c2ccc3c(c2)CN([C@@H]2CCC[C@@H]4CNCC[C@H]42)CCO3)c(F)c1,-7.718,-4.716,-12.434000000000001
HIT_0432,C[C@H]1[C@@H](c2nc3cnn4c3n2CCC4)CCN1c1cc(C#N)c(O)cc1F,-7.487,-4.945,-12.432
HIT_0433,C[C@@H]1CN(c2ccc(C#N)c(Oc3ccnnc3O)c2)CC[C@@]1(C)O,-7.475,-4.956,-12.431000000000001
HIT_0434,O=C(N[C@H]1C[C@H](N2CCC[C@H](O)c3cc(F)ccc32)c2ccccc21)[C@H]1C[C@H](F)C1,-7.417,-5.014,-12.431000000000001
HIT_0435,C#Cc1ccc(N2CCC(O)(C(=O)N3CCCc4cc(F)ccc43)CC2)cc1F,-7.32,-5.11,-12.43
HIT_0436,CN(C(=O)[C@H]1COCCN1)c1ccnc(N2CCOc3ccc(O)cc3C2)c1,-7.507,-4.921,-12.428
HIT_0437,C[C@H]1CCCN[C@H]1C(=O)N1CCc2cc(N3CCc4ccc(F)cc43)ccc21,-7.506,-4.921,-12.427
HIT_0438,c1cc2c(c(N3Cc4cnc(N5CCCC56CCOCC6)cc4C3)c1)CCNC2,-7.021,-5.404,-12.425
HIT_0439,O=C([C@H]1CNCCC1(F)F)N1Cc2ccc(-c3ccc(F)cn3)cc2C1,-7.7,-4.724,-12.424
HIT_0440,O=C1NCc2ccc(N(Cc3ccc(F)c(F)c3F)[C@H]3COCc4cc(F)ccc43)cc21,-8.526,-3.898,-12.424
HIT_0441,C[C@H]1C[C@@H](C(=O)N2CCc3cccc(O)c3C2)N1c1ccnc(F)c1F,-7.447,-4.974,-12.421
HIT_0442,O=C(NS(=O)(=O)c1cccc(F)c1)[C@@H]1CN([C@@H]2Cc3ccccc32)CC12CCCC2,-7.5,-4.92,-12.42
HIT_0443,N#C[C@@]1(C(F)(F)F)CCCN1c1ccc2c(c1)CCCNC2,-7.188,-5.231,-12.419
HIT_0444,C[C@@]1(C(=O)N2CCc3cc(F)c(N4CCc5ccc(F)cc5C4)cc32)CCCN1,-7.55,-4.869,-12.419
HIT_0445,CNc1ccc(N2CC[C@@H](N3CCCc4cccc(F)c4C3)C[C@H]2C)nc1,-7.412,-5.007,-12.419
HIT_0446,O=C1CCCCN(c2cncc(N3CCc4ccc(F)cc43)n2)C1,-7.185,-5.233,-12.418
HIT_0447,Cc1cnccc1-c1c(F)ccc2c1CCN(C(=O)[C@H]1C[C@H](C)CN1)CC2,-7.618,-4.799,-12.417000000000002
HIT_0448,Cc1ccc(N2CC[C@]23CCCc2ccc(F)cc23)nc1,-6.975,-5.442,-12.417
HIT_0449,Cc1cc(CN2CCc3c(F)cccc32)c(N2CCC[C@@H](C(=O)O)C2)nc1C,-7.592,-4.824,-12.416
HIT_0450,C[C@@H]1NCC[C@H]1C(=O)N1CCc2ccc(N3CCn4nccc43)cc2C1,-7.715,-4.7,-12.415
HIT_0451,CC(=O)Nc1cnc(Oc2ccc3c(c2)[C@]2(CCN2)CCO3)c(C)c1,-7.052,-5.362,-12.414
HIT_0452,Cn1ccc(-c2ccc3c(c2)CN(c2n[nH]c4c2CCC4)CCC3)cc1=O,-7.068,-5.344,-12.411999999999999
HIT_0453,Fc1cc(F)c2c(c1)[C@H](Oc1ccc3c(c1)OCCNC3)CC2,-7.446,-4.966,-12.411999999999999
HIT_0454,C[C@@H]1CC2(CCCC2)CN1c1cnc(C#N)c(N2CCc3c(C#N)cccc3C2)c1,-6.472,-5.939,-12.411000000000001
HIT_0455,O=C(c1ccc(F)c2c1CNCC2)N1CCc2c(O)ccc(F)c2C1,-7.641,-4.767,-12.408000000000001
HIT_0456,C[C@@H]1CCCN(c2ccc3c(n2)N([C@H]2CNCC2(F)F)CCC3)[C@H]1C,-7.686,-4.722,-12.408000000000001
HIT_0457,NN1C(=O)Cc2ccc(O[C@H]3CCc4cc(F)ccc43)cc21,-8.122,-4.286,-12.408
HIT_0458,NC[C@H]1C[C@H](N2CC[C@@]23CCOc2ccc(F)cc23)c2ccccc21,-7.771,-4.636,-12.407
HIT_0459,Nc1nnccc1C(=O)N1CCC[C@H](CC(=O)N2CCCc3ccc(F)cc3C2)C1,-7.243,-5.163,-12.406
HIT_0460,O=C1CCOc2cc(F)c(N3C[C@@H](C(=O)N4CCc5cc(F)c(F)cc54)C(F)(F)C3)cc21,-7.559,-4.847,-12.406
HIT_0461,Cc1ccc(N2CCCC[C@H](N3C[C@@H](C)c4ccccc43)C2)c(O)c1,-7.644,-4.762,-12.405999999999999
HIT_0462,O=C(NCc1nccc(O)n1)N1CCc2cccc3c2[C@H](CCC3)C1,-6.781,-5.625,-12.405999999999999
HIT_0463,N#Cc1ccccc1C(=O)N1CC[C@H](Oc2ccc3c(n2)NC(=O)C3)c2ccccc21,-6.822,-5.584,-12.405999999999999
HIT_0464,N#Cc1ccc(Oc2ccc3c(c2)CNCCC3)cc1O,-7.385,-5.021,-12.405999999999999
HIT_0465,Cc1nn(C)c(C(=O)O)c1N1CCN(C)c2ccc(N3CCCc4c(C#N)cccc43)cc2C1,-7.925,-4.48,-12.405000000000001
HIT_0466,Cc1ccc(-c2ccc3c(c2)CN(C(=O)[C@@H]2NCCC2(F)F)CC3)c(C)n1,-7.288,-5.117,-12.405000000000001
HIT_0467,Cc1c(F)ccc2c1N(C(=O)c1ccc3c(n1)CCCN3)CCC2,-6.571,-5.828,-12.399000000000001
HIT_0468,C[C@@H]1C[C@@H](O)CN(c2cccc3c2CCN(c2cccnc2O)C3)C1,-7.541,-4.858,-12.399000000000001
HIT_0469,Cc1ccnc(C#N)c1N1CC[C@@]2(CCN(c3ccc4c(c3)NCCO4)C2)C1,-6.633,-5.766,-12.399000000000001
HIT_0470,Oc1cccc(N2[C@@H]3COC[C@@H]2CC(N2CCc4ccncc42)C3)c1,-7.53,-4.865,-12.395
HIT_0471,CC1(C)CCN(c2cccc(F)c2C#N)[C@H]1C(=O)Nc1cncc(Cl)c1,-6.752,-5.643,-12.395
HIT_0472,C[C@@H]1Cc2cccnc2N1C(=O)[C@H]1CC[C@@H](C)N1c1c(F)cc(O)cc1F,-7.743,-4.651,-12.394
HIT_0473,C[C@H]1CN(c2ccc3c(c2)N(c2ccc(O)cn2)CC3)CCC1=O,-7.493,-4.901,-12.394
HIT_0474,C[C@@H]1NCCC[C@@H]1N1CCc2ccc(COc3cccc(F)c3)cc2C1,-7.605,-4.789,-12.394
HIT_0475,Cc1ccc2c(n1)N([C@H]1CCNC[C@H]1C)CC[C@@H]2N1CCc2ccc(F)cc21,-8.006,-4.386,-12.392
HIT_0476,O=C([C@H]1CCNC1)N1CCc2ccc(N3CCOc4ccc(F)cc43)nc21,-7.903,-4.489,-12.392
HIT_0477,O=C(O)c1ncsc1N1CC[C@@H](C(=O)N2CC[C@]23CCCc2cc(F)ccc23)C1,-7.023,-5.367,-12.39
HIT_0478,Cc1ccc(F)c(-c2nc(C(=O)NC3(C#N)CCCCCCC3)co2)c1,-6.444,-5.945,-12.389
HIT_0479,O[C@H]1CCOc2ccc(N3Cc4cc5c(cc4C3)OCO5)cc21,-7.042,-5.346,-12.388
HIT_0480,Fc1ccc2c(c1)C1(CCN(c3ccc4c(c3)CNC4)CC1)OCC2,-7.619,-4.766,-12.385
HIT_0481,O[C@@H]1COc2ccc(N3CCOc4ccc(F)cc4C3)cc21,-7.742,-4.643,-12.385
HIT_0482,N#Cc1ccc(N2CCCc3ccncc32)cc1Oc1ccc(O)nc1,-7.806,-4.577,-12.383
HIT_0483,Cc1cc(Nc2ccc(N3CCC(=O)C[C@H]3C)c3c2CCO3)cnc1O,-7.175,-5.208,-12.383
HIT_0484,C[C@@]1(C#N)CCN(C(=O)c2nn([C@]3(C(=O)O)CCc4cc(F)ccc43)cc2F)C1,-6.896,-5.486,-12.382
HIT_0485,O=C([C@H]1CCN(c2ccc3c(n2)NCCC3)C1)N1CC[C@@]2(C1)OCc1ccccc12,-7.117,-5.265,-12.382
HIT_0486,Cc1ncncc1-c1ccc2c(c1)N(c1cnc3n1CCNC3)CCO2,-7.741,-4.641,-12.382
HIT_0487,Cc1cnc(Nc2ccc(C#N)c(N3CCN[C@@H](C)C3)c2)c(NC(C)(C)C(C)(F)F)n1,-6.699,-5.683,-12.382
HIT_0488,Oc1cc(N2CCc3ccc(N4CC5(CC(F)C5)C4)cc3C2)ccc1F,-6.983,-5.398,-12.381
HIT_0489,Cc1nnc(N2CCC[C@@H](O)c3cc(F)ccc32)cc1N1CCCNC(=O)C1,-7.481,-4.9,-12.381
HIT_0490,N[C@@H]1C[C@H]1c1c(F)cccc1N1CCc2cc(F)cc(F)c2C1,-7.3,-5.079,-12.379
HIT_0491,O=C([C@H]1CN(c2cncc(=O)[nH]2)CCCO1)N1CCCc2c(F)ccc(F)c21,-7.293,-5.085,-12.378
HIT_0492,C[C@H]1CCN[C@H]1c1nc(-c2cc(F)cc(N3CCCN(C)CC3(C)C)c2)no1,-7.379,-4.999,-12.378
HIT_0493,Cn1cc(Br)c(N2CC[C@@H]3C[C@@]3(c3nc4ncc(F)cc4o3)C2)cc1=O,-7.616,-4.761,-12.376999999999999
HIT_0494,Cc1nn(C)c(N2CC[C@H](C(=O)N3Cc4ccc(F)cc4C3)[C@H](F)C2)c1C#N,-7.032,-5.344,-12.376000000000001
HIT_0495,Cc1cccc(NC(=O)C2(C)CN([C@@H]3CCOc4cccc(F)c43)C2)n1,-7.004,-5.372,-12.376
HIT_0496,Cc1cc(-c2ccc3c(c2)CN([C@H]2CC[C@](C)(N)CC2)CC3)cnc1O,-7.528,-4.846,-12.373999999999999
HIT_0497,C[C@@H]1CN[C@H](C(=O)N2CCC3(C2)Oc2ccccc2O3)c2ccccc21,-7.562,-4.811,-12.373000000000001
HIT_0498,Fc1ccc2c(c1)CN(c1ccc3c(n1)NCCCC3)CCC2,-7.366,-5.007,-12.373
HIT_0499,COc1cc(O)c(F)cc1N1CCc2ccc(COc3cncc4c3CCC[C@@H]4O)cc2C1,-8.124,-4.248,-12.372
HIT_0500,Nc1oc2c(c1C(=O)N1CCCNc3ccccc3C1)CCCC2,-7.566,-4.802,-12.367999999999999
HIT_0501,N#Cc1ccccc1-c1cccc2c1OC[C@@H]2NC(=O)[C@H]1CC(F)(F)CN1,-7.063,-5.304,-12.367
HIT_0502,Cc1cn2c(n1)CN([C@@H]1CCN(C(=O)[C@@H]3CCN3)c3cc(F)ccc31)CC2,-6.834,-5.532,-12.366
HIT_0503,NN1CCC[C@H]1c1nc([C@]2(F)C[C@@H](N3CCc4c(F)cccc4C3)C2)no1,-7.426,-4.94,-12.366
HIT_0504,Cc1ccc2c(c1)[C@H](N(c1cc3c(cc1C)CCNC3)[C@H]1CC3(C[C@@H](O)C3)C1)C2,-7.158,-5.208,-12.366
HIT_0505,O=C1CCOc2c(F)ccc(N3CC[C@@H](O)C[C@@H]3C(=O)N3CCc4ccccc4CC3)c21,-7.777,-4.588,-12.365
HIT_0506,Oc1cc(CN2CCC[C@@]23CCc2cc(F)ccc23)ccc1N1CCC2(CCCO2)CC1,-7.459,-4.906,-12.364999999999998
HIT_0507,Oc1ccc(N2CC3(CSC3)C2)nc1N1CCc2ccc(Cl)cc2C1,-7.464,-4.9,-12.364
HIT_0508,C[C@@H]1CCN1C(=O)c1nccnc1Nc1cc(N)c(-c2cc(F)ccc2C#N)cn1,-7.025,-5.339,-12.364
HIT_0509,Cc1cc(C)c2c(c1)N(C(=O)[C@@H]1CCN(c3ccc4c(c3)CCN4)[C@H]1C)CCO2,-7.254,-5.109,-12.363
HIT_0510,Cc1cc(C#N)cc(-c2cccc3c2CCN(c2cnc4c(c2)CCNC4)C3)c1,-7.166,-5.196,-12.362
HIT_0511,O=C([C@@H]1CN(c2cccc3c2CNCC3)CCC1(F)F)N1CCn2ccc(=O)cc2C1,-7.844,-4.515,-12.359
HIT_0512,N#Cc1ccc(N2CCCc3nc(N(c4ncccc4C#N)C4CNC4)ccc32)nn1,-7.936,-4.422,-12.358
HIT_0513,C[C@@H]1[C@H](c2nc([C@@H]3Cc4ccccc4NC3=O)no2)CN1c1cccnc1C#N,-6.886,-5.471,-12.357
HIT_0514,N#Cc1ccccc1N1CC[C@@H](O)[C@@H]1C(=O)N1CCc2ccccc2C1,-7.163,-5.193,-12.356
HIT_0515,Cc1ccncc1NC(=O)CCN1CCc2nccc(N[C@@H]3CCc4cc(O)ccc43)c2C1,-7.284,-5.071,-12.355
HIT_0516,CC1(C)c2ccccc2CCN1c1ccc2c(c1)CNC2,-7.377,-4.976,-12.353
HIT_0517,c1cc2c(cc1N1CCC3(CCC3)C1)N(c1cncc3c1CCN3)CC2,-7.654,-4.698,-12.352
HIT_0518,Cc1cnc(O)c(N2CCc3ccc(N4CCC[C@@]45CCOC5)cc32)c1,-8.034,-4.317,-12.351
HIT_0519,Cc1ccncc1N1CCNc2ccc(-c3cccnc3F)cc21,-7.297,-5.054,-12.350999999999999
HIT_0520,CC(=O)N1CCc2c(N3CCC4(CC3)OCc3ccc(C)cc34)cccc21,-7.532,-4.819,-12.350999999999999
HIT_0521,Cc1cc(O)cnc1C(=O)N1CC(C(=O)N2CCc3ccc(F)cc3C2)C1,-7.56,-4.79,-12.35
HIT_0522,Cc1noc(N)c1N1CCc2ccc(N3CCC[C@@](C)(C#N)C3)cc21,-7.496,-4.852,-12.348
HIT_0523,Cc1cc(Nc2cc(F)c3c(c2)NCCO3)nc(N2CCCC3(CC3)C2)c1,-6.856,-5.492,-12.347999999999999
HIT_0524,Fc1ccccc1-c1ccc2c(c1)OCCN2c1cnc2c(c1)NCCO2,-7.136,-5.212,-12.347999999999999
HIT_0525,C[C@H]1[C@@H](O)CCCN1c1c(F)ccc(N[C@H]2Cc3cccc(C#N)c32)c1N,-7.067,-5.277,-12.344000000000001
HIT_0526,Oc1ccc(F)c2c1CCN([C@@H]1CCOc3c(F)cc(F)cc31)C2,-6.589,-5.755,-12.344000000000001
HIT_0527,Fc1cccc2c1C[C@H](Nc1ccc3c(c1)CNCCC3)C2,-6.723,-5.619,-12.341999999999999
HIT_0528,COc1nc(C(N)=O)ccc1O[C@H]1CCN([C@@H]2CCOc3cc(F)c(F)cc32)CC[C@H]1F,-7.657,-4.684,-12.341000000000001
HIT_0529,C[C@@H]1CN(c2ccc3c(c2)N(c2cc(C#N)c(C#N)[nH]2)CC3)C(C)(C)CO1,-7.517,-4.824,-12.341000000000001
HIT_0530,Cc1coc2c(c1=O)[C@H](N1CC[C@H](O)c3ccc(F)cc31)CCC2,-7.397,-4.944,-12.341000000000001
HIT_0531,C[C@H]1CSCCN(c2ccc3c(c2)N(c2cccc4c2CCN4)CC3)C1,-7.663,-4.677,-12.34
HIT_0532,Cc1cccnc1N[C@@H]1COCc2ccc(N3CC[C@@]34CCCOC4)cc21,-7.073,-5.266,-12.339
HIT_0533,Cc1cnc(C(=O)N2CCc3ccc(N4CC[C@H]5CCC[C@@H]5C4)cc32)nc1,-7.159,-5.178,-12.337
HIT_0534,Cc1cccc(N2CCc3ccc(N4CCC[C@H](O)[C@H](C)C4)cc32)n1,-7.56,-4.776,-12.335999999999999
HIT_0535,Cc1ncc(NC(=O)Nc2ccccn2)nc1N1C[C@H](C)C[C@@H](C)C1,-7.1,-5.235,-12.335
HIT_0536,N#Cc1ncccc1NC(=O)[C@H]1CCN(c2ccc3c(c2)OCC[C@@]32CCN2)C1,-7.2,-5.134,-12.334
HIT_0537,O=C([C@H]1CSCCN(c2cccc(O)n2)C1)N1CCOc2ccc(F)cc21,-7.171,-5.161,-12.332
HIT_0538,O=C(Nc1ncccc1Br)N[C@H]1C[C@H](F)CN(Cc2cccnc2)C1,-7.142,-5.19,-12.332
HIT_0539,C[C@H]1c2ccccc2CN1c1cccc2c1CN([C@H]1CCCCNC1)C2,-8.053,-4.278,-12.331
HIT_0540,Cc1ccc([C@]2(C)CCN(c3cc(C)c4c(n3)NC(=O)CO4)C2)cc1,-7.313,-5.018,-12.331
HIT_0541,Cc1c(O)cccc1N1CCc2c(cccc2N2CC[C@H](C)C(=O)C2)C1,-7.441,-4.889,-12.33
HIT_0542,C[C@H]1CCN(c2ccc3c(c2)NCC3)[C@@H]1C(=O)N1CCc2c(F)ccc(F)c21,-7.76,-4.57,-12.33
HIT_0543,C[C@@H]1[C@H](C(=O)N2CCc3ccc(Cl)cc3C2)CN1c1cccc2c1CCC2=O,-6.646,-5.683,-12.329
HIT_0544,C[C@@H]1CC(=O)CCN1c1ccc2c(c1)CN(c1ccc3c(c1)C(=O)CO3)[C@H](C)C2,-7.12,-5.209,-12.329
HIT_0545,Cn1cnc2cccc(-c3ccc4c(c3)C(=O)NCCC4)c21,-7.302,-5.027,-12.329
HIT_0546,CCN1CCN(c2ccc3c(c2)N(c2cccc(C)n2)CCO3)[C@@H](C)[C@@H]1C,-7.763,-4.563,-12.326
HIT_0547,Fc1cc2c(cc1F)CN(c1ccc3c(c1)NCCN3)CC2,-7.116,-5.21,-12.326
HIT_0548,C[C@@H]1CC[C@H]2CC(=O)[C@H](C)[C@]21N1CCc2ccc(Cl)nc2CC1,-7.029,-5.296,-12.325
HIT_0549,Cc1ccc(NC(=O)c2cccnc2)cc1-c1cccc2c1CCN2,-7.839,-4.486,-12.325
HIT_0550,CC1(C)CN(c2cccc(C3CN(c4cccc5c4CCNC5)C3)c2)CCCN1,-6.946,-5.378,-12.324
HIT_0551,O=C1Cc2cc(N3CC[C@]4(CCN(c5cccc6c5CNCC6)C4)C3)ncc2N1,-7.024,-5.3,-12.324
HIT_0552,CC1(Oc2cncc(F)c2)CC2(CN(c3ccc4c(c3)CC[C@@H]4O)C2)C1,-6.808,-5.515,-12.323
HIT_0553,Fc1cc2c(cc1F)CN(c1ccc3c(n1)NCCN3)C2,-7.804,-4.519,-12.323
HIT_0554,C[C@@]12C[C@H]1CCC[C@@H]2N(c1ccc(O)nn1)[C@H]1CCc2ccccc2OC1,-7.784,-4.539,-12.323
HIT_0555,Cc1ccc(N2CCn3c(C)nnc3C2)nc1N[C@H]1COCc2c(F)cccc21,-7.175,-5.148,-12.323
HIT_0556,C[C@@H]([C@@H]1CCCN1)N1CCc2ccc(N3Cc4ccc(F)cc4C3)cc21,-8.165,-4.157,-12.322
HIT_0557,Cc1cc(N[C@H]2C[C@@H](CO)C2)nc(N2CC(F)(F)C23CCCCC3)c1,-7.451,-4.87,-12.321
HIT_0558,N#Cc1cc(N2CCc3cc(F)cc(F)c3C2)c(O)cc1F,-7.502,-4.818,-12.32
HIT_0559,COc1cccc2oc(C3(O)CN(c4ccc5c(c4)CCCNC5)C3)nc12,-6.732,-5.587,-12.318999999999999
HIT_0560,C[C@@]1(C(=O)Nc2ccc(C#N)c(N3CCCc4cc(Cl)ccc4C3)c2)CCNC1,-6.891,-5.428,-12.318999999999999
HIT_0561,N#Cc1ncc(N2CCC[C@]23CCOC3)cc1Nc1ccc2c(c1)[C@@H](O)CC2,-6.761,-5.557,-12.318000000000001
HIT_0562,Fc1ccc(F)c2c1CCN(c1ccc3c(c1)CCN3)C2,-7.579,-4.739,-12.318
HIT_0563,Cc1c(N2CCc3ccc(N4CCCc5ccc(O)cc54)cc32)ccnc1O,-7.461,-4.855,-12.316
HIT_0564,O=C([C@@H]1CCN(c2cccc(O)n2)C1)N1CCCc2ccc(F)cc2C1,-7.118,-5.198,-12.316
HIT_0565,N#Cc1cc2c(cc1F)N(c1cnc3c(c1)C(=O)NCC3)CC2,-7.155,-5.16,-12.315000000000001
HIT_0566,N#Cc1cc(N2Cc3ccc(F)cc3C[C@@H]2C(=O)N2CC[C@@H]3COC[C@@H]32)co1,-8.022,-4.292,-12.314
HIT_0567,Cc1ncc(N2CCN(c3cc(C#N)oc3C)CCNCc3cccc(n3)C2)cn1,-7.104,-5.209,-12.312999999999999
HIT_0568,CC1(C)C[C@H](C(=O)O)N(c2ccc3c(c2)N(c2cccc4c2C(=O)NC4)CC3)C1,-6.496,-5.815,-12.311
HIT_0569,C=C1C[C@@H](N)[C@@H](C(=O)Nc2[nH]cnc2C(=O)N2CCCc3cc(F)ccc3C2)C1,-6.177,-6.133,-12.309999999999999
HIT_0570,CN(C)C(=O)c1ccc(-c2ccc3c(c2)[C@@]2(CC3)COCCN2c2c[nH]c(=O)cn2)cc1,-6.915,-5.395,-12.309999999999999
HIT_0571,CN1CCC2(CC1)CCN(c1c(N3CCN(C)c4ccc(F)cc43)ccnc1O)C2,-7.175,-5.134,-12.309000000000001
HIT_0572,Cc1c(F)ccc(CNC(=O)[C@]2(C)CCN2c2ccc3c(c2)CNCCC3)c1F,-7.332,-4.976,-12.308
HIT_0573,Cc1cnc(F)c(-c2ccc3c(c2)N(C(=O)[C@H]2CC[C@@H](C)NC2)CC3)c1,-7.45,-4.857,-12.307
HIT_0574,Cc1cc(F)cc2c1N(c1ccc3c(c1C)CN(C(=O)[C@H]1CCC[C@H]1N)C3)CC2,-6.964,-5.342,-12.306000000000001
HIT_0575,C[C@@H]1CCN(C(=O)c2cccc(C3CCC3)n2)c2ccccc2N1,-7.645,-4.66,-12.305
HIT_0576,C[C@H]1C[C@H](C)[C@@H](C)N(c2ccc3c(n2)CCN(c2c(O)cccc2C#N)C3)C1,-7.063,-5.241,-12.303999999999998
HIT_0577,C[C@@H]1N(c2ccnc(NC[C@H]3C[C@H](N4CCc5cccc(F)c5C4)C3)c2)CCC1(C)C,-7.364,-4.939,-12.303
HIT_0578,C[C@@H]1c2c(F)cccc2CCN1C(=O)[C@H]1NCCc2cc(F)ccc21,-7.214,-5.089,-12.303
HIT_0579,CC1(C)[C@H](C#N)CCCN1c1ccc2c(c1)N(c1ccc3c(c1)CCN3)CC2,-8.599,-3.703,-12.302
HIT_0580,Cc1ccncc1N1CCC[C@]12CCN(c1cccc3c1CCN3)C2,-6.787,-5.513,-12.3
HIT_0581,O=C([C@@H](O)c1ccc(F)c(F)c1)N1CCCc2cc(F)cc(F)c21,-7.862,-4.438,-12.3
HIT_0582,CC1(C)[C@H](F)C[C@H]1C(=O)n1c(-c2ccc(F)c(C#N)c2)nc2cc(O)ccc21,-7.894,-4.406,-12.3
HIT_0583,C[C@@]1(c2nc3ccc(F)c(Nc4cccc5c4CCNC5)c3o2)CCNC1,-7.561,-4.736,-12.297
HIT_0584,Cc1ccc2c(c1F)CN(c1c(F)ccc(C#N)c1N)CC2,-7.641,-4.654,-12.295
HIT_0585,Cc1cc(N2CCC[C@]3(NC(=O)c4nonc4N3)[C@H](F)C2)nc(C)n1,-7.435,-4.86,-12.295
HIT_0586,Cc1c(F)ccc2c1N([C@@H]1CCCNc3ccccc31)CCC2,-6.91,-5.385,-12.295
HIT_0587,O=C(c1cc(Cl)c2c(c1)CCCN2)N1CCCOc2ccccc21,-7.439,-4.855,-12.294
HIT_0588,Cc1cc(C#N)ccc1-c1ccc2c(n1)N(c1ccccc1O)CC2,-7.666,-4.628,-12.294
HIT_0589,Cc1nnc(C(=O)N2CCCc3ccc(N4C[C@@H](C)C[C@H](C)[C@H]4C)nc32)c(O)n1,-7.845,-4.447,-12.292
HIT_0590,c1ccc(-c2cc(O[C@H]3CCN[C@H]4CCCC[C@H]43)ccn2)cc1,-7.014,-5.278,-12.292
HIT_0591,Cc1cnc(O)c(C(=O)N2CCc3ccccc3C(C)(C)C2)c1,-7.518,-4.773,-12.291
HIT_0592,Cc1cc(N2CCNc3ccc(C(=O)N4CC[C@H](O)CC4(C)C)nc32)ccn1,-8.042,-4.247,-12.289
HIT_0593,CC[C@H]1[C@H](C)CCN1c1cc(C)cc(-c2ccc3c(c2)CCN3)c1,-6.883,-5.406,-12.289
HIT_0594,Fc1cccc2c1CCN2c1ccc2c(c1)CNCCC2,-7.066,-5.223,-12.289
HIT_0595,O=C1CNCCN(c2ccc3c(c2)CCN3c2ccc(O)c(F)c2)C1,-7.074,-5.215,-12.289
HIT_0596,Cc1cc(Nc2ccc(C#N)nc2N2CCCC[C@]3(CCCCNC3)C2)ccn1,-7.237,-5.051,-12.288
HIT_0597,Cc1ccnc(-c2n[nH]c(C)c2N2CCc3cccc(F)c32)c1,-6.889,-5.398,-12.286999999999999
HIT_0598,C[C@H]1CC(=O)CC[C@H]1Oc1ccc2c(c1)CN(c1ccc3c(c1)NCC3)CCC2,-7.106,-5.181,-12.286999999999999
HIT_0599,O=C1CCNc2cccc(N3Cc4ccc(N5CCC[C@]56CCOC6)cc4C3)c21,-7.251,-5.036,-12.286999999999999
HIT_0600,Cc1cncc(Br)c1C(=O)N1CCOc2ccc(N3CCC[C@](F)(C#N)C3)cc2C1,-7.409,-4.875,-12.283999999999999
HIT_0601,Fc1cc2c(cc1F)N(c1ccc3c(c1)CNCCC3)CC2,-7.991,-4.293,-12.283999999999999
HIT_0602,Fc1cccc(Nc2ccc(F)c(N3CC[C@]4(CCNC4)C3)c2)c1,-6.821,-5.462,-12.283
HIT_0603,C[C@H]1CC[C@@H](N2CCc3nnc(-c4ccc(C#N)n4C)cc3C2)C[C@@H]1C,-7.146,-5.137,-12.283
HIT_0604,Cc1cc(-c2cc3c(cc2F)OCCN3C(=O)[C@H]2CNCC[C@H]2C)ccc1F,-7.877,-4.406,-12.283
HIT_0605,C[C@@H]1Cc2ccccc2[C@H]1Nc1cccc2c1CCCNC2,-7.52,-4.763,-12.283
HIT_0606,O=C([C@H]1CCC[C@H]1Nc1cc(F)cnc1O)N1CCCc2cc(F)ccc21,-7.244,-5.038,-12.282
HIT_0607,Cc1cnc(N2C[C@@H](C)[C@@H](C(=O)N3CCC(=O)c4cccnc43)C2)cn1,-7.107,-5.173,-12.280000000000001
HIT_0608,Cc1cccnc1N1CCN(c2cc(-c3ccccc3)ccc2C#N)C[C@@H]1C,-7.316,-4.964,-12.280000000000001
HIT_0609,O=C([C@@H]1CCN(c2ccncc2O)C1)N1CCc2cc(O)ccc2C1,-7.363,-4.917,-12.280000000000001
HIT_0610,O=C([C@@H]1CCNC[C@@H]1F)N1CCNc2ccc(-c3cccnc3F)cc21,-7.244,-5.036,-12.28
HIT_0611,O=C([C@H]1[C@@H](O)CCN1c1cccc2c1[C@@H](O)CC2)N1CCc2ccncc21,-7.993,-4.285,-12.278
HIT_0612,Cc1cc(O)c(N2CCCCC2(C)C)cc1Nc1cccc(F)c1C#N,-7.827,-4.45,-12.277000000000001
HIT_0613,O=C(c1cccc2c1CCCN2)N1CCc2cnccc2C1,-7.103,-5.174,-12.277000000000001
HIT_0614,N#Cc1cc(-c2ccc3c(c2)N(c2ccccc2C#N)CCN3)ccn1,-7.184,-5.092,-12.276
HIT_0615,Cc1ccccc1[C@]1(F)CCN([C@@H]2CNc3ccccc32)C1,-6.684,-5.592,-12.276
HIT_0616,N#CC1(c2cc(N3Cc4cc5c(cc4C3)OCO5)ccn2)CC1,-7.119,-5.157,-12.276
HIT_0617,C=C1CN[C@H](C(=O)N2CCCc3ccc(N4CCc5c(F)cccc54)cc3C2)C1,-7.675,-4.599,-12.274000000000001
HIT_0618,Cc1ccc2c(c1)N([C@H]1CNCCN(c3ccnc(O)c3C)C1)CCCO2,-7.233,-5.04,-12.273
HIT_0619,Cc1cnc(N)c(C(=O)N2CCC[C@](C)(c3nc4cccc(F)c4o3)C2)c1,-7.314,-4.958,-12.272
HIT_0620,C[C@@H](NC(=O)C[C@@]1(C)CCCN1c1c(C#N)ccc(F)c1O)c1cccc(F)c1,-7.049,-5.223,-12.272
HIT_0621,C[C@@H]1CN(c2ccc3c(c2)[C@H](O)CO3)Cc2cc(N3CC4(CC(F)C4)C3)cnc21,-7.131,-5.141,-12.272
HIT_0622,N#Cc1ccnc(N2Cc3ccc(N4CC[C@@](F)(C#N)C4)cc3C2)c1,-7.592,-4.679,-12.271
HIT_0623,C[C@H]1CC[C@H](C(=O)N2CCc3ccc(N4CCCc5cccc(F)c54)cc32)N1,-7.852,-4.419,-12.271
HIT_0624,Cc1ccc(-c2cc(N3CCc4cc(F)ccc43)ccn2)nc1,-7.543,-4.726,-12.269
HIT_0625,Cc1cnc(C)c(N2C=C([C@H](C)N3CCc4ccc(F)cc4C3)CCC2)n1,-7.817,-4.451,-12.268
HIT_0626,CC(=O)[C@@H]1CCCN1[C@@H]1CN(c2cc(F)c3c(c2)NCCO3)c2ccccc21,-7.155,-5.112,-12.267
HIT_0627,C[C@@H]1CN(c2ccc3c(n2)NCC3)CC[C@H]1N1CCc2ccc(F)cc21,-6.894,-5.371,-12.265
HIT_0628,C[C@@H]1CCCN(c2ccc3c(c2)N(C(=O)c2nc(N)cn2C)CC3)[C@H]1C,-7.536,-4.729,-12.265
HIT_0629,c1ccc2c(c1)CC1(CCOCC1)CN2c1nc2c([nH]1)CCCC2,-7.312,-4.953,-12.265
HIT_0630,Oc1ccccc1N1CC[C@]2(CCCN2c2ccc3c(c2)CCN3)C1,-7.139,-5.125,-12.264
HIT_0631,Cc1cncc(NC(=O)[C@H]2CCN2[C@@H]2CCc3cc(F)cc(F)c32)c1,-7.287,-4.977,-12.264
HIT_0632,Oc1cccc(O[C@H]2CNc3c2cc(F)cc3N2CCOCOCC2)n1,-6.885,-5.378,-12.263
HIT_0633,N#Cc1ccc(OCc2cncc(N3CCCc4ccc(F)cc43)c2)nn1,-6.975,-5.288,-12.263
HIT_0634,Cc1cc(-c2ccc3c(c2)N(C(=O)[C@@H]2CNCCN2C)CC3)cnc1F,-7.706,-4.553,-12.259
HIT_0635,C[C@H]1CCC(=O)CN1C(=O)c1cccc2c1CN(C(=O)c1cccc(F)c1C#N)C2,-7.469,-4.79,-12.259
HIT_0636,Cc1cc(F)c(NC(=O)[C@@H]2CCCC[C@@]2(C)N)cc1N1CCc2c(F)ccc(C(=O)O)c2C1,-7.613,-4.646,-12.259
HIT_0637,O=C1CCN(c2ccc3c(c2)NCC[C@@H]3N2CCc3ccncc32)CCN1,-7.097,-5.162,-12.259
HIT_0638,CC1(C(=O)Nc2nc3n(c2C(=O)N2CCc4cc(F)c(F)cc42)CCC3)CNC1,-7.317,-4.941,-12.258
HIT_0639,Cc1nc(-c2ccc3c(c2)N(C(=O)[C@H]2NCCC2(F)F)CCN3)ccc1F,-7.474,-4.783,-12.257000000000001
HIT_0640,C[C@H]1C[C@@H](C(=O)N2CCNc3ccc(-c4ccnc(F)c4)cc32)N1,-6.974,-5.283,-12.257000000000001
HIT_0641,N#Cc1cccc(O)c1N1CCC2(CC1)OCc1ccc(F)cc12,-7.162,-5.095,-12.257
HIT_0642,CNc1nc(C)nc(O)c1N1CC[C@H](N2Cc3ccc(F)cc3C2)C[C@H]1C,-7.409,-4.848,-12.257
HIT_0643,Cc1cc(F)cc(-c2ccc3c(c2)OCCN3C(=O)[C@H]2NCCC2(C)C)c1,-7.236,-5.02,-12.256
HIT_0644,Cc1cccc2c1CCC[C@H]2Nc1cc(F)cc2c1CNCC2,-6.92,-5.336,-12.256
HIT_0645,O=C(Cc1cccc2c1CCCN2)N1CC(c2ccc(F)cc2)C1,-7.165,-5.09,-12.254999999999999
HIT_0646,C[C@@H]1CCC[C@@H]2CCCN(c3ccc4c(c3)CN(c3ccc(C#N)nc3)C4)[C@@H]21,-7.054,-5.199,-12.253
HIT_0647,Cc1cncc(-c2ccc3c(c2)N([C@H]2CCN[C@H](C)C2)CCO3)c1C,-7.212,-5.041,-12.253
HIT_0648,Oc1cc(Oc2cnc3oc(-c4cccc5c4COC5)nc3c2)nc(O)n1,-6.866,-5.387,-12.253
HIT_0649,O[C@@H]1CCc2c(O[C@H]3Cc4ccccc4C[C@@H]3O)cccc21,-7.197,-5.053,-12.25
HIT_0650,Cc1ccc(N2CCc3ccc(O)cc32)cc1C#N,-7.224,-5.025,-12.249
HIT_0651,Fc1ccc2c(c1)CC[C@H]2Nc1cc2c(cc1F)NCCC2,-7.317,-4.932,-12.249
HIT_0652,N#Cc1ccc(N2CCc3ncccc32)nc1N1CC[C@@](F)(C#N)C1,-7.129,-5.12,-12.248999999999999
HIT_0653,C[C@H]1Cc2cc(F)ccc2N1C(=O)[C@H]1C[C@H](C)N1c1cccc(N)n1,-7.408,-4.84,-12.248000000000001
HIT_0654,Cc1c(N2CCCc3ccc(O)cc3C2)cnn1CC(=O)N1CCCCC1(C)C,-6.935,-5.313,-12.248
HIT_0655,CC1(C(=O)Nc2ccnc(Br)c2F)CN(c2cccc3c2CC(=O)NC3)C1,-7.512,-4.736,-12.248
HIT_0656,CC1(C)CN(c2cnc3c(c2)C(=O)NCC3)Cc2cccc(F)c21,-6.895,-5.352,-12.247
HIT_0657,Cc1cccc(N2Cc3ccc(N4CCC(C)(O)CC4)cc3C[C@H]2C)n1,-7.121,-5.126,-12.247
HIT_0658,O=C1CCCCC[C@@H](N2CC[C@@H](c3ccc(N4CCCNc5ccncc54)cc3)C2)C1,-7.168,-5.077,-12.245000000000001
HIT_0659,C[C@@H]1CCN(c2ccc(F)cn2)[C@H]1C(=O)N1CC[C@]12CCOc1ccc(F)cc12,-7.444,-4.801,-12.245000000000001
HIT_0660,NC[C@H]1CCCN1C(=O)N1CCc2ccc(N3CCc4c(Cl)cccc4C3)cc21,-7.387,-4.858,-12.245
HIT_0661,Cc1nc(O)ccc1N1CCN[C@H](C(=O)N2CCc3cc4c(cc3C2)CCCC4)C1,-6.894,-5.35,-12.244
HIT_0662,Cc1ccc(Oc2ccc3c(c2)CCNC3=O)c(F)c1F,-7.426,-4.818,-12.244
HIT_0663,C[C@@H]1NCC[C@@H]1C(=O)N1CCc2nc(N3CCc4c(O)ccc(F)c4C3)ccc2C1,-6.597,-5.646,-12.243
HIT_0664,COc1cccc2c1CN(c1ccc3c(c1)C(F)(F)C(=O)N3)C2,-7.663,-4.579,-12.242
HIT_0665,O=C(N1CCOc2cnccc2C1)[C@]1(F)C[C@H](Nc2ccc(F)cc2O)C1,-7.338,-4.904,-12.242
HIT_0666,Fc1cc2c(cc1F)N(c1ccc3c(c1)CCCNC3)CC2,-7.659,-4.583,-12.242
HIT_0667,C[C@@H](N1CCc2ccc(F)cc2C1)C1(F)CN(C(=O)c2ccc(O)nn2)C1,-7.445,-4.797,-12.242
HIT_0668,C[C@@H](C(=O)N1CCOc2ccc(N3CC4(CC[C@@H]4C)C3)cc2C1)n1cc(CO)nn1,-6.668,-5.573,-12.241
HIT_0669,Cc1ccc(C#N)cc1C(=O)N1CCOc2cc(Oc3ccccc3F)ccc21,-7.304,-4.937,-12.241
HIT_0670,Cc1ccc2c(c1N1Cc3cccc(C#N)c3C1)CN(C(=O)c1nnnn1C)C2,-7.562,-4.677,-12.239
HIT_0671,O=C1NCCNc2cccc(N3CCCc4cc(F)cc(F)c43)c21,-7.077,-5.162,-12.239
HIT_0672,Cc1cccnc1N1CCC[C@H](C)[C@@H]1C(=O)N1c2ccccc2CC[C@H]1C,-8.011,-4.227,-12.238
HIT_0673,C[C@@H]1CN(c2ccc3c(c2)CN(C(=O)c2cc(Cl)cnc2N)CCC3)C[C@@H](C)O1,-8.063,-4.175,-12.238
HIT_0674,Cc1ccc(N2CC3(CC[C@H]3Oc3cc(F)c4c(c3)NCCO4)C2)c(O)c1,-6.941,-5.297,-12.238
HIT_0675,Cc1cc(-c2cc3c(cn2)CCN3C(=O)[C@@]2(N)C[C@@H]2C(F)(F)F)cnc1F,-7.15,-5.087,-12.237
HIT_0676,C[C@H]([C@H]1CCCCN1c1ccc2c(c1)NCC2)N1CCC[S@@](=O)c2ccccc21,-7.495,-4.742,-12.237
HIT_0677,Cc1ccnc(O)c1C(=O)N1CCc2ccc(N3C[C@@H](C)OC4(CCCC4)C3)cc2C1,-7.967,-4.27,-12.236999999999998
HIT_0678,Cc1ccc(O)c(N2CCc3ccc(N4CC[C@@](F)(C#N)C4)cc32)n1,-7.314,-4.922,-12.236
HIT_0679,O=C(c1ccc(F)c(O)c1)N1CCc2cc(O)ccc21,-7.292,-4.944,-12.236
HIT_0680,C[C@@H]1CNCC[C@H]1c1nc(-c2ccc3c(c2)CCN3C(=O)c2ccc[nH]2)no1,-7.089,-5.146,-12.235
HIT_0681,Cc1nnn(C)c1N1C[C@H](C(=O)N2CCc3c(ccc(F)c3F)C2)[C@H]1C,-7.146,-5.089,-12.235
HIT_0682,Cc1ccncc1Nc1cc(F)cc2nc([C@H]3CNC[C@H](C)C3)n(C)c12,-7.164,-5.071,-12.235
HIT_0683,Brc1csc2c1CN(c1ccc3c(c1)[C@]1(CCC3)COCCN1)CC2,-7.624,-4.611,-12.235
HIT_0684,N[C@H]1Cc2cc(N3CCc4ccc(F)cc4C3)cnc2C1,-7.251,-4.983,-12.234
HIT_0685,C[C@@H]1[C@H](C(=O)N2Cc3cccc(F)c3C2)CN1C(=O)c1ccc(N)c2ncccc12,-6.901,-5.333,-12.234
HIT_0686,CC(C)(N)C(=O)N1CCc2ccc(N3CCc4cc(O)ccc4C3(C)C)cc21,-8.004,-4.23,-12.234
HIT_0687,Fc1ccc2c(c1)CN([C@H]1CCCCN([C@H]3CCNc4ccccc43)C1)CCS2,-7.403,-4.831,-12.234
HIT_0688,Cc1cc(F)cc(-c2ccc3c(c2)CN(c2cc(O)cc(C#N)c2)CCO3)c1Cl,-7.677,-4.556,-12.233
HIT_0689,O=C1CC[C@H](N2CCC[C@]3(CCC[C@H]3O)C2)[C@H]1c1ccccc1,-7.981,-4.252,-12.233
HIT_0690,C[C@@H]1CNCC[C@@H]1N1CCc2cc(-c3ccc(F)cc3F)ccc21,-7.586,-4.646,-12.232
HIT_0691,Cc1c(F)ccc2nc([C@H]3CCN(C(=O)N4CCCNCC4)C[C@@H]3F)oc12,-7.045,-5.187,-12.232
HIT_0692,O=C1NCCc2cccc(N3CCc4cc(F)c(F)cc43)c21,-6.936,-5.295,-12.231
HIT_0693,Cc1cc(CN)oc1C(=O)N1CCc2ncc(N3CCN(CC#N)[C@@H](C)C3)cc21,-7.156,-5.075,-12.231
HIT_0694,Fc1cccc2c1[C@H](Nc1cncc(N3CCC4(COC4)C3)c1)CCC2,-7.003,-5.228,-12.231
HIT_0695,C[C@@H]1CCN(c2ccc(F)c(C#N)n2)[C@@H]1c1nc2c(F)ccc(F)c2o1,-7.637,-4.593,-12.23
HIT_0696,Cc1cc2c(c(N3CCc4nc(Cl)c(C#N)cc4C3)c1)CCNC2=O,-7.762,-4.467,-12.229
HIT_0697,Cc1ccncc1N1Cc2cccc(Oc3cncc(F)c3)c2C1,-7.158,-5.071,-12.229
HIT_0698,c1cc2c(cc1N1CCC3(CCCCO3)CC1)[C@]1(CCO2)COCCN1,-7.074,-5.154,-12.228
HIT_0699,N#CC1(F)CCN(c2c(Oc3ccc4c(c3)C(=O)CNC4)ccc3c[nH]nc23)CC1,-7.864,-4.363,-12.227
HIT_0700,Cc1cc([C@H](N)C(=O)N2C[C@@H](C)Oc3c(F)cccc32)ccc1F,-7.565,-4.661,-12.225999999999999
HIT_0701,O=C1NCCc2cc(N3CCNc4ccc(Cl)cc4C3)cc(F)c21,-7.136,-5.09,-12.225999999999999
HIT_0702,CS(=O)(=O)c1cc(N[C@H]2CCCc3cc(F)ccc32)ccc1F,-7.442,-4.783,-12.225000000000001
HIT_0703,C[C@@H](c1cc(-c2ccccn2)ccc1N)N1CCCc2nc(F)ccc21,-6.553,-5.672,-12.225
HIT_0704,COc1ccc(N2CCC3(CC2)OCc2ccc(C)cc23)c(N)c1C#N,-7.635,-4.59,-12.225
HIT_0705,C[C@@]1(F)CCCN(C(=O)N[C@H]2CCc3cc(F)ccc32)C1,-7.214,-5.01,-12.224
HIT_0706,O=C1C[C@@H](C(=O)N2Cc3cnc(N4CCc5ccc(F)cc5C4)cc3C2)N1,-6.756,-5.468,-12.224
HIT_0707,O=C([C@@H]1CCOC1)N1Cc2ccc(N3CCCc4ccc(O)cc4C3)cc2C1,-7.599,-4.624,-12.222999999999999
HIT_0708,N#CCc1ccccc1-c1ccc2c(c1)CCN2[C@H]1CCCNC[C@H]1F,-7.535,-4.687,-12.222000000000001
HIT_0709,CNC(=O)c1ccc(Oc2cc(N3CCc4ccncc43)ccc2C#N)o1,-7.15,-5.072,-12.222000000000001
HIT_0710,C[C@@H]1CN([C@@]2(C(=O)O)CC[C@H](C)N(C(=O)c3ccc([N+](=O)[O-])[nH]3)C2)Cc2ccccc21,-7.509,-4.712,-12.221
HIT_0711,CC1(C)CN([C@H]2COc3c(F)ccc(F)c3[C@@H]2O)Cc2cc(F)ccc21,-6.403,-5.818,-12.221
HIT_0712,N#Cc1ccc(N)cc1N1CCc2ccc(N3CCC[C@]34CCOC4)cc21,-7.513,-4.706,-12.219000000000001
HIT_0713,Cc1cc2c(cc1N1CCN(C)c3ncccc3C1)CN(C(=O)c1csc(Cl)c1)CC2,-7.59,-4.628,-12.218
HIT_0714,c1cc(-c2ccc3c(c2)CCNC3)cc(N2CC[C@@]23CCCOC3)n1,-7.296,-4.922,-12.218
HIT_0715,O=C(N1CCc2ccncc21)[C@]12CCC[C@@H]1CN(c1ccc3c(n1)NCCC3)C2,-7.703,-4.514,-12.217
HIT_0716,Nc1ncc(N2CC3(CCOCC3)C2)nc1C(=O)N1CCCc2cccc(F)c21,-7.165,-5.052,-12.216999999999999
HIT_0717,N#C[C@H]1CSCCN1c1cnc2c(c1)N(c1cccc3c1CCN3)CC2,-7.007,-5.21,-12.216999999999999
HIT_0718,O=C(c1nnc(Cl)o1)N1CCc2cccc(N3CC[C@H]3C3CCC3)c2C1,-7.227,-4.989,-12.216000000000001
HIT_0719,O=C1CCc2cccc(N[C@H]3CC[C@](F)(C(=O)N4CCc5c(F)cccc54)C3)c21,-6.862,-5.354,-12.216000000000001
HIT_0720,Fc1ccc2c(c1)CN(c1ccc3c(c1)CNCC3)CCN2,-6.978,-5.238,-12.216000000000001
HIT_0721,C[C@@H]1C[C@H](C)CN([C@@H]2CCc3ccc(N4CC(=O)CC(=O)C4)nc32)C1,-7.384,-4.831,-12.215
HIT_0722,C[C@@H]([C@@H]1CCN(c2ccc(Cl)c(O)n2)C1)N1CC2(CC2)c2cc(F)ccc21,-7.009,-5.204,-12.213000000000001
HIT_0723,C[C@H](c1ccc2c(c1)N([C@@H]1CNC(=O)C(C)(C)C1)CC2)N1CCCc2cc(O)ccc21,-7.125,-5.088,-12.213000000000001
HIT_0724,C[C@@H](NC(=O)[C@@]12CO[C@@H](CN1)C2)c1cccc(N2CCCc3cccc(F)c32)n1,-7.201,-5.012,-12.213
HIT_0725,O=C1CN(c2cccc3c2OCC3=O)CCCN([C@H]2CCNc3ncccc32)C1,-7.333,-4.879,-12.212
HIT_0726,O=C1CCCCN(C(=O)c2ccc(C(=O)N3CCc4c(Cl)cccc43)[nH]2)C1,-6.715,-5.497,-12.212
HIT_0727,C[C@@H]1NCCN(c2cc(N3CCc4cc(F)cc(F)c43)nn2C)[C@H]1C,-7.496,-4.716,-12.212
HIT_0728,Cc1cc(N2CCC[C@@H]([C@H](O)C(=O)N3CCCc4ccccc4C3)C2)cnc1O,-8.044,-4.167,-12.211
HIT_0729,C[C@H]1[C@H](C(=O)N2Cc3ccc(C#N)cc3C2)CN1c1ccc2c(c1)C(=O)COC2,-7.252,-4.959,-12.210999999999999
HIT_0730,Oc1c(F)cccc1N1Cc2ccc(N3CC[C@H](O)CC34CCC4)cc2C1,-7.236,-4.974,-12.21
HIT_0731,Cc1cc(C)c2c(c1)C[C@H]2N1CCNc2ccc(O)cc2C1,-7.114,-5.096,-12.21
HIT_0732,C[C@@H]1CC(N2CCc3cc(N)ccc3C2(C)C)=C[C@H](N2Cc3cccc(F)c3C2)C1,-7.615,-4.594,-12.209
HIT_0733,CC(C)(O)c1nc2c(F)ccc(F)c2n1-c1cccc2c1CCC2=O,-7.164,-5.045,-12.209
HIT_0734,N#Cc1ccc(N2CC[C@@H](N3CCc4c3ccc(F)c4F)C(F)(F)CC2)cc1O,-7.957,-4.25,-12.207
HIT_0735,Cc1nc(N2CCCNC[C@@H](N3C[C@H](C)c4ccccc43)C2)cnc1N,-7.497,-4.709,-12.206
HIT_0736,CN(C)c1ccc2c(c1)N(c1cccc3c1CCNC3)CC2,-6.891,-5.314,-12.205
HIT_0737,CC1=CC[C@H](C(=O)N2CCCc3c(F)cc(F)cc32)CN1C(=O)N1CCC(C)(N)CC1,-7.383,-4.821,-12.204
HIT_0738,Cc1cc([C@@H](C)N2CCc3ccc(-c4ccc(F)cc4)nc32)nn1C,-6.877,-5.326,-12.203
HIT_0739,C[C@@H]1C[C@@H](N2CCOc3ccc(F)cc3C2)CCN1c1cccc2c1CCCNC2,-7.084,-5.118,-12.202
HIT_0740,Oc1cccc(N2CCc3nc(N4CCC45CCCC5)ccc3C2)c1,-7.404,-4.797,-12.201
HIT_0741,C[C@@H]1CN(c2ccccc2)CCN1C(=O)[C@@H]1COc2cc(F)ccc2C1,-7.599,-4.602,-12.201
HIT_0742,O=C([C@H]1CCCC1(F)F)N1CCn2nc(N3CCCc4nc(Br)ccc43)nc2C1,-6.464,-5.736,-12.2
HIT_0743,Cc1cccc2c1CCN(c1cccc3c1OCCN3)C2,-7.045,-5.154,-12.199
HIT_0744,Fc1cccc2c1CN([C@@H]1CCNc3cc(Cl)ccc31)C2,-7.143,-5.056,-12.199
HIT_0745,CN1CCC[C@@H](c2nc3c(-c4ccc(F)cn4)cccc3o2)C1,-7.357,-4.842,-12.199
HIT_0746,Cn1ccc(=O)cc1N1CCCNC[C@@H](N2CCc3c(F)cccc3C2)C1,-7.507,-4.691,-12.198
HIT_0747,C[C@H]1CCCN[C@H]1c1nc2ccc(-c3ccc4c(c3)CC4)cc2o1,-7.413,-4.785,-12.198
HIT_0748,Cc1cnccc1-c1ccc2c(c1)[C@H](NC(=O)C1(F)CC(=O)C1)CCN2,-7.375,-4.823,-12.198
HIT_0749,O=C(c1cc2c(nc1Cl)CCNC2)N1CC(C(=O)N2CCc3ccc(Cl)cc32)C1,-6.958,-5.239,-12.197
HIT_0750,Cc1cnc(C(=O)N2CCc3ccc(Oc4nccc5c4CCN5)cc3C2)nc1,-7.706,-4.491,-12.197
HIT_0751,O[C@H]1CCc2cc(N3Cc4cc(F)c(F)cc4C3)ccc21,-7.565,-4.632,-12.197
HIT_0752,N#Cc1cc(F)cc(N2CCCc3cc(F)c(F)cc32)c1O,-6.934,-5.263,-12.197
HIT_0753,Cc1cc(N2CCc3c(O)ccc(F)c3C2)nnc1C,-7.158,-5.038,-12.196000000000002
HIT_0754,C[C@@]1(NC(=O)[C@@H]2CCN2c2ccc(F)c(O)c2)CCOc2c(F)cccc21,-7.938,-4.258,-12.196
HIT_0755,CCc1ccc(N2[C@@H]3CCC[C@@H]2CC(=O)C3)c(Nc2ccc3c(c2)NS(=O)(=O)C3)n1,-6.526,-5.669,-12.195
HIT_0756,Cc1cc(O)cnc1C(=O)N[C@H]1COc2c1cccc2N1CCC[C@@H](C)[C@H](C)C1,-6.749,-5.445,-12.193999999999999
HIT_0757,Cn1cc(Nc2ccc3c(c2)CNCCC3)cc1C(=O)N1CCCCC12CCOCC2,-7.101,-5.093,-12.193999999999999
HIT_0758,Nc1cc(C(=O)N2CCCC(=O)c3ccccc32)ccc1Cl,-7.507,-4.686,-12.193
HIT_0759,O=C(O)c1c(F)ccc2nc([C@@H]3CN(c4ccc(F)cc4)CC34CC4)oc12,-6.672,-5.52,-12.192
HIT_0760,CC(=O)N1CCOc2ccc(-c3ccc(N4CCCC5(CCCC5)C4)cc3F)cc21,-7.068,-5.124,-12.192
HIT_0761,C[C@@H]1[C@H](N2CCOCC2)CCN1c1cc2c3c(c1)nc(C[C@H]1OCc4ccccc41)n3CC2,-7.277,-4.915,-12.192
HIT_0762,C[C@H]1CN(c2ccc3c(n2)CCC3=O)CCC[C@@H]1N1CCCc2cnccc21,-7.411,-4.781,-12.192
HIT_0763,O[C@@H]1CCC[C@@H]2CN(c3ccc(F)c(Oc4cccc5c4CNC5)c3)C[C@H]21,-7.079,-5.113,-12.192
HIT_0764,N#C[C@@]1(F)CCN([C@H]2Cc3ccccc3[C@H]2Oc2cccc(O)c2N)C1,-7.381,-4.811,-12.192
HIT_0765,O=C1CCc2cccc(C(=O)N3CCCc4nc(Cl)ccc43)c21,-7.725,-4.467,-12.192
HIT_0766,C[C@@H]1N(c2ccc3c(c2)[C@H](N2CCc4cc(=O)n(C)cc42)CCN3)CCC1(F)F,-8.178,-4.013,-12.191
HIT_0767,Cc1cc(C)cc([C@@]2(F)CCN(C(=O)[C@H]3C[C@@H](N4CCc5cc6c(cc5C4)OCO6)C3)C2)c1,-7.416,-4.775,-12.191
HIT_0768,C[C@@H](c1ccc2c(c1)CNC(=O)CC2)N1CCc2c(O)cccc21,-7.326,-4.864,-12.19
HIT_0769,Nc1ccc(F)c(C(=O)N2CCCC[C@@H](N3CC[C@H](O)c4cccnc43)C2)c1,-7.882,-4.307,-12.189
HIT_0770,Cc1cncnc1C(=O)N[C@H]1C[C@@H](C(=O)Nc2c(C)cc(C)c3c2C(=O)CCO3)N(C)C1,-7.514,-4.674,-12.188
HIT_0771,C1=C(c2nc3cccc4c3n2CCO4)CCN(c2cccc3c2CNCC3)C1,-7.47,-4.718,-12.187999999999999
HIT_0772,N#Cc1ccc(N2CCCC[C@@H](N3CCOc4cccc(F)c4C3)C2)cc1F,-7.721,-4.466,-12.187000000000001
HIT_0773,Cc1ccc2n[nH]cc2c1-c1ccc2c(c1)CNCCC2,-7.075,-5.112,-12.187000000000001
HIT_0774,O=C(c1nn[nH]c1Cl)N1CC[C@H](N2CCC(F)(c3ccccc3)CC2)c2ccccc21,-7.205,-4.982,-12.187000000000001
HIT_0775,Cc1nc(OC[C@@H]2CCN([C@H]3CCOc4ccc(Cl)cc43)[C@H]2C)ccc1C#N,-7.12,-5.065,-12.185
HIT_0776,O=C(Nc1ccc(F)cc1F)[C@H]1NCCc2cc(F)ccc21,-7.627,-4.558,-12.184999999999999
HIT_0777,O=C1COc2cc(N3CCC[C@H](O)c4cc(F)ccc43)ccc21,-7.566,-4.617,-12.183
HIT_0778,CC(C)(O)[C@H]1CCN1c1cccc2c1CN(c1cc(F)ccc1C#N)CC2,-7.256,-4.927,-12.183
HIT_0779,Oc1ncc(F)cc1N1CCCc2cc3c(cc21)NCCC3,-7.846,-4.337,-12.183
HIT_0780,N[C@H]1CCc2cc(N3CCc4ccc(F)cc4C3)ccc21,-6.763,-5.42,-12.183
HIT_0781,COc1cccc2sc([C@H]3CCN(c4cccc5c4CCCNC5)C3)nc12,-7.33,-4.852,-12.182
HIT_0782,Cc1ccc(F)c(O)c1N1CCNc2ccc(C(=O)N3C[C@@H](C)O[C@@H](C)[C@H]3C)cc21,-7.171,-5.01,-12.181000000000001
HIT_0783,Cc1ccncc1-c1c(N2CCC(F)(F)[C@H]2C)ccc2c1OC[C@@H]2N,-7.516,-4.664,-12.18
HIT_0784,Cn1ncc(F)c1N1CCNC(=O)c2cc(N3CCC[C@]4(C)CCC[C@@H]34)ccc21,-8.065,-4.112,-12.177
HIT_0785,N#Cc1cccc(Oc2ccc(N)c(C(=O)N3CCc4cccc(F)c4C3)c2)c1F,-6.177,-6.0,-12.177
HIT_0786,C[C@H]1CN(c2ccc3c(c2)N(C(=O)c2cccc(F)c2Br)S(=O)(=O)C3)C[C@@H]1C#N,-7.219,-4.958,-12.177
HIT_0787,Cc1cnc(O)c(N2Cc3ccc(N4CC[C@H](C(=O)O)[C@@H]4C)cc3C2)c1,-7.367,-4.81,-12.177
HIT_0788,C[C@@H]1Cc2cc(F)ccc2CN1c1ccc2c(c1)OCCN2,-7.131,-5.045,-12.176
HIT_0789,N#Cc1c(F)cccc1N1CCCc2ccc(N3CC4(CCCCCO4)C3)nc21,-6.925,-5.25,-12.175
HIT_0790,CN1CCOC[C@H]1c1nc(-c2ccc3c(c2)N(C(=O)[C@@H]2CCOC2)CCO3)no1,-6.674,-5.5,-12.174
HIT_0791,Fc1cc(F)c2c(c1)CCN(c1ccc3c(c1)CCN3)C2,-7.574,-4.599,-12.173
HIT_0792,Cn1cccc(N2CCN(c3ccc4c(n3)CCC[C@@H]4O)C[C@@H]2c2cc(F)ccc2F)c1=O,-6.399,-5.774,-12.173
HIT_0793,Cc1ccc(C(=O)N2CCc3ccc(N4CCCCNCCNCC4)cc32)nn1,-8.092,-4.08,-12.172
HIT_0794,CC1=C(N2CCC(=O)[C@H](C)C2)CN(c2ccc3c(c2)OCC[C@@H]3N)CC1,-7.224,-4.948,-12.172
HIT_0795,CC1(C)NCC[C@H]1N1CCc2cc(-c3ccc4c(c3)CC4)ccc2C1,-7.214,-4.958,-12.172
HIT_0796,CCc1ccc(NC(=O)[C@@H]2[C@@H](O)CCCN2[C@@H]2Cc3cccc(F)c32)cc1,-7.377,-4.794,-12.171
HIT_0797,O=C([C@H]1C[C@H](F)CN1c1ccncc1O)N1CCc2c(F)cccc21,-7.19,-4.979,-12.169
HIT_0798,Fc1ccc2c(c1Br)CN(c1ccc3c(c1)NCC3)CC2,-6.849,-5.32,-12.169
HIT_0799,Fc1ccc2c(c1)[C@@H](Nc1cccc3c1C1(CCNCC1)CO3)CCC2,-7.644,-4.525,-12.169
HIT_0800,CCc1cccc2c1CCN(c1ccc3c(c1)[C@@H](N1CCC[C@@H](O)[C@@H]1C)CNC3)C2,-6.828,-5.341,-12.169
HIT_0801,O=C(N1CCc2ccc(N3CCCc4n[nH]cc43)cc21)C1(F)CCC1,-7.326,-4.842,-12.168
HIT_0802,C[C@H]1CC[C@H](c2nc3cc(N4CCCS4(=O)=O)ccc3o2)N1c1ccc(F)cc1C#N,-7.404,-4.764,-12.168
HIT_0803,O=C1CNCc2ccc(N3CCc4ncc(N5CCc6ccncc65)cc4C3)cc21,-7.445,-4.723,-12.168
HIT_0804,O[C@H]1COCC[C@]1(C#Cc1ccccc1)N1CCOc2ccc(Cl)cc21,-7.511,-4.656,-12.167
HIT_0805,C[C@@H](C#N)N1CCN(c2ccc3c(c2)[C@@H](N2CCc4ccncc42)CN3)CC1,-7.551,-4.615,-12.166
HIT_0806,Cc1ccnc(-c2ccnc(C(C)C)c2)c1CN1CCOc2cc(F)ccc2C1,-7.51,-4.656,-12.166
HIT_0807,Cc1cnc(N2CC[C@@H](C)[C@@H](N3CCCc4ccncc43)CC2)cc1N,-7.443,-4.722,-12.165
HIT_0808,CC[C@@]1(F)CCN(c2ccc3c(c2)N(C(=O)c2cnncc2C)CC3)C1,-7.223,-4.942,-12.165
HIT_0809,Cc1ccc(Oc2ccc3c(n2)CCCN3)c(N2CCc3ccccc3C2)n1,-7.296,-4.868,-12.164000000000001
HIT_0810,N#Cc1ncccc1Oc1cccc2c1CCN2c1cncc(N2CC[C@@](F)(C#N)C2)n1,-6.771,-5.393,-12.164
HIT_0811,Fc1ccc2c(c1)CN(c1ccc3c(c1)COC31CCNCC1)CC2,-6.979,-5.185,-12.164
HIT_0812,Cc1cccc(C)c1C(=O)N1CCc2ccc(N3CCC(=O)[C@H](C)C3)cc2C1,-6.733,-5.431,-12.164
HIT_0813,C[C@@H]1CCCC[C@H]1N(C)[C@H]1COc2cccc(N[C@H](C)c3ncccc3F)c2C1,-7.441,-4.721,-12.161999999999999
HIT_0814,Cc1nn(C)c(NC(=O)c2ccc3c(c2)CN(C)CC3)c1C#N,-7.431,-4.731,-12.161999999999999
HIT_0815,CC1(Oc2cnc(O)c(-c3ccnc(F)c3F)c2)CC2(CNC2)C1,-7.276,-4.886,-12.161999999999999
HIT_0816,O=C(O[C@@H]1Cc2ccc(N3CC[C@@]4(CCOC4)C3)cc2C1)c1cccc2c1OCC2,-6.859,-5.302,-12.161
HIT_0817,Cc1cccc(NC(=O)[C@@H]2N([C@@H]3CCOc4cccnc43)CCC2(F)F)c1,-7.108,-5.052,-12.16
HIT_0818,C[C@H]1[C@H](C(=O)N2Cc3cc(F)cnc3C2)CN1c1ccc2c(c1)C(C)(C)NC2=O,-7.655,-4.505,-12.16
HIT_0819,O=C(N1CCC2(CC1)OCc1cccc(F)c12)[C@@]1(F)CCN(c2ccc3c(c2)CCN3)C1,-7.31,-4.85,-12.16
HIT_0820,C[C@@H]1NCC[C@@H]1C(=O)N1CCc2ccc(N3CCCc4cccc(F)c4C3)cc21,-8.643,-3.516,-12.159
HIT_0821,Cc1c(F)ccc(-c2ccc3c(n2)CCN(C(=O)[C@]2(F)CCNC2)C3)c1F,-7.428,-4.73,-12.158000000000001
HIT_0822,Fc1ccc(F)c2c1CCN(c1ncc3c(n1)CCNC3)C2,-7.68,-4.478,-12.158
HIT_0823,Cc1ccc(O[C@H]2CCN(c3cccc4c3C3(CC3)C(=O)N4)C2)c(Cl)c1,-7.055,-5.102,-12.157
HIT_0824,Cc1ccc(-c2ccc(C#N)c(F)c2)cc1C(=O)N1CCC(=O)[C@@H]2CCC[C@H]21,-7.561,-4.596,-12.157
HIT_0825,Cc1c(O)ccc2c1CCCN2c1ccc2c(c1)[C@@]1(COCCN1)CO2,-7.633,-4.521,-12.154
HIT_0826,Cc1ccc(N2CCc3ccc(C(=O)N4CCCCC(F)(F)C4)cc32)c(O)n1,-8.096,-4.058,-12.154
HIT_0827,O=C(O)[C@@H]1Cc2ccccc2C[C@H]1c1nc2cc(F)ccc2s1,-7.057,-5.096,-12.153
HIT_0828,Cn1cc(N2CCCN(c3cc(F)c4c(c3)NCCO4)CC(=O)C2)ccc1=O,-7.583,-4.57,-12.153
HIT_0829,Cc1cc(N2CCCO[C@@H](C(=O)Nc3nc(C)n4c3CCCC4)C2)cn(C)c1=O,-6.771,-5.382,-12.152999999999999
HIT_0830,C[C@@H]1[C@H](C(=O)N2CCN3CCc4ccccc4[C@@H]3C2)CCN1c1ccc(F)c(O)c1,-6.664,-5.489,-12.152999999999999
HIT_0831,Cc1cc(C(=O)N2C[C@H]3CNCC[C@@H]32)nnc1N1CC[C@@H](c2ncccn2)C1,-6.772,-5.379,-12.151
HIT_0832,Oc1cccc2c1CC[C@H]2Nc1ccc2c(c1)[C@@]1(CC2)COCCN1,-6.802,-5.349,-12.151
HIT_0833,CC[C@@H]1C[C@H]1NC(=O)N1C[C@@H](C(=O)N2CCc3cc(C)ccc32)[C@]2(CCOC2)C1,-6.716,-5.435,-12.151
HIT_0834,CC1(C)[C@H](F)C[C@@H]1N1C[C@@H](C(=O)N2Cc3cccc(F)c3C2)[C@@H](N)C1=O,-7.556,-4.594,-12.15
HIT_0835,C[C@H]1CCN(c2ccc3c(n2)CCCN3[C@@H]2CCCc3c(F)cccc32)C[C@H]1O,-7.229,-4.921,-12.15
HIT_0836,C[C@@H]1C[C@@H](C(C)(C)O)N(c2ccc3c(c2)CCN3c2ccc3c(c2)C(=O)COC3)C1,-7.213,-4.937,-12.15
HIT_0837,Cc1c(C(=O)N2CCOCC3(CCCC3)C2)cccc1-c1ccccc1,-7.711,-4.439,-12.15
HIT_0838,C[C@@H]1CC[C@@H](c2nnc(-c3cccnc3)o2)N([C@H]2c3cc(F)ccc3C[C@H]2C)[C@H]1C,-7.079,-5.071,-12.149999999999999
HIT_0839,C[C@H]1CN(C(=O)c2cccnc2)C[C@@H](C(=O)N2CCCCc3ncccc32)O1,-7.343,-4.806,-12.149000000000001
HIT_0840,O=C1C[C@@H](N2CC(F)(C(=O)N3CCCc4ccc(O)cc43)C2)c2nccnc21,-7.079,-5.07,-12.149000000000001
HIT_0841,CC1(NC(=O)c2ccc(N3Cc4ncnc(Oc5ccc(F)cc5C#N)c4C3)cc2)COC1,-7.734,-4.415,-12.149000000000001
HIT_0842,C[C@H]1CN(c2nc(-c3ccc(Cl)cc3F)c(Cl)[nH]2)CC[C@]1(C)O,-6.812,-5.335,-12.147
HIT_0843,O=C1NCCN1c1cccc(N2CCC3(CCCC3)CC2)c1,-7.254,-4.893,-12.146999999999998
HIT_0844,CC1=C(N2CC[C@@](F)(C#N)C2)CN(c2ccc(C#N)c(N3CCNCC3)c2)CC1,-7.308,-4.838,-12.146
HIT_0845,O=C(c1cnoc1)N1CCc2ncc(N3CCCc4ccc(F)cc4C3)cc2C1,-7.372,-4.774,-12.146
HIT_0846,O=C(N[C@@]1(C(F)(F)F)CCOC1)c1nc(N2CCCc3ccc(F)cc3C2)cs1,-6.916,-5.23,-12.146
HIT_0847,Cc1n[nH]cc1-c1cc(F)cc2c1NC(=O)C2=CC1CCCCC1,-8.081,-4.064,-12.145
HIT_0848,Cc1nc(C(=O)N2CCc3ccc(N4CC[C@@]45CCOc4ccc(F)cc45)cc3C2)oc1C,-7.213,-4.932,-12.145
HIT_0849,Cc1cc(F)cc2c1N(c1cnc3c(c1)N(C(=O)N1CCOC[C@@H](C)C1)CCN3)CCC2,-7.857,-4.288,-12.145
HIT_0850,C[C@@H]1Oc2c(cccc2N2CCc3cc(F)cc(F)c32)NC1=O,-7.436,-4.709,-12.145
HIT_0851,Cc1cc(C(F)(F)N2CC(=O)C[C@H]2C(=O)N2CCc3ccc(F)cc32)n[nH]1,-6.742,-5.403,-12.145
HIT_0852,N#Cc1ccc(F)c(N2CCCn3nc(C#N)cc3C2)c1,-6.96,-5.184,-12.144
HIT_0853,N#Cc1ccccc1N1CCc2ncc(N3CCC4(CCOCC4)C3)cc21,-6.828,-5.316,-12.144
HIT_0854,CC1(C)CN(c2cccc3c2CC[C@@H]3O)[C@@H]1C(=O)Nc1cncc(F)n1,-6.968,-5.175,-12.143
HIT_0855,N#Cc1ccc(F)cc1N1CCc2nc(N3CCCC34CCNCC4)ccc2C1,-7.155,-4.988,-12.143
HIT_0856,Cc1cc(F)cc(N2CCc3ncc(N4CCCNC(C)(C)C4)cc32)n1,-7.53,-4.612,-12.142
HIT_0857,CC[C@@H]1C[C@@H](N2CCCc3ccc(-c4ccc5c(c4)CCC5)cc3C2)CCN1,-7.241,-4.901,-12.142
HIT_0858,C[C@@H]1CN(c2cccc(-c3ccc(F)cc3C#N)c2)CCN1C(=O)[C@H]1CN[C@@H]1C,-7.117,-5.025,-12.142
HIT_0859,C[C@@H]1CC[C@@H](C)C1N(c1ccc2c(c1)OCCN2)[C@@H]1CCCCCC(=O)[C@H]1F,-6.812,-5.329,-12.141
HIT_0860,N[C@@H](C(=O)N1CCc2c(F)cccc2C1)c1c(F)cccc1F,-7.077,-5.064,-12.141
HIT_0861,Cc1cccc(C(C)(C)N[C@H]2C[C@@H](C)c3c(F)ccc(O)c32)n1,-7.193,-4.948,-12.141
HIT_0862,Oc1cc(F)c(F)cc1-c1ccc2c(c1)OCC[C@@]21CCN1,-7.488,-4.653,-12.141
HIT_0863,C[C@@H]1C[C@H](C)CN(c2ccc3c(c2)CN(c2c(F)ccc(C#N)c2O)C3)C1,-7.219,-4.92,-12.139
HIT_0864,C[C@]1(c2c(F)cccc2F)C[C@@H]1Nc1ccc2c(c1)C(=O)COC2,-7.011,-5.128,-12.139
HIT_0865,Cc1cc2c(c(N3C=CN4CCN(C(=O)[C@@H](C)c5cccc(N)c5)C[C@@H]43)c1)CCNC2=O,-8.165,-3.973,-12.137999999999998
HIT_0866,N#Cc1cc(N2CCc3ccc(N4C[C@H]5[C@H](C4)[C@@H]4CS(=O)(=O)C[C@H]54)cc3C2)ccc1F,-7.328,-4.809,-12.137
HIT_0867,O=C([C@H]1CC[C@@H](c2nc3ccc(F)cc3o2)N1)N1CC2(CCOC2)C1,-6.903,-5.234,-12.137
HIT_0868,O=C(C1=CCCCN1)N1CCCc2ccc(N3CCCCc4ccccc43)cc2C1,-7.957,-4.179,-12.136
HIT_0869,CC1(C)C[C@@H](c2nc3cc(F)ccc3o2)N(c2ccc(F)c3c2NC(=O)C3)C1,-6.841,-5.295,-12.136
HIT_0870,C[C@H]1[C@H](C(F)(F)F)CCCN1C(=O)C1(F)CCN(C(=O)c2ncccc2N)CC1,-7.286,-4.85,-12.136
HIT_0871,Cc1cccc(N2CCC[C@]3(CCCN(c4ccc5c(c4)CCNC5=O)C3)C2)c1C(N)=O,-7.05,-5.085,-12.135
HIT_0872,C[C@@]1(c2nc3cc(N4CC[C@H](O)[C@H](F)C4)cc4c3n2CC4)CCCO1,-7.04,-5.094,-12.134
HIT_0873,Cc1ccc(O)c(N2CCC[C@]23CCN(c2ccc(C#N)cc2)C3)c1,-6.898,-5.234,-12.132
HIT_0874,O=C([C@@H]1CSCCN1)N1CCCc2ccc(-c3ccc(F)cc3)nc21,-7.93,-4.201,-12.131
HIT_0875,O=C([C@H](O)c1ccc(F)cc1)N1CC[C@@]12CCOc1cc(F)ccc12,-7.517,-4.613,-12.13
HIT_0876,C[C@H]1CNCc2cc(N3CCc4ccc(N5[C@@H](C)CCC[C@@H]5C)cc43)ccc2O1,-7.462,-4.668,-12.129999999999999
HIT_0877,C[C@H]1C[C@H](C(=O)N2CCc3nc(N4CCCNc5ccccc5C4)ccc32)N1,-7.163,-4.967,-12.129999999999999
HIT_0878,c1cc(Oc2cccc3c2COC32CCNCC2)cc(N2CCC3(CCO3)CC2)c1,-6.572,-5.558,-12.129999999999999
HIT_0879,C[C@@H]1[C@H](C(=O)N2CCC[C@@H](O)c3cc(F)ccc32)CCN1c1ccncc1C#N,-6.944,-5.184,-12.128
HIT_0880,O=C1NCc2cc(N3CCCCNc4ccccc43)ccc21,-7.334,-4.793,-12.126999999999999
HIT_0881,Cc1[nH]c(C)c(N2CCC[C@]3(O)CCc4ccccc4[C@@H]23)c(=O)c1Cl,-7.193,-4.931,-12.123999999999999
HIT_0882,O=C1CCNc2c1cccc2N1CCc2ccc(F)cc2C1,-6.629,-5.495,-12.123999999999999
HIT_0883,O=c1cncc(N2CCc3cccc(N4CCC5(CCCCC5)C4)c3C2)[nH]1,-7.661,-4.463,-12.123999999999999
HIT_0884,C[C@@H]1CN(c2ccc3c(c2)[C@@]2(CCO3)CCN2c2ccccc2F)CCN1C,-7.249,-4.875,-12.123999999999999
HIT_0885,Cc1cnc(O)c(N2CCc3cccc(C)c3C2)c1,-7.299,-4.824,-12.123000000000001
HIT_0886,O=C(Nc1ccc(F)cc1-c1ccnc(O)c1)[C@H]1CC[C@@]2(CCNC2)CC1,-7.821,-4.302,-12.123
HIT_0887,Cc1cnc(NC(=O)[C@H]2C[C@H](C)N2[C@@H]2CCc3ccc(F)cc3C2)c(F)c1,-7.67,-4.452,-12.122
HIT_0888,N#Cc1c(F)ccc(F)c1N1CC[C@@](F)(C(=O)Nc2cccc(F)c2F)C1,-6.627,-5.495,-12.122
HIT_0889,O=C([C@H]1CCCN1c1ccccc1O)N1CCc2cccc(Cl)c21,-7.123,-4.998,-12.121
HIT_0890,C[C@H]1[C@@H](C(=O)N2CCc3c(F)cc(F)cc3C2)CCN1C(=O)[C@@H](N)c1ccco1,-7.31,-4.811,-12.120999999999999
HIT_0891,O=c1c(F)c[nH]cc1N1CC[C@@](O)(c2nc3c(F)cccc3s2)C1,-7.026,-5.095,-12.120999999999999
HIT_0892,C[C@@]1(F)CCC[C@H]1N(c1ccc2c(n1)NCCC2=O)[C@H]1CCCCCC(=O)[C@@H]1F,-7.649,-4.471,-12.120000000000001
HIT_0893,Nc1ccc(F)c(N[C@@H]2CCCc3c(F)cccc32)c1F,-7.084,-5.035,-12.119
HIT_0894,Cc1ccnc(C#N)c1N1C[C@@H](C)C[C@@H](c2nc3cccc4c3n2[C@@H](C)CNC4)C1,-7.094,-5.024,-12.118
HIT_0895,Cn1ccc(N2CCOc3cccc(N4CCCC45CCC5)c3C2)c1C(=O)O,-7.405,-4.713,-12.118
HIT_0896,C[C@@H]1CCNC[C@@H]1C(=O)N(c1ccc(O)nc1)[C@@H]1COc2c(F)ccc(F)c21,-7.11,-5.008,-12.118
HIT_0897,O=C1CC2(C1)CN(c1ccc3c(c1)OC[C@@H]3Nc1ccc3c(c1)[C@H](O)CC3)C2,-7.03,-5.088,-12.118
HIT_0898,C[C@H]1CCCCN(c2cnc3c(c2)CCN(c2ccncc2O)C3)C1,-7.245,-4.872,-12.117
HIT_0899,c1ccc2c(c1)CCN(c1ccc3c(c1)CNCC3)C2,-7.459,-4.658,-12.117
HIT_0900,Cc1cc(N2CC[C@@H](c3nc4cncc5c4n3CCC5)C2)cnc1O,-7.201,-4.915,-12.116
HIT_0901,O[C@@H]1Cc2ccc(N3CCCc4cc(Br)ccc4C3)cc2C1,-7.344,-4.772,-12.116
HIT_0902,COc1ccc(-c2ccc3c(c2)N(c2cccc4c2CCN4)CCO3)cn1,-7.012,-5.103,-12.114999999999998
HIT_0903,CC1(C)C[C@H](N2CCc3ccc(N4CCc5cccnc54)cc32)CN1,-7.332,-4.782,-12.114
HIT_0904,Fc1cccc2c1OCCN(c1ccc3c(c1)CNCC3)C2,-7.922,-4.191,-12.113
HIT_0905,Cn1cc(N2Cc3ccc(-c4ccnc(Cl)c4)cc3C2)ccc1=O,-7.565,-4.548,-12.113
HIT_0906,O[C@@H]1CCN(c2ccc3c(c2)[C@@H](O)CO3)c2ccccc21,-7.031,-5.081,-12.112
HIT_0907,COc1cc(N)nc(N2CC[C@H](N3C[C@H](C)Oc4ccc(F)cc43)[C@H](C)C2)c1,-7.24,-4.872,-12.112
HIT_0908,O=C(c1ccc2c(c1)NCCC2)N1CCCc2ncccc2C1,-7.476,-4.636,-12.112
HIT_0909,Cc1nc2c(c(Oc3ccc(F)c4c3CNCC4)n1)CN(C1CCCC1)C2,-7.481,-4.63,-12.111
HIT_0910,Clc1ccc2c(c1)[C@H](N[C@@H]1CCNCc3ccccc31)CC2,-7.115,-4.996,-12.111
HIT_0911,O=C(N1CCOc2ccc(N3Cc4ccc(O)cc4C3)cc21)C1(F)CNC1,-7.655,-4.455,-12.11
HIT_0912,O=C(F)C(F)(F)C(F)(F)C(F)(F)C(=O)N1CCC[C@@H](N2Cc3ccc(Cl)cc3C2)C1,-7.3,-4.81,-12.11
HIT_0913,C[C@@H]1[C@H](C(=O)N2CCc3cc(F)ccc3C2)CCN1c1c(O)cccc1C#N,-6.941,-5.169,-12.11
HIT_0914,C[C@@H]1CCN(c2ccc(=O)n(C)c2)[C@@H]1C(=O)N1CCc2cccc(F)c21,-7.531,-4.578,-12.109
HIT_0915,N#Cc1cc(N2CCCCc3ccncc32)c(F)cc1O,-7.149,-4.959,-12.108
HIT_0916,Cc1cc(N)ccc1-c1c[nH]nc1C(=O)N1CCN(c2cccc3c2C[C@H](O)C3)[C@H](C)C1,-6.149,-5.959,-12.108
HIT_0917,CC1(Oc2cnccc2C#N)CN(Cc2cc(N3CCCc4ccc(O)cc43)c[nH]2)C1,-7.06,-5.047,-12.107
HIT_0918,Oc1cc(N[C@@H]2CCOc3cc(F)c(F)cc32)ccc1N1CCC[C@]12CCO2,-6.753,-5.354,-12.107
HIT_0919,Cc1ccc(Oc2ccc(N3CCC4(CCO4)CC3)nc2)cc1N1CCCC2(COC2)C1,-7.353,-4.754,-12.107
HIT_0920,C[C@H]1CC[C@H](N2CCCc3ccc(-c4ccc(CC#N)cc4F)nc32)CN1,-7.099,-5.007,-12.106
HIT_0921,C[C@@H]1C[C@@H](C)CN(c2ccc3c(c2)OCCN3c2cc(F)ccc2O)C1,-7.138,-4.967,-12.105
HIT_0922,Cc1cccc([C@@H](C)NC(=O)[C@@H]2CC[C@H]3N=CN[C@H]3C2)c1C,-7.129,-4.976,-12.105
HIT_0923,C[C@H]1CN([C@@H]2CCc3ccc(F)cc3C2)CCC[C@@]1(C)O,-7.269,-4.836,-12.105
HIT_0924,C[C@H]1C[C@H](N2Cc3ccc(F)cc3C2)CCN1c1ccc2c(c1)NCCC2=O,-6.867,-5.236,-12.103
HIT_0925,C[C@@H]1C[C@@H](N2CCc3cc(-c4cccs4)ccc32)CCN1,-6.864,-5.238,-12.102
HIT_0926,O=C(c1cccnc1)N1C[C@@H]2CCCN(c3ccc4c(n3)CCCN4)[C@H]2C1,-7.456,-4.646,-12.102
HIT_0927,N#Cc1cccc2c1CCN(c1ccc3c(c1)CNCC3)C2,-7.245,-4.857,-12.102
HIT_0928,COc1cc(C(=O)N2CCCc3c(Br)cccc3C2)cc2c1CCN2,-6.772,-5.329,-12.100999999999999
HIT_0929,O[C@@]1(Oc2nc3ccccc3[nH]2)CCN([C@@H]2CCOc3cc(F)ccc32)CC1(F)F,-7.753,-4.348,-12.100999999999999
HIT_0930,Cc1cc(C(=O)N2CCCCC3(CCC3)C2)ccc1Nc1c(F)cncc1F,-7.019,-5.082,-12.100999999999999
HIT_0931,C[C@@]1(C(=O)N2CCc3cccc(F)c3C2)CCN1c1cccc(C#N)c1O,-7.283,-4.817,-12.100000000000001
HIT_0932,N#Cc1cc(N2CCC3(CC2)OCc2cc(F)ccc23)cc(Cl)n1,-7.219,-4.881,-12.100000000000001
HIT_0933,N#C[C@]1(F)CCN(c2cc3c([nH]2)CCC[C@@H]3N2CCc3cc(F)ccc3C2)C1,-7.056,-5.044,-12.1
HIT_0934,C[C@@H]1[C@@H](C(=O)N2CCCC[C@@]23CCOC3)CCCN1c1ccc2c(c1)CCN2,-7.583,-4.515,-12.097999999999999
HIT_0935,Cc1c(N2Cc3nccnc3C2)ccc2c1C(=O)N([C@@]1(C(=O)O)COc3ccc(Cl)cc31)C2,-7.074,-5.024,-12.097999999999999
HIT_0936,C[C@H]1CCN(c2ccc3c(n2)N(C(=O)c2[nH]cc4c2CCCC4)CCC3)[C@@H](C)C1,-7.347,-4.75,-12.097000000000001
HIT_0937,C[C@]1(C(=O)N2CCOc3cc(F)ccc32)CCN(c2ccccc2O)C1,-7.595,-4.502,-12.097
HIT_0938,O=C1NCCn2c(N[C@H]3CCc4c(F)ccc(F)c43)ccc21,-7.537,-4.56,-12.097
HIT_0939,O=C1NCCCc2c1cccc2N1C[C@H]1c1ccc(Cl)cc1,-6.82,-5.276,-12.096
HIT_0940,O=C1CN(c2cnn3c2CNCC3)CCCN([C@H]2CCNc3cccc(F)c32)C1,-7.576,-4.52,-12.096
HIT_0941,CN1CCNc2ccc(N3CCc4ccc(O)cc4C3)cc21,-7.625,-4.47,-12.094999999999999
HIT_0942,C[C@@H]1C[C@@H](N2CCc3c(F)cccc32)CCN1c1cccc(CN)c1,-7.415,-4.68,-12.094999999999999
HIT_0943,Cc1nn(C)c(OC2(CC#N)CN([C@H]3CCc4cc(F)cc(F)c43)C2)c1C#N,-7.55,-4.545,-12.094999999999999
HIT_0944,O=C1CCN(c2ccc3c(c2)CCN(c2ccccc2C2=NCCN2)C3)C[C@@H]1CC1CC1,-6.77,-5.324,-12.094
HIT_0945,C[C@]1(c2nn[nH]n2)CCCN(c2cccc3c2C2(CC2)C(=O)N3)C1,-7.783,-4.309,-12.092
HIT_0946,O=C(Cc1ccc(O)cc1N1CCC2(CC1)COc1ncccc12)N1CCn2c(Br)cnc2C1,-8.019,-4.073,-12.092
HIT_0947,CC1(C)CN(c2cnn3c2NCCC3)Cc2c(C#N)cccc21,-7.059,-5.032,-12.091000000000001
HIT_0948,Cc1cncc(C)c1N1CCC[C@@H](Oc2ccc3c(c2)CNCCC3)[C@H](C)C1,-6.306,-5.785,-12.091000000000001
HIT_0949,Cc1ccc(F)c2c1CCN2c1ccc2c(c1)CCN2C(=O)C1CNC1,-7.459,-4.632,-12.091
HIT_0950,Cc1cncc(NC(=O)[C@H]2C[C@@H](C)CO2)c1C(=O)N1Cc2cccc(C#N)c2C(C)(C)C1,-7.924,-4.166,-12.09
HIT_0951,CC(C)c1c2c(nc3ncccc13)-c1ccccc1N(C(=O)[C@@H]1CC(C)(C)CCN1)C2,-7.944,-4.146,-12.09
HIT_0952,Cc1cc(-c2cccc3c2CCCN(C(=O)[C@@H]2CCNC2)C3)ncc1F,-7.065,-5.025,-12.09
HIT_0953,Cc1cc(F)c(Nc2ccnc([C@H]3CCCN3)c2)cc1C(=O)N1CCc2ccccc21,-7.487,-4.603,-12.09
HIT_0954,O=C([C@@H]1CCCN(c2ccc3c(c2)NCC3)CC1)N1CCCc2cc(F)c(F)cc21,-7.19,-4.899,-12.089
HIT_0955,Fc1ccc([C@@]2(F)CCN(c3ccc4c(c3)CCN4)C2)cc1,-7.706,-4.383,-12.089
HIT_0956,Cc1cc([C@@H](C)Nc2ccc3c(c2)N(C)C(=O)CC3)ncc1Br,-7.03,-5.058,-12.088000000000001
HIT_0957,C[C@H]1CCN(c2ccc(O)c(N3CCC4(CCCC4)C3)n2)C[C@@H]1C,-7.442,-4.646,-12.088000000000001
HIT_0958,C[C@@H]1CCCCN(C(=O)c2cc(NC(=O)c3nc(Br)n(C)c3C(=O)O)cc3cn[nH]c23)C1,-6.757,-5.331,-12.088000000000001
HIT_0959,Cc1ncccc1N(C)c1cncc(Nc2ccc(C#N)c(F)c2)c1,-6.849,-5.238,-12.087
HIT_0960,CC[C@@H]1CN(c2ccc3c(c2)N(c2cc(F)cc4c2COC4=O)CC3)CC[C@H]1O,-7.952,-4.135,-12.087
HIT_0961,COc1ncc(Oc2c(F)cc(C#N)cc2F)cc1N1CCOc2ccc(F)cc21,-6.731,-5.356,-12.087
HIT_0962,CC1(C)C[C@]1(NC(=O)c1ccnc(Cl)c1)C(=O)N1CCCc2ccc(F)cc2C1,-7.431,-4.655,-12.086
HIT_0963,Cc1ncc(NC(=O)[C@H]2CN([C@H]3COCc4c(F)cccc43)CCO2)cn1,-6.902,-5.183,-12.085
HIT_0964,C[C@H]1CCCN(c2ccc3c(c2)N(c2cnn(C)c2N)CC3)CC1,-7.81,-4.275,-12.085
HIT_0965,Cc1ccc(N2CCC[C@H](C(=O)N3CCc4ccc(O)cc4C3)C2)c(F)n1,-7.219,-4.864,-12.083
HIT_0966,C[C@H]1CN(c2cc3c(cc2N)CCCO3)c2ccc(F)cc2O1,-6.447,-5.635,-12.082
HIT_0967,C[C@@H]1CN(c2ccc(C(=O)N3CCCc4cccc(F)c4C3)nc2)CC1(F)F,-7.191,-4.891,-12.082
HIT_0968,C[C@@H]1CN(c2cccc3c2CCN3)[C@@H](C(=O)N2CCc3ccc(F)cc32)[C@@H](C)O1,-6.785,-5.296,-12.081
HIT_0969,Cc1ccc(F)c(NC(=O)[C@@H]2C[C@@H](C)CN2c2c(C)ccc(F)c2O)c1,-6.373,-5.707,-12.08
HIT_0970,C[C@@H](O)[C@@H]1CNc2cc(N3CCc4ccc(F)cc43)ccc21,-7.528,-4.552,-12.079999999999998
HIT_0971,O=C(O)C1(C(=O)NCc2cccc(N3CCc4cccc(F)c43)c2)CC1,-6.818,-5.262,-12.079999999999998
HIT_0972,Cc1ccnc(N2CC3(CC3)C[C@H]2C(=O)N2CCc3cc(F)cc(F)c3C2)c1,-7.951,-4.129,-12.079999999999998
HIT_0973,N#Cc1ccc(CCCN2CCNc3ccc(-c4ccncc4)cc32)cc1,-7.156,-4.923,-12.079
HIT_0974,C[C@H](CN1CCc2c(cccc2N2CCC23CCCC3)C1)Nc1ccc(O)cc1F,-7.787,-4.292,-12.079
HIT_0975,c1cc2c(cn1)N([C@@H]1CCNc3cc(N4CC[C@@]5(CCO5)C4)ccc31)CC2,-7.538,-4.541,-12.079
HIT_0976,O=C([C@@H]1CNCCCO1)N1CCc2ccc(N3CCCCc4ccncc43)cc2C1,-7.216,-4.862,-12.078
HIT_0977,Cc1cnc(C)c(N2CC[C@@](C)(c3nc4cncc5c4n3CCC5)C2)n1,-7.188,-4.889,-12.077
HIT_0978,CC1=C(N2CCC[C@](F)(C#N)C2)CN(c2cnc3c(c2)CNCC3)CC1,-6.887,-5.19,-12.077
HIT_0979,Cc1c(F)cccc1-c1cc2c(nn1)CN(c1ccc3c(c1)CC[C@@H]3O)CC2,-7.015,-5.062,-12.077
HIT_0980,Cn1c(N[C@]2(C(=O)N3CCC(F)(F)[C@H](F)C3)CC[C@H]2c2ccccc2)cncc1=O,-7.276,-4.801,-12.077
HIT_0981,C[C@@H]1[C@@H](C(=O)N[C@H]2CC(=O)c3ccccc32)CCN1c1ccc(O)cn1,-7.493,-4.583,-12.076
HIT_0982,FC(F)(F)c1ccc2c(n1)CCCN2c1cccc2c1CCCNC2,-7.723,-4.353,-12.076
HIT_0983,C[C@H]1CC(=O)CCN1c1cccc2c1CCN2c1ccnc2c1CNC2,-7.076,-5.0,-12.076
HIT_0984,C[C@H]1C[C@H](NC(=O)C=C2CN([C@@H]3CCc4cccc(Cl)c43)C2)c2nccn21,-6.099,-5.977,-12.076
HIT_0985,C[C@H]1CC(=O)Nc2ncccc2N1[C@@H]1CCCN([C@@H]2COc3c(F)cccc32)CC1,-7.006,-5.07,-12.076
HIT_0986,Cn1cc(C(=O)N2CC(F)(F)C[C@H]2C(=O)N2CCCc3ccc(F)cc32)c(O)n1,-7.297,-4.779,-12.076
HIT_0987,C1=C(c2ccc3c(c2)CN(c2ccc4c(c2)CCN4)CC3)CCOC1,-7.7,-4.375,-12.075
HIT_0988,CN(c1ccc(C(F)(F)F)nc1)[C@H]1CCCCN(c2ccc3c(c2)OC[C@H]3O)C1,-7.314,-4.761,-12.075
HIT_0989,CC(C)(c1ccccc1)c1nc2cccc3c2n1CCC3,-6.926,-5.149,-12.075
HIT_0990,CC[C@H]1CN(c2ccc(O)cc2F)CC[C@H]1N1CCOc2cc(F)ccc21,-7.203,-4.87,-12.073
HIT_0991,CN(C(=O)c1cccc2nc(-c3cncc4c3CCC4)oc12)[C@@H]1CCCSC1,-7.81,-4.263,-12.073
HIT_0992,C[C@@H]1[C@H](C(=O)O)CN1c1ccc2c(n1)NCC[C@@H]2N1Cc2ccc(F)cc2C1,-7.152,-4.921,-12.073
HIT_0993,Oc1cccc(N2CCc3cccc(N4CC5(CC[C@@H](O)C5)C4)c32)c1,-7.891,-4.182,-12.073
HIT_0994,O=C([C@@H]1NCC[C@H]1O)N1CCCc2ccc(N3CCOCc4ccccc43)cc2C1,-6.87,-5.203,-12.073
HIT_0995,Cc1c(Br)ccc2c1CN(c1cccc3c1[C@@H](N)CC3)CC2,-6.922,-5.151,-12.073
HIT_0996,Cc1ccc(Oc2ccccc2C#N)cc1N1CC[C@@H](C)[C@](C)(O)CC1,-7.135,-4.937,-12.072
HIT_0997,CCc1ccc2c(c1)N(c1ccc3c(c1)C(=O)CCO3)CC2,-6.811,-5.261,-12.072
HIT_0998,Cc1cccc([C@H]2CCCN2[C@H]2CCCNc3ccccc32)n1,-7.417,-4.655,-12.072
HIT_0999,CC[C@H]1CNCC[C@@H]1N1CCc2c(N3CCCc4cc(F)c(F)cc43)cncc21,-6.856,-5.216,-12.072
HIT_1000,Cc1cccnc1C(=O)N1CC(C(=O)N2CCc3ccc(C)c(F)c3C2)C1,-6.967,-5.104,-12.071
